sample_role,parent_asin,proposed_device_type,source_domains,main_category,title,categories_evidence,limited_metadata_evidence,original_exclusion_reason,exclusion_gate_categories,supporting_metadata_fields,matched_device_terms,matched_smart_terms,proposed_decision,confidence,audit_label,audit_notes,draft_version,sampling_rank
positive_control,B07MTKMD36,smart_bulb,Electronics,Health & Personal Care,Philips Hue White and Color Ambiance E12 Decorative Candle 6W Equivalent Dimmable LED Smart Bulb (Compatible with Amazon Alexa Apple HomeKit and Google Assistant) (Renewed),Electronics Portable Audio & Video MP3 & MP4 Player Accessories,,,,title,,,retain_baseline,baseline,correct_target,Positive control retained from frozen W3 v1.3.2.,w3-v1.4.0-draft,16d48ef7f65885d456abedc85575baf0eb3df22bddc0c2c11b65de6ea898f6bd
positive_control,B00JDT11CU,smart_bulb,Electronics,Home Audio & Theater,"Sengled Pulse LED Smart Bulb with JBL Bluetooth Speaker, App Controlled Up to 8 BR30 LED Light Bulbs with Starter Kit, E26 Base, Compatible with Amazon Alexa, Candy Apple Red, 2 Pack",Electronics Home Audio Wireless & Streaming Audio,,,,title,,,retain_baseline,baseline,correct_target,Positive control retained from frozen W3 v1.3.2.,w3-v1.4.0-draft,2b5de7f5be09b0357b2a6985a04a25e1a119782500ef8b21a44d875295edbd28
positive_control,B0B3S9W38J,smart_bulb,Home_and_Kitchen,Tools & Home Improvement,"KAUF A15 RGBWW Smart Bulb with ESPHome, Compatible with Tasmota, Made for Home Assistant",Home & Kitchen Home Décor Products,,,,title,,,retain_baseline,baseline,correct_target,Positive control retained from frozen W3 v1.3.2.,w3-v1.4.0-draft,468b366ba33bc36f5aeeca3272edb5723fab0f9c5c3c0ae347b47f059ebd83f7
positive_control,B07YPD1BHD,smart_bulb,Electronics,Amazon Devices,"Ring PAR38 Smart LED Bulb, White (Bridge required)",,,,,title,,,retain_baseline,baseline,correct_target,Positive control retained from frozen W3 v1.3.2.,w3-v1.4.0-draft,55a8c64c8acf6e6e1037c548893a6521122351c4aa2234505b2cd92305bab97d
positive_control,B07YP9Q65C,smart_bulb,Electronics,Amazon Devices,"Ring PAR38 Smart LED Bulb, Black (Bridge required)",,,,,title,,,retain_baseline,baseline,correct_target,Positive control retained from frozen W3 v1.3.2.,w3-v1.4.0-draft,bd41467e4abea57e60580088cd5e6a764542ea6b20cda4d2503e55d9a0b85e85
positive_control,B0B3SLPYQ7,smart_bulb,Home_and_Kitchen,Tools & Home Improvement,"KAUF A19 RGBWW Smart Bulb with ESPHome, Compatible with Tasmota, Made for Home Assistant (4)",Home & Kitchen Home Décor Products,,,,title,,,retain_baseline,baseline,correct_target,Positive control retained from frozen W3 v1.3.2.,w3-v1.4.0-draft,e037ac3ef8293adaaec8d277d4370d907650fc8e0b2e3c79046ae732753e716c
positive_control,B082JPGQ2S,smart_bulb,Electronics,Amazon Devices,"Ring PAR38 Smart LED Bulb, White (Starter Kit: 2-pack)",,,,,title,,,retain_baseline,baseline,correct_target,Positive control retained from frozen W3 v1.3.2.,w3-v1.4.0-draft,e27b6b220e60bddc553134c9e731709cbc3d2d6b463ca3195c29aa186680d993
positive_control,B082JSKFGX,smart_bulb,Electronics,Amazon Devices,"Ring PAR38 Smart LED Bulb, Black (Starter Kit: 2-pack)",,,,,title,,,retain_baseline,baseline,correct_target,Positive control retained from frozen W3 v1.3.2.,w3-v1.4.0-draft,f09fb6730f88ce79c4087b5a0931bbdfbedba21dc5c4fb0f4731b5c231db114e
recovery_candidate,B0BDPQZWGF,smart_bulb,Electronics,Amazon Devices,Echo Dot (5th Gen) with Clock | Glacier White with Philips Hue White Smart Bulb,,"features: This bundle includes Echo Dot (5th Gen) with Clock in Glacier White and Philips Hue White A19 Medium Lumen Smart Bulb, 1100 Lumens. The Echo Dot offers a built in Hub with Alexa. Ask Alexa to control Zigbee-compatible devices. No additional Philips Hue hub required. Two choices for easy smart lighting - Start setting the mood with Hue Smart bulbs and your Echo device, supporting up to 5 Hue Bluetooth & Zigbee smart b…",smart_bulb:wrong_product:echo|smart_bulb:wrong_product:echo dot,wrong_product,title|features,a19|bulb|bulbs,alexa|bluetooth|philips hue|smart_near_bulb|voice control|zigbee,exclude,high,wrong_device_type,Primary title/category identifies a prohibited product or accessory.,w3-v1.4.0-draft,0026cc14a3214c3e80a1020b5834bc8ebbf83ac9b5f868f91c3135beb2584c2a
recovery_candidate,B093PGZPWX,smart_bulb,Electronics,Camera & Photo,"Qilmy Home Security Camera, Full HD 1080P Wireless WiFi IP Camera, Home Surveillance CCTV Cameras with Motion Detection Alarm/Night Vision/Remote Viewing",Electronics Camera & Photo Video Surveillance Surveillance Cameras Dome Cameras,"categories: Electronics Camera & Photo Video Surveillance Surveillance Cameras Dome Cameras | features: … built in! And what makes it more amazing is, the built-in flood light support ‘Turn on automatically when someone pass by’ during the night! 【Easy Installation & Wi-Fi Setup】 It’s as easy as replacing a light bulb to install this camera to a E27 light socket, 2 minutes 2.4GHz Wi-Fi Setup! 【Motion Detection & Instant App Alarm】 Supports motion detection, the camera will send you an instant alarm when motion detected!… | description: 1080P Home Security Camera | details: Best Sellers Rank Dome Surveillance Cameras 1411 Brand Qilmy Compatible Devices Smartphone Connectivity Technology Wirel",smart_bulb:approved_identity_phrase_absent|smart_bulb:identity_not_in_title_or_categories|smart_bulb:wrong_product:camera|smart_bulb:wrong_product:cameras|smart_bulb:wrong_product:security camera|smart_plug:approved_identity_phrase_absent|smart_plug:identity_not_in_title_or_categories|smart_plug:wrong_product:camera|smart_plug:wrong_product:cameras|smart_plug:wrong_product:ip camera|smart_plug:wrong_product:security camera,approved_identity_phrase_absent|identity_not_in_title_or_categories|multi-type conflict|wrong_product,title|features,bulb|e27|light bulb,wi fi|wifi,exclude,high,wrong_device_type,Primary title/category identifies a prohibited product or accessory.,w3-v1.4.0-draft,00483e66348736909a93e1f5083cc55e3843ebea5f7e02d945acbc21f5c496a7
recovery_candidate,B09B92L927,smart_bulb,Home_and_Kitchen,Amazon Home,"LVSOMT Makeup Vanity Desk Set with Round Mirror and Dimmable LED Lights, Dressing Table w/Storage Cabinet, Drawers, Cushioned Stool, 3 Color Lighting Modes & Touch Screen (Marble White)",Home & Kitchen Furniture Bedroom Furniture Vanities & Vanity Benches,"categories: Home & Kitchen Furniture Bedroom Furniture Vanities & Vanity Benches | features: 🌹3 COLORS & ADJUSTABLE BRIGHTNESS: Built-in 3 color LED light bar, safer than ordinary bulb design. You can adjust the color and brightness according to different scenes and makeup needs. Warm, natural, and bright light, no flicker and dazzling, bring you a comfortable visual experience. Perfect vanity table for both home and studio makeup. 🌹INTELLIGENT TOUCH BUTTON: Different from the traditional external switch, th… | details: Best Sellers Rank Home & Kitchen 3360887 Vanities & Vanity Benches 2298 Color Marble White Date First Available April 6, 2021 Furniture Finish White Material Iron,Wood Size L",smart_bulb:approved_identity_phrase_absent|smart_bulb:identity_not_in_title_or_categories,approved_identity_phrase_absent|identity_not_in_title_or_categories,features,bulb,,exclude,low,insufficient_evidence,Bulb identity is not explicit in title/categories.,w3-v1.4.0-draft,00492e906a36bec380c4476ba60e1fa006979edcc4a9c7fc176f13ab8fb13313
recovery_candidate,B083XQHHZJ,smart_bulb,Electronics,Camera & Photo,"Taber 5MP POE Mini PTZ Dome Camera CCTV Cameras, 5X Electric Zoom in, auto Fucus, APP Supported, Night Version up to 65ft, Surveillance Cameras",Electronics Camera & Photo Video Surveillance Surveillance Cameras Dome Cameras,"categories: Electronics Camera & Photo Video Surveillance Surveillance Cameras Dome Cameras | features: Simple and easy wi-fi setup: Quick Wi-Fi setup(Does not support 5G wi-fi network)) via iOS or Android Smartphone using supplied APP:""P6SLite""; Remote access to the camera on Smartphone via your mobile network or WiFi High End configured cameras: WiFi module, Poe power supply,32G SDcard included. Two-Way Audio Communication and Saving in SD card, built in speakers and microphones, two-way communication Motion Alerts: … | description: …as amazing detail, and can recording and live streaming in Full 1080P High Definition 5. Two-Way Audio: Keep an eye on your family and talk with them. The Bul",smart_bulb:approved_identity_phrase_absent|smart_bulb:identity_not_in_title_or_categories|smart_bulb:wrong_product:camera|smart_bulb:wrong_product:cameras,approved_identity_phrase_absent|identity_not_in_title_or_categories|wrong_product,features|description,bulb|e27,wi fi|wifi,exclude,high,wrong_device_type,Primary title/category identifies a prohibited product or accessory.,w3-v1.4.0-draft,006835dd29a97ab1a681c19a02032d55c5b51cc4a3d79ded91bae4195377dd78
recovery_candidate,B07Z4GLKJC,smart_bulb,Electronics,Amazon Devices,Echo Dot with clock (Sandstone) bundle with LIFX Wi-Fi Smart Bulb,,"features: This bundle contains the Echo Dot with clock (Sandstone) and LIFX Wi-Fi Smart Bulb Connect your smart lights to Alexa for easy voice control. Set your lights to gradually brighten ahead of your alarm to mimic the sunrise. Just ask, “Alexa, wake me up at 7am with lights"" Our most popular smart speaker - Now available with an LED display that can show the time, outdoor temperature, or timers. Use your voice to turn on …",smart_bulb:wrong_product:bundle with|smart_bulb:wrong_product:echo|smart_bulb:wrong_product:echo dot,wrong_product,title|features,bulb,alexa|lifx|smart_near_bulb|voice control|wi fi|wifi,exclude,high,wrong_device_type,Primary title/category identifies a prohibited product or accessory.,w3-v1.4.0-draft,006a77e7bf40cff7a74896a82ebc39cf429fc3c7b6eccac4a8c5d9f0f835ee56
recovery_candidate,B0BNPBB84W,smart_bulb,Electronics,Amazon Devices,Echo Dot (5th Gen) | Glacier White with Amazon Basics Smart Color Bulb,,"features: …ns starter kit for automating your home lighting with fun colors this holiday season – Echo Dot (5th Gen) Charcoal and Amazon Basics Smart Color bulb. SMART UPGRADE: Control your Amazon Basics smart light bulbs by just using your voice ""Alexa, turn on the lights"" or via the Alexa app, no more turning on/off each individual light switch. Create custom routines to schedule your lights automatically at sunset and sunris…",smart_bulb:approved_identity_phrase_absent|smart_bulb:wrong_product:echo|smart_bulb:wrong_product:echo dot|smart_switch:approved_identity_phrase_absent|smart_switch:identity_not_in_title_or_categories|smart_switch:required_target_context_absent,approved_identity_phrase_absent|multi-type conflict|wrong_product,title|features,bulb|bulbs|light bulb,alexa|google assistant|homekit|smart_near_bulb|voice control|wi fi|wifi,exclude,high,wrong_device_type,Primary title/category identifies a prohibited product or accessory.,w3-v1.4.0-draft,00e18ce56841baa067ded814e380396c8745469b2fa0d6aad336464a1b81fae5
recovery_candidate,B0BNXV1222,smart_bulb,Electronics,Camera & Photo,"CAMWORLD Camera Light B ulbs Outdoor with Alexa, 1080P Lightbulb Camera Outdoor Wireless WiFi with Color Night Vision, Smart Alerts Motion Sensor Video PTZ Camera for Home 2 Set",Electronics Camera & Photo Video Surveillance Surveillance Cameras Dome Cameras,"categories: Electronics Camera & Photo Video Surveillance Surveillance Cameras Dome Cameras | features: 【Wifi Camera Light Bulbs for Outdoor 】💡- The wireless Wi-Fi light bulb camera supports 2.4G WiFi (not for 5G WiFi). No need to drill holes in the wall, simply screw lightbulb camera outdoor into the socket and plug it in the power. Then download the APP on your phone and follow the manual settings to connect it. In this way, you can keep track of what's going on at home anytime, anywhere. 【PTZ Rotation & Two-way Talk… | details: Best Sellers Rank Dome Surveillance Cameras 1202 Brand CAMWORLD Date First Available December 3, 2022 Focus Type Manual Focus Item Weight 1.37 pounds Lens Coating ",smart_bulb:approved_identity_phrase_absent|smart_bulb:identity_not_in_title_or_categories|smart_bulb:wrong_product:camera|smart_bulb:wrong_product:cameras|smart_plug:approved_identity_phrase_absent|smart_plug:identity_not_in_title_or_categories|smart_plug:wrong_product:camera|smart_plug:wrong_product:cameras|smart_plug:wrong_product:motion sensor,approved_identity_phrase_absent|identity_not_in_title_or_categories|multi-type conflict|wrong_product,title|features,bulb|bulbs|light bulb,alexa|wi fi|wifi,exclude,high,wrong_device_type,Primary title/category identifies a prohibited product or accessory.,w3-v1.4.0-draft,010d2728e99b3fe55f89343310169f688308768ff282248da42ee0034e5a1be5
recovery_candidate,B07GX5XK54,smart_bulb,Electronics,Camera & Photo,ZEUS CCTV Floodlight Surveillance Camera All-in-One Kit with 4CH NVR System + 4 Twist in Flood Light Cameras Complete Install Kit (Proudly Assembled in The USA),Electronics Security & Surveillance Surveillance Video Equipment Surveillance DVR Kits,categories: Electronics Security & Surveillance Surveillance Video Equipment Surveillance DVR Kits | features: 4CH All-In-One NVR + 4 Camera Complete Install Kit. Install within minutes. As simple as screwing in a light bulb. Replace existing floodlight with our flood light camera and get an ultra bright flood light + a HD WiFi Security Surveillance Camera system for home. 1080P HD Live Stream and Recording Resolution. 100ft IR Camera Night Vision. Color at Night (If Floodlight is turned on) Extremely Clear (See Photos - Real…,smart_bulb:approved_identity_phrase_absent|smart_bulb:identity_not_in_title_or_categories|smart_bulb:wrong_product:camera|smart_bulb:wrong_product:cameras,approved_identity_phrase_absent|identity_not_in_title_or_categories|wrong_product,features,bulb|light bulb,wi fi|wifi,exclude,high,wrong_device_type,Primary title/category identifies a prohibited product or accessory.,w3-v1.4.0-draft,014a40f3267fa28bc02adf434354d52db16089b45e08183fae219958710555bc
recovery_candidate,B0BW5WXWSX,smart_bulb,Electronics,Camera & Photo,"Godox SL60II-Bi SL-60W Upgraded CRI 96+,TLCI 97+ LED Video Light Bi-Colour Daylight Continuous Light 2800-6500K Max.75W Bowens Mount New APP Control with 11-FX Effects + RC-A6 Remote Control",Electronics Camera & Photo Lighting & Studio Lighting Continuous Output Lighting,"categories: Electronics Camera & Photo Lighting & Studio Lighting Continuous Output Lighting | features: … we bring the newly upgraded SL60IID and SL60IIBi with stronger output, empowering your ideas. Controlling gets easier by connecting to the APP via Bluetooth. Changing between shooting spots becomes more convenient with its smaller size. Building a diverse ambiance comes more straightforward thanks to the bi-color version. 🌈【Upgrade function】 - The SL60IID is available with 8 effects and the SL60IIBi comes with 11 ef… | details: Best Sellers Rank Continuous Output Lighting 440 Brand GODOX Connectivity Technology Bluetooth Country of Origin China Date First Available February 18, 2023 Har",smart_bulb:approved_identity_phrase_absent|smart_bulb:identity_not_in_title_or_categories|smart_bulb:wrong_product:camera,approved_identity_phrase_absent|identity_not_in_title_or_categories|wrong_product,title|features,bulb,app control|bluetooth,exclude,high,accessory,Primary title/category identifies a prohibited product or accessory.,w3-v1.4.0-draft,014afc0f9a4b37b8b1b5a30d95eab6025981da92d29c9b3bda256523a8bc0863
recovery_candidate,B0BWQYXSFV,smart_bulb,Electronics,Camera & Photo,"Light Bulb Security Camera, 1080P Wireless 2.4GHz/5GHz WiFi Outdoor Home Security Camera, 360° with Night Vision Light Socket Camera (1 Pack)",Electronics Camera & Photo Video Surveillance Surveillance Cameras Bullet Cameras,"categories: Electronics Camera & Photo Video Surveillance Surveillance Cameras Bullet Cameras | features: 【1080P HD & Night Vision】The wireless WiFi camera uses 1080P high-definition resolution. Even in total darkness, you can see clear images. 【SD Card Included】 This wifi camera with 64GB SD card, insert SD, it will save the history video. 【Two-Way Audio Function】 This 360 degree WiFi wireless camera has a built-in microphone and speaker, so you can talk and hear the courier, baby or pet through this porch camera. 【Easy… | description: Package Included: 1 x Light Bulb Security Camera 1 x 64GB SD card. Specifications: Color: white. Connectivity technology: 2.4 GHz and 5 Ghz wireless. Special",smart_bulb:approved_identity_phrase_absent|smart_bulb:wrong_product:camera|smart_bulb:wrong_product:cameras|smart_bulb:wrong_product:security camera|smart_plug:approved_identity_phrase_absent|smart_plug:wrong_product:camera|smart_plug:wrong_product:cameras|smart_plug:wrong_product:security camera,approved_identity_phrase_absent|multi-type conflict|wrong_product,title|features|description|details,bulb|e27|light bulb,wi fi|wifi,exclude,high,wrong_device_type,Primary title/category identifies a prohibited product or accessory.,w3-v1.4.0-draft,01cf709124a822fac5c20d9551a568387eab57a79ab26e2cfdbcbcca22686867
recovery_candidate,B08HHWPCQH,smart_bulb,Electronics,,"Wireless 360 Degree Panoramic IP Camera Bulb 1080p HD Indoor Smart Home Camera, Remote Baby Pet Two-Way Audio Night Vision fisheye Lens and Motion Detection, Works on iOS/Android Phone (S)",Electronics Camera & Photo Video Surveillance Surveillance Cameras Dome Cameras,"categories: Electronics Camera & Photo Video Surveillance Surveillance Cameras Dome Cameras | details: Connectivity Protocol Wi-Fi Controller Type Android Date First Available September 7, 2020 Form Factor Dome Manufacturer HIJUNMI Mounting Type Wall Mount Power Source Ac/dc Video Capture Resolution 1080p Viewing Angle 360 Degrees Wireless Communication Technology Wi-Fi",smart_bulb:approved_identity_phrase_absent|smart_bulb:wrong_product:camera|smart_bulb:wrong_product:cameras,approved_identity_phrase_absent|wrong_product,title|details,bulb,smart home|smart_near_bulb|wi fi|wifi,exclude,high,wrong_device_type,Primary title/category identifies a prohibited product or accessory.,w3-v1.4.0-draft,022ae5d38895684af4d61c772c344bf6aca6511b61e1542447e5073910ecc7bf
recovery_candidate,B0BR4NL2QV,smart_bulb,Electronics,Camera & Photo,2K Light Bulb Security Camera 5GHz 2.4GHz Security Cameras Wireless Outdoor 360 Panoramic Surveillance E26/E27 Night Vision Lightbulb Camera Two Way Indoor Outdoor Compatible with WiFi (2 Pieces),Electronics Camera & Photo Video Surveillance Surveillance Cameras Dome Cameras,"categories: Electronics Camera & Photo Video Surveillance Surveillance Cameras Dome Cameras | features: 5G Wireless Camera compatible with Wi-Fi: you will receive 2 wireless outdoor light bulb cameras that compatible with 2.4GHz/5GHz Wi-Fi; The light bulb security camera supports cloud storage and storage card (Note: This machine does not include a memory card, if you purchase cloud services, you will be charged ); The surveillance has 3 modes: smart mode, infrared mode, color light mode 360 Panoramic Video Shooting: t… | details: Best Sellers Rank Dome Surveillance Cameras 88 Brand Kingdder Connectivity Technology Wireless Date First Available December 27, 2022 Indoor/Outdoor Usage Indoor I",smart_bulb:approved_identity_phrase_absent|smart_bulb:wrong_product:camera|smart_bulb:wrong_product:cameras|smart_bulb:wrong_product:security camera,approved_identity_phrase_absent|wrong_product,title|features,bulb|e26|e27|light bulb,wi fi|wifi,exclude,high,wrong_device_type,Primary title/category identifies a prohibited product or accessory.,w3-v1.4.0-draft,02a986362c75bc3ba74e3da7c4ca49086af3081456b9c13847c7eb97c3ade3f3
recovery_candidate,B0BKQ51837,smart_bulb,Electronics,All Electronics,"HONPOW Projector, Mini Portable Projector with 100"" Screen, 1080P Supported Outdoor Movie Projector 7500Lux, Home Theater Projector Compatible with HDMI VGA USB TF AV for Home",Electronics Video Projectors,"categories: Electronics Video Projectors | features: … causes eye fatigue by 20%. This mini projector adopt the latest Smart Eco technology to minimize lamp power consumption to extend the useful life of the lamp to a maximum of 60000 hours, long life LED bulb prevents having to purchase super expensive halogen bulbs. 【Excellent Build-in Speakers & 2 Years Warranty】:Our dual built-in speaker enables you to experience the 3D stereo surround sound effects. You can enjoy t… | details: Brand HONPOW Brand Name HONPOW Connectivity Technology USB, HDMI Date First Available November 2, 2022 Display resolution 1920 x 1080 Item Weight 4.13 pounds Package Dimensions 11.73 x 9.17 x 5.71 inches Recommend",smart_bulb:approved_identity_phrase_absent|smart_bulb:identity_not_in_title_or_categories|smart_bulb:wrong_product:projector,approved_identity_phrase_absent|identity_not_in_title_or_categories|wrong_product,features,bulb|bulbs|led bulb,,exclude,high,wrong_device_type,Primary title/category identifies a prohibited product or accessory.,w3-v1.4.0-draft,02b9a95cc33326d1d095acaf1e870b5b8841f709afa70d4ea2cefe584a4b6439
recovery_candidate,B095Y38N6L,smart_bulb,Electronics,Camera & Photo,"GVM LED Video Light with Softboxes, RGB+Bi-Color Double Sided, Each Side 50W, Video Lighting Kit with Bluetooth Control, Led Panel Lights for YouTube, Webex, Broadcasting, Web Conference, 3 Packs",Electronics Camera & Photo Lighting & Studio Lighting Continuous Output Lighting,"categories: Electronics Camera & Photo Lighting & Studio Lighting Continuous Output Lighting | features: …s and 384 warm lamp beads, which can be satisfied with your different needs 【APP Intelligent Control System & Application Scene Modes】Featuring Mobile Bluetooth APP control function, can be controlled light by smart mobile device. Search the APP “GVM_LED” from major APP stores or the manual. Supports 8 special lighting scenes to enrich your shooting environment, including lighting, cop car, candle, bad bulb, party, d… | details: Best Sellers Rank Continuous Output Lighting 1338 Date First Available May 31, 2021 Item Weight 42.9 pounds Manufacturer GVM Great Video Maker Package Dimensions",smart_bulb:approved_identity_phrase_absent|smart_bulb:identity_not_in_title_or_categories|smart_bulb:wrong_product:camera,approved_identity_phrase_absent|identity_not_in_title_or_categories|wrong_product,features,bulb,app control|bluetooth,exclude,low,insufficient_evidence,Bulb identity is not explicit in title/categories.,w3-v1.4.0-draft,02cfaaa7ec631d387af91eb0800fd812cbad1081b14210811182b22d59a65a13
recovery_candidate,B0754JLN51,smart_bulb,Electronics,All Electronics,"Recreation Series System | 15’ Front and Rear Projection Screen with Savi 4000 Lumen 1080p HD Projector, Sound System, Streaming Device w/WiFi (EZ-600)",Electronics Video Projectors,"categories: Electronics Video Projectors | features: … off 4000 lumens. The HD projector clearly displays text, graphics, and videos. It's perfect for presentations, movies and much more. It's high tech LED bulb lasts 20,000+ Hours (10-years at 6-hrs a day). The projector allows for viewing from either the front or back of the projection screen, giving you ideal flexibility for projector positioning. NO BLOWER NEEDED - Don't let a loud blower damage your viewing experie… | details: Batteries 2 AAA batteries required. (included) Best Sellers Rank Video Projectors 5256 Date First Available August 25, 2017 Is Discontinued By Manufacturer No Item Weight 81.2 pounds Item model number EZ-600 Manuf",smart_bulb:approved_identity_phrase_absent|smart_bulb:identity_not_in_title_or_categories|smart_bulb:wrong_product:projector,approved_identity_phrase_absent|identity_not_in_title_or_categories|wrong_product,title|features,bulb|led bulb,wi fi|wifi,exclude,high,wrong_device_type,Primary title/category identifies a prohibited product or accessory.,w3-v1.4.0-draft,0351dcebf27cf4159f97e98c849a217acaf15e3736b8014a24f4469148da97af
recovery_candidate,B001MIYM12,smart_bulb,Electronics,Camera & Photo,Brand New Nikon D3 Body Only Black,Electronics Camera & Photo Digital Cameras DSLR Cameras,"categories: Electronics Camera & Photo Digital Cameras DSLR Cameras | features: …e & White Balance Light Sensitivity ISO auto, ISO 100-6400, ISO 50-100, ISO 6400-25600 Exposure Metering Centre-weighted, spot, 3D colour matrix III Exposure Modes Bulb, automatic, manual, aperture-priority, shutter-priority Special Effects Soft, Black & White, Sepia, Neutral, Vivid, blue, green, red, Cyanotype, fisheye, monochrome, landscape, portrait, miniature, Warm Filter, skylight filter, Colour sketch, Colour o… | description: The Nikon D3 is designed for professionals and experienced photographers. The D3 digital SLR by Nikon boasts a highly sensitive 36.6-megapixel FX-format CMOS sensor to capture even t",smart_bulb:approved_identity_phrase_absent|smart_bulb:identity_not_in_title_or_categories|smart_bulb:wrong_product:camera|smart_bulb:wrong_product:cameras,approved_identity_phrase_absent|identity_not_in_title_or_categories|wrong_product,features|details,bulb,wi fi|wifi,exclude,low,insufficient_evidence,Bulb identity is not explicit in title/categories.,w3-v1.4.0-draft,0357076c8396c06b1ee1aa641514feadf86feb8894a1ffdbec7beebb03c80685
recovery_candidate,B0BBT7FLKD,smart_bulb,Electronics,Camera & Photo,TT&Louis E27 Bulb Camera - 1080p Mobile Phone Wireless WiFi Network Home 360 ° Infrared Night Vision Two-Way Voice Call Smart Cameras Easy to Install for Shops Pets Office Indoor,Electronics Security & Surveillance Home Security Systems,"categories: Electronics Security & Surveillance Home Security Systems | features: 📷【360 ° panoramic view, more Comprehensiv-e care】1080P HD & NIGHT VISION: Our wireless WiFi home security camera features 1080P HD resolution, providing excellent smooth live video during and 360° bird's eye view. You can see clear images even in complete darkness. 📷【Remote two-way voice intercom】Built in high-definition noise reduction pickup and high-volume loudspeaker remote intercom recording and recording throug… | description: Product type: Bulb Camera Material: ABS Product color: Black Product size:17x Φ6.5cm/6.7xΦ2.56in Packing size: 20x10x10cm/7.8x3.9x3.9in Gross weight: 285g/0.63lb Pixel: 2million (DP",smart_bulb:approved_identity_phrase_absent|smart_bulb:wrong_product:bulb camera|smart_bulb:wrong_product:camera|smart_bulb:wrong_product:cameras|smart_plug:approved_identity_phrase_absent|smart_plug:identity_not_in_title_or_categories|smart_plug:wrong_product:camera|smart_plug:wrong_product:cameras,approved_identity_phrase_absent|multi-type conflict|wrong_product,title|features|description,bulb|e27,wi fi|wifi,exclude,high,wrong_device_type,Primary title/category identifies a prohibited product or accessory.,w3-v1.4.0-draft,0361fb035991511ad913ace2a8088bf69db1bcf17c23e1c6b18c5c19d36db909
recovery_candidate,B0823DX2XZ,smart_bulb,Electronics,All Electronics,"Mini Projector WOWOTO 200 ANSI Lumen Android 6.0 Support Full HD 1080P Smart Wi-Fi Projector 4200mAh Battery 150"" Image DLP Video Projector with BT4.0/HDMI/USB/Outdoor Projector for Home Theater",Electronics Video Projectors,"categories: Electronics Video Projectors | features: …projector is lower in noise and more durable than previous models thanks to advanced fan cooling technology. Powerful cooling system cools the heat of lamp efficiently, extending the bulb life to 45,000 hours,if you use it for 3 hours per day, that's 40 years. 【100% Satisfaction】No matter what kind of questions you met while you use the Wowoto projector, always contact us freely, we will give you a satisfied solution… | details: Brand WOWOTO Brand Name WOWOTO Color Name Black Connectivity Technology USB, HDMI Date First Available November 27, 2019 Display Resolution Maximum 1920 x 1080 Display resolution 1920 x 1080 Item Weight 2.68 pound",smart_bulb:approved_identity_phrase_absent|smart_bulb:identity_not_in_title_or_categories|smart_bulb:wrong_product:projector,approved_identity_phrase_absent|identity_not_in_title_or_categories|wrong_product,title|features,bulb,wi fi|wifi,exclude,high,wrong_device_type,Primary title/category identifies a prohibited product or accessory.,w3-v1.4.0-draft,038feefdd14a62d5df200c6a3096f4d6ff4d0de3fecc5430225dbb9ed792d280
recovery_candidate,B09KFDL9G5,smart_bulb,Electronics,Camera & Photo,"Aputure Amaran P60C RGBWW Video Panel Light,Color Temperature 2500K-7500K,60W,CRI95+/TLCI 96+,5900lux@1m,10 Light Effects,with Softbox,Support App",Electronics Camera & Photo Lighting & Studio Lighting Continuous Output Lighting,"categories: Electronics Camera & Photo Lighting & Studio Lighting Continuous Output Lighting | features: …rd.The lamp bead layout adopts high-density arrangement, with optical lens, the full-color light is evenly mixed, and the output is strong. Support Sidus Link APP control, built-in 10 kinds of light effects, 46 kinds of industry standard color paper modes for calling.10 built-in light effects: lightning / paparazzi / flash / police car / firework / pulse / broken bulb / spark / TV / party light | details: Best Sellers Rank Continuous Output Lighting 1115 Date First Available October 26, 2021 Item Weight 8.71 pounds Manufacturer Aputure Package Dimensions 12.8 x 10.2 x 7.64 inches",smart_bulb:approved_identity_phrase_absent|smart_bulb:identity_not_in_title_or_categories|smart_bulb:wrong_product:camera,approved_identity_phrase_absent|identity_not_in_title_or_categories|wrong_product,features,bulb,app control,exclude,low,insufficient_evidence,Bulb identity is not explicit in title/categories.,w3-v1.4.0-draft,03927d71a9b2a1dc38f8ff4339d6d5b8bf76ed4a1171a72e94ae4ee26a8dbdd5
recovery_candidate,B07Z4G2FBV,smart_bulb,Electronics,Amazon Devices,Echo (3rd Gen) Charcoal Bundle with Senged 2-pack smart bulb color starter kit,,"features: This bundle contains the Echo (3rd Gen) Charcoal and Sengled 2-pack smart bulb color starter kit Connect your smart lights to Alexa for easy voice control. Set your lights to gradually brighten ahead of your alarm to mimic the sunrise. Just ask, “Alexa, wake me up at 7am with lights"" Voice control your smart home - Turn on lights, adjust thermostats, lock doors, and more with compatible connected devices. Smart Light…",smart_bulb:wrong_product:bundle with|smart_bulb:wrong_product:echo,wrong_product,title|features,bulb,alexa|google assistant|sengled|smart_near_bulb|voice control|wi fi|wifi,exclude,high,wrong_device_type,Primary title/category identifies a prohibited product or accessory.,w3-v1.4.0-draft,039b9d4d79ee97c74e5347067264e8a8b6a5308294f9b717848eb9798c843595
recovery_candidate,B07DMWJ88F,smart_bulb,Home_and_Kitchen,Amazon Home,"GeekHouse Rechargeable Lighted Vanity Mirror Hollywood Style Makeup Tabletops, Large Cosmetic Mirror with 12 x 3W Bright Dimmable Touch Control LED Bulbs, White",Home & Kitchen Home Décor Products Mirrors,"categories: Home & Kitchen Home Décor Products Mirrors | features: …your entire face in view at once. Gorgeous and superior reflective surface. Perfect for professional makeup and grooming and even dressing. ✔ Super BRIGHT LED Bulbs – 12 beautiful bright and long lasting LED bulbs with over 50,000 hours life span. THREE kinds of colors: White, Yellow and Neutral Daylight. No need to replace the bulbs. Perfect Valentine’s Day / Christmas gift for any girl! ✔ HOLLYWOOD Vanity Design wi… | description: …t go wrong with the GeekHouse Hollywood lighted vanity mirror, which is used by so many Hollywood stars! It features 12 super bright beautiful LED bulbs with both white and warm yellow dimmable ",smart_bulb:approved_identity_phrase_absent|smart_bulb:identity_not_in_title_or_categories,approved_identity_phrase_absent|identity_not_in_title_or_categories,title|features|description,bulb|bulbs|led bulb,,exclude,high,wrong_device_type,Primary title/category identifies a prohibited product or accessory.,w3-v1.4.0-draft,03bd02ce75042d4d99c36beef592251988e832bde35f1a001675bc4b3ea6f642
recovery_candidate,B008OR8A9Y,smart_bulb,Electronics,Camera & Photo,Panasonic DMC-G5KBODY 16MP SLR Camera with 3-Inch LCD - Body Only (Black),Electronics Camera & Photo Digital Cameras,"categories: Electronics Camera & Photo Digital Cameras | features: 16M digital Live MOS sensor+Venus Engine 7FHD Full time AF, Full HD video 920K dots Free-angle touch 3"" LCD Ultimate compact VF shooting style | description: …ality set to [FSH]: Approx. 120 min with H-FS014042 / Approx. 110 min with H-VS014140Motion Jpeg with picture quality set to [FSH]: Approx. 130 min with H-FS014042 / Approx. 120 min with H-VS014140AVCHD with picture quality set to [FSH]: Approx. 140 min with H-PS14042 / Approx. 130 min with H-FS014042 / Approx. 150 min with H-H014 Time Code (Motion Images) (Except MP4) n/an/aON/OFF, Count Up : Rec Run/Free Run select…",smart_bulb:approved_identity_phrase_absent|smart_bulb:identity_not_in_title_or_categories|smart_bulb:wrong_product:camera|smart_bulb:wrong_product:cameras,approved_identity_phrase_absent|identity_not_in_title_or_categories|wrong_product,description|details,bulb,wi fi|wifi,exclude,high,wrong_device_type,Primary title/category identifies a prohibited product or accessory.,w3-v1.4.0-draft,03e1f4357252ef8a6da8c7e92445639bdd528b8a07ab3922b4abc828e9bec9af
recovery_candidate,B081QNCGDJ,smart_bulb,Home_and_Kitchen,Amazon Home,Kurt Adler TWK0012 Twinkly Smart Decorations Custom 150 Bulb Led Rgb App-Controlled String Lights With Downloadable Light Displays,Home & Kitchen Seasonal Décor Seasonal Lighting Indoor String Lights,"categories: Home & Kitchen Seasonal Décor Seasonal Lighting Indoor String Lights | description: 150/L RGB LED TWINKLY LIGHT SET | details: …s required No Best Sellers Rank Home & Kitchen 1534821 Indoor String Lights 5058 Brand Twinkly Color RGB (Red, Green, Blue) Connectivity Protocol Bluetooth, Wi-Fi Control Method App Controller Type App Control Indoor/Outdoor Usage Indoor Item Weight 1.56 pounds Item model number DP045A2400100HU-1 Light Color RGB Light Source Type LED Manufacturer Twinkly Material Plastic Number of Light Sources 150 Occasion Christmas…",smart_bulb:approved_identity_phrase_absent,approved_identity_phrase_absent,title|details,bulb,app control|app controlled|bluetooth|smart_near_bulb|wi fi|wifi,exclude,high,wrong_device_type,Primary title/category identifies a prohibited product or accessory.,w3-v1.4.0-draft,03e27b65e9ab593d63fe84504a7254b18d7fe1b183f8d4b101e8bf1025a329ed
recovery_candidate,B08SH3HH5N,smart_bulb,Electronics,Camera & Photo,"Amaran 100D LED Video Light, 130W CRI95+ TLCI96+ 39,500 lux@1m Bluetooth App Control 8 Pre-Programmed Lighting Effects DC/AC Power Supply, Made by Aputure",Electronics Camera & Photo Lighting & Studio Lighting Continuous Output Lighting,"categories: Electronics Camera & Photo Lighting & Studio Lighting Continuous Output Lighting | features: …for natural look. 【8 Pre-programmed Lighting Effects】: Aputure Amaran 100d features 8 lighting effect modes, such as paparazzi, fireworks, lightning, faulty bulb, TV, breath, flash, explosion. Brightness 0-100% adjustable, providing more choices. 【Dual Control Methods】: The Aputure Amaran 100d support 2.4G 100m Sidus Link App Remote Control via Bluetooth, to control all kinds of light effect, brightness, frequency. Y… | details: Best Sellers Rank Continuous Output Lighting 254 Brand EACHSHOT Connectivity Technology Bluetooth Date First Available January 8, 2021 Hardware Interface Bluetoo",smart_bulb:approved_identity_phrase_absent|smart_bulb:identity_not_in_title_or_categories|smart_bulb:wrong_product:camera,approved_identity_phrase_absent|identity_not_in_title_or_categories|wrong_product,title|features,bulb,app control|bluetooth,exclude,high,wrong_device_type,Primary title/category identifies a prohibited product or accessory.,w3-v1.4.0-draft,042ee99fa377e28915b11f358a0dc9376145eaf414873c6585f00a86bbc809b6
recovery_candidate,B0002JC34A,smart_bulb,Electronics,Office Products,Toshiba REPLACEMENT LAMP FOR PROJECTORS ( TLP-LW3 ),Electronics Television & Video Accessories Projector Accessories Lamps,"categories: Electronics Television & Video Accessories Projector Accessories Lamps | features: Original Toshiba Lamp Module OEM Lamp set-up delivers the optimum performance within the projector setting Made to fit Toshiba TDP-T80/T90/T91/TW90/S80U/SW80U Projectors Lamp Module Includes Lamp, connectors and housing | description: …to carry a back-up on business trips or keep a spare at your presentation facility. This replacement lamp from Toshiba is a lifesaver if your bulb burns out. This durable lamp will give you hundreds of hours of excellent, crisp, clear brightness. | details: Brand Toshiba Date First Available June 30, 2004 Finish Type Clear Is Discontinued By Manufacturer No Item Weig",smart_bulb:approved_identity_phrase_absent|smart_bulb:identity_not_in_title_or_categories|smart_bulb:wrong_product:projector|smart_bulb:wrong_product:replacement lamp,approved_identity_phrase_absent|identity_not_in_title_or_categories|wrong_product,description,bulb,,exclude,high,accessory,Primary title/category identifies a prohibited product or accessory.,w3-v1.4.0-draft,048f7acad59c8332805c4c6b2b343621f1e10b2beb30561b77e9b6833a3b57c6
recovery_candidate,B08RNW4L7G,smart_bulb,Electronics,Camera & Photo,Amaran 100x Bi-Color LED Video Light 130W 2700-6500k 34300lux@1m CRI/TLCI95+ Bluetooth App Control 9 Built-in Lighting Effects DC/AC Power Supply Ultra Silent Fan,Electronics Camera & Photo Lighting & Studio Lighting Continuous Output Lighting,"categories: Electronics Camera & Photo Lighting & Studio Lighting Continuous Output Lighting | features: …tungsten fixtures, and cooler than conventional daylight (D55). Dual Control Methods: The Aputure 100x support 2.4G 100m Sidus Link App Remote Control via Bluetooth, to control all kinds of light effect, brightness, frequency. You can also adjust the brightness from 0-100% On-board, there is a INT adjustment knob to quickly switch the brightness level: 20%→40%→60%→80%→100%→20%→40%→60%→80%→ 80%→ 40%→60%→80%→100% cycle… | details: Best Sellers Rank Continuous Output Lighting 581 Brand Aputure Connectivity Technology Bluetooth Date First Available May 12, 2021 Hardware Interface Bluetooth H",smart_bulb:approved_identity_phrase_absent|smart_bulb:identity_not_in_title_or_categories|smart_bulb:wrong_product:camera,approved_identity_phrase_absent|identity_not_in_title_or_categories|wrong_product,title|features,bulb,app control|bluetooth,exclude,high,wrong_device_type,Primary title/category identifies a prohibited product or accessory.,w3-v1.4.0-draft,04a507759c2178a6449935d072d671ee60b3c437f23873ddbd779013f0fba6fd
recovery_candidate,B09LZ3YF6F,smart_bulb,Electronics,Camera & Photo,"TIENCIY Pan Tilt Security Light Camera, Full-HD 1080P Wireless Wi-Fi IP Camera, Home Surveillance CCTV Cameras with Motion Auto Tracking/Siren Alarm/Night Vision/Remote Viewing/Two-Way Audio",Electronics Camera & Photo Video Surveillance Surveillance Cameras Dome Cameras,"categories: Electronics Camera & Photo Video Surveillance Surveillance Cameras Dome Cameras | features: ➽ Full HD Pan Tilt WiFi Camera➽ This Pan Tilt WiFi security camera can provide you with a clear live video (Full HD 1080P resolution) at any time, day or night. The Remote Pan & Tilt function allows you to get a much wider coverage than other cameras! ➽Security Camera & LED Light 2 in 1➽ It’s absolutely more than a security camera! This is a 2 in 1 Security Camera with 6 White LEDs and 2 Infrared LEDs built in! What’… | description: 1080P Pan Tilt Security Camera | details: Best Sellers Rank Dome Surveillance Cameras 699 Brand TIENCIY Connectivity Technology Wireless Country of Origin Chin",smart_bulb:approved_identity_phrase_absent|smart_bulb:identity_not_in_title_or_categories|smart_bulb:wrong_product:camera|smart_bulb:wrong_product:cameras|smart_bulb:wrong_product:security light|smart_plug:approved_identity_phrase_absent|smart_plug:identity_not_in_title_or_categories|smart_plug:wrong_product:camera|smart_plug:wrong_product:cameras|smart_plug:wrong_product:ip camera,approved_identity_phrase_absent|identity_not_in_title_or_categories|multi-type conflict|wrong_product,title|features,bulb|e27|light bulb,tuya|wi fi|wifi,exclude,high,wrong_device_type,Primary title/category identifies a prohibited product or accessory.,w3-v1.4.0-draft,04b29c873f77414cc6481c93b56289e2ace4abfd9789e47721531747d1dd30b2
recovery_candidate,B018RRNADQ,smart_bulb,Electronics,Camera & Photo,Holga Digital Camera - Pink,Electronics Camera & Photo Digital Cameras Point & Shoot Digital Cameras,"categories: Electronics Camera & Photo Digital Cameras Point & Shoot Digital Cameras | features: … color sensor Resolution: 8 mega pixels Image Ratio: 4:3 or 1:1 Aperture Selection: F2.8 or F8.0 Shutter: Speed 1/60 sec. Support stand SD card and WIFI SD card | description: …982. Features - Uses 120 medium format film - 2 film masks for either 12- 6x6 cm images or 16- 6x4.5cm images - Normal shutter setting 1/100 of a second and bulb shutter setting - 2 aperture settings, f/11 for sunny, f/8 for cloudy - Hot-shoe adapter | details: … Rank Brand HOLGA Camera Flash Built-in Flash with 4 Colors Filter Color Pink Compatible Mountings Micro Four Thirds Connectivity Technology Wi-Fi Continuous Shoo",smart_bulb:approved_identity_phrase_absent|smart_bulb:identity_not_in_title_or_categories|smart_bulb:wrong_product:camera|smart_bulb:wrong_product:cameras,approved_identity_phrase_absent|identity_not_in_title_or_categories|wrong_product,features|description|details,bulb,wi fi|wifi,exclude,high,wrong_device_type,Primary title/category identifies a prohibited product or accessory.,w3-v1.4.0-draft,04dc4edb7d2b977c4b48930ccabc9ec7303624d28601a629dadde17f2531b570
recovery_candidate,B09BJFZJMN,smart_bulb,Electronics,Camera & Photo,"Qilmy Pan Tilt Security Camera, Full-HD 1080P Wireless Wi-Fi IP Camera, Home Surveillance CCTV Cameras with Motion Detection Alarm/Night Vision/Remote Viewing (Ful HD 1080P)",Electronics Camera & Photo Video Surveillance Surveillance Cameras Dome Cameras,"categories: Electronics Camera & Photo Video Surveillance Surveillance Cameras Dome Cameras | features: 【1080P Pan Tilt WiFi Security Camera】 This Qilmy Pan Tilt WiFi cctv camera can provide you with a clear vision (Full HD 1080P resolution) at any time, day or night. The Pan & Tilt allows you to cover 360 monitoring with 1 Single camera! 【Security Camera & Flood Light 2 in 1】 A security camera? Flood light? Yes, this is a 2 in 1 Security Camera with 3 flood lights built in! And what makes it more amazing is, the built… | description: PanTilt Camera | details: Best Sellers Rank Dome Surveillance Cameras 259 Brand Qilmy Compatible Devices Smartphone Connectivity Technology Wi-Fi Date First Av",smart_bulb:approved_identity_phrase_absent|smart_bulb:identity_not_in_title_or_categories|smart_bulb:wrong_product:camera|smart_bulb:wrong_product:cameras|smart_bulb:wrong_product:security camera|smart_plug:approved_identity_phrase_absent|smart_plug:identity_not_in_title_or_categories|smart_plug:wrong_product:camera|smart_plug:wrong_product:cameras|smart_plug:wrong_product:ip camera|smart_plug:wrong_product:security camera,approved_identity_phrase_absent|identity_not_in_title_or_categories|multi-type conflict|wrong_product,title|features|details,bulb|e27|light bulb,wi fi|wifi,exclude,high,wrong_device_type,Primary title/category identifies a prohibited product or accessory.,w3-v1.4.0-draft,051fa666fc79ce5faa14569c30dcde5530b6e27d7e0ee0f2e040fe3cee05c103
recovery_candidate,B0B49QRRS5,smart_bulb,Electronics,Camera & Photo,"Camcamp Wireless Light Bulb Camera 2.4G WiFi Security Camera,360 Degree Panoramic IP Dome Camera, Home Surveillance with 2-Way Audio, Motion Detection, Color Night Vision, Remote Access",Electronics Camera & Photo Video Surveillance Surveillance Cameras Dome Cameras,"categories: Electronics Camera & Photo Video Surveillance Surveillance Cameras Dome Cameras | details: Brand Camcamp Connectivity Technology Wireless Indoor/Outdoor Usage Outdoor, Indoor Recommended Uses For Product Security Special Feature Night Vision, Motion Sensor",smart_bulb:approved_identity_phrase_absent|smart_bulb:wrong_product:bulb camera|smart_bulb:wrong_product:camera|smart_bulb:wrong_product:cameras|smart_bulb:wrong_product:light bulb camera|smart_bulb:wrong_product:security camera,approved_identity_phrase_absent|wrong_product,title,bulb|light bulb,wi fi|wifi,exclude,high,wrong_device_type,Primary title/category identifies a prohibited product or accessory.,w3-v1.4.0-draft,054205dbeb62ebd774d0dde75644166934bcfc1a773d10513a605a090de44192
recovery_candidate,B09CYPCQ3X,smart_bulb,Home_and_Kitchen,Tools & Home Improvement,"JMEXSUSS 66ft 200 LED White Christmas Lights Indoor, 8 Modes Connectable Christmas String Lights Plug in, Clear Wire Fairy String Lights Outdoor Waterproof for Christmas Tree Party Decorations",Home & Kitchen Seasonal Décor Seasonal Lighting Indoor String Lights,"categories: Home & Kitchen Seasonal Décor Seasonal Lighting Indoor String Lights | features: … Christmas Lights】This 66ft long Christmas lights with 200 LED, use advanced smart chip.The plug design greatly improves the stability of the bulb brightness.Each bulb illuminates with 360 angle. Light up the night with a warm glow and perfectly add ambience. 【Connectable Christmas String Lights】Our Christmas string lights have male and female safety plug, could be extended to a maximum of five light chains(maximum 1… | details: Batteries Included? No Batteries Required? No Best Sellers Rank Home & Kitchen 134593 Indoor String Lights 479 Brand JMEXSUSS Color White Control Method Remote Controller Ty",smart_bulb:approved_identity_phrase_absent|smart_bulb:identity_not_in_title_or_categories|smart_plug:approved_identity_phrase_absent|smart_plug:smart_evidence_not_in_title_or_categories,approved_identity_phrase_absent|identity_not_in_title_or_categories|multi-type conflict,features,bulb|bulbs,,exclude,high,wrong_device_type,Primary title/category identifies a prohibited product or accessory.,w3-v1.4.0-draft,0552ce9a3a32860c91896f6bc9918a21b130bb4066742c2dd771c28911b1bf2d
recovery_candidate,B00WV7GF2C,smart_bulb,Electronics,Camera & Photo,"Nikon D7200 DX-format DSLR Dual Lens Wifi Camera OUTFIT - 24.2 megapixel D7200 DSLR Camera, AF-S DX Nikkor 18-55mm f/3.5-5.6G VR, AF-S DX nikkor 55-300mm F/4.5-5.6G ED VR, System Case, 2 EN-EL15 REchargebale Li-ion Batteries, 32GB Ckass 10 SD Memory Card",Electronics Camera & Photo Digital Cameras DSLR Cameras,"categories: Electronics Camera & Photo Digital Cameras DSLR Cameras | features: What’s Included: D7200 DX-Format Digital SLR Body (Black Af-S DX NIKKOR 18-55mm F/3.5-5.6g VR II Af-S DX NIKKOR 55-300mm F/4.5-5.6g ED VR Char Gry/Blck Camera Bag EN-EL15 Rechargeable Li-On Battery (Spare) 32GB Class 10 SD Card Costco Five Dollar Off Coupon D7200 Extended Service Coverage Contract SD Card Holder D7200 Quick Start Guide | description: …"" Wide Viewing Angle TFT-LCD Lens: AF-S DX 18-55 mm VRII & 55-300 mm VR NIKKOR Zoom Lenses Shutter Speed: 1/8000 to 30 sec. in steps of 1/3 or 1/2 EV Bulb ISO Sensitivity: ISO 100 –25,600 Images Per Battery Charge: 950 shots Media Storage: SD / SDHC / SDXC Dimension",smart_bulb:approved_identity_phrase_absent|smart_bulb:identity_not_in_title_or_categories|smart_bulb:wrong_product:camera|smart_bulb:wrong_product:cameras,approved_identity_phrase_absent|identity_not_in_title_or_categories|wrong_product,title|description|details,bulb,wi fi|wifi,exclude,high,accessory,Primary title/category identifies a prohibited product or accessory.,w3-v1.4.0-draft,05b59ebf886a494b2d5bb0953243925f22a7d0767878f41ace2a5d1cff5c1f40
recovery_candidate,B07PF25QMH,smart_bulb,Electronics,All Electronics,"Portable Mini Projector WiFi Bluetooth 2800 Lumens Support Full HD 1080p, Wireless LED LCD Gaming Smart Multimedia Small Pocket Projector for Smartphone TV Stick PS4 HDMI VGA AV USB Outdoor Movie",Electronics Video Projectors,"categories: Electronics Video Projectors | features: √ Wifi & Bluetooth Function: The latest Wireless Projection Technology let you enjoy big projections from iOS/ Android/ Windows devices directly via wifi (Airplay, Miracast, DLNA ), wirelessly screen mirroring with smartphones, tablets, laptops, and computers, no need to buy wireless dongles or adapters, no messy cables. Powerful Bluetooth 4.0 compatibility, Support wirelessly pairing with Bluetooth stereo speakers f… | description: Updated Portable Home Theater Projector Wireless Bluetooth Powerful Bluetooth 4.0 compatibility Support wirelessly pairing with Bluetooth stereo speakers for better sound effect, Bluetooth-Mouse or Wireless Key",smart_bulb:approved_identity_phrase_absent|smart_bulb:identity_not_in_title_or_categories|smart_bulb:wrong_product:projector,approved_identity_phrase_absent|identity_not_in_title_or_categories|wrong_product,title|features|description,bulb|led bulb,bluetooth|wi fi|wifi,exclude,high,wrong_device_type,Primary title/category identifies a prohibited product or accessory.,w3-v1.4.0-draft,05e98670ca7d4356472b38c23d864b1d51d2c8c09c2730d9f898d4755f2a4a50
recovery_candidate,B0B4NL8NKV,smart_bulb,Electronics,Camera & Photo,"PMALLCITY Full HD 1080P WiFi Webcam with Microphone, 2 in 1 Home Dome Camera with Stand, Plug & Play USB Camera (1 pcs)",Electronics Camera & Photo Video Surveillance Surveillance Cameras Dome Cameras,"categories: Electronics Camera & Photo Video Surveillance Surveillance Cameras Dome Cameras | features: 【1080P Pan Tilt WiFi Security Camera】PMALLCITY 10880P smart bulb 360 security camera provides a clear vision at any time, day or night. And security camera system with 355° pan and 90° tilt function which allows you to cover 360 monitoring with 1 Single bulb camera! 【Motion Detection Security Cameras】Bulb camera supports motion detection, which equip high quality infrared LEDs & Sensor. When motion detected, the indo… | details: Best Sellers Rank Dome Surveillance Cameras 2654 Brand PMALLCITY Connectivity Technology Wireless Date First Available June 21, 2022 Indoor/Outdoor Usage Outdoor I",smart_bulb:approved_identity_phrase_absent|smart_bulb:identity_not_in_title_or_categories|smart_bulb:wrong_product:camera|smart_bulb:wrong_product:cameras|smart_plug:approved_identity_phrase_absent|smart_plug:wrong_product:camera|smart_plug:wrong_product:cameras|smart_plug:wrong_product:plug and play,approved_identity_phrase_absent|identity_not_in_title_or_categories|multi-type conflict|wrong_product,title|features,bulb|light bulb,wi fi|wifi,exclude,high,wrong_device_type,Primary title/category identifies a prohibited product or accessory.,w3-v1.4.0-draft,05f27e0b8e79efbf889f6a52cda3dbed45ad076e777fb5c86d4ed2c1cae68807
recovery_candidate,B0BGB4NDBW,smart_bulb,Electronics,Camera & Photo,METRICSQUARE Light Bulb Security Camera Home Wireless WiFi Camera 360°PTZ Surveillance Camera Baby Monitor Nanny Cam Pet Camera Video Recording with Audio Remote Control with Phone APP,Electronics Camera & Photo Video Surveillance Surveillance Cameras Dome Cameras,"categories: Electronics Camera & Photo Video Surveillance Surveillance Cameras Dome Cameras | features: Wireless Home Security Camera: Install the bulb camera at home, you can monitor your home at your phone app.This camera can rotate 360 degree to view the whole zone. Remote View: After the camera connect to your home 2.4G WiFi, your can remotely view the camera at any place, like office, street, shop. You can use the camera to take care of your kids, elders or pets. Two-Audio Talk: Built-in microphone and speaker, yo… | details: Best Sellers Rank Dome Surveillance Cameras 519 Brand METRICSQUARE Connectivity Technology Wireless Country of Origin China Date First Available September 24, 2022",smart_bulb:approved_identity_phrase_absent|smart_bulb:wrong_product:camera|smart_bulb:wrong_product:cameras|smart_bulb:wrong_product:security camera,approved_identity_phrase_absent|wrong_product,title|features,bulb|e27|light bulb,wi fi|wifi,exclude,high,wrong_device_type,Primary title/category identifies a prohibited product or accessory.,w3-v1.4.0-draft,0606c21fa0f82ed55e4b4c48c0d49ce6d0421ae2ad283e9eec797325ed6604b7
recovery_candidate,B06ZZ3C9VW,smart_bulb,Electronics,Camera & Photo,"Geeni VISION 720P Smart Wi-Fi Camera Home Security System, No Hub Required, White",Electronics Security & Surveillance Home Security Systems,"categories: Electronics Security & Surveillance Home Security Systems | features: See live 720p video streaming of your home 24/7 from anywhere, anytime. Field of view: 115° diagonal No hub required, Wi-Fi built-in. Compatible with all 2.4 GHz Wi-Fi networks. Not compatible with 5GHz networks Get alerts - when there's motion at home, you'll be notified and can view what's happening live or review it later Listen and talk - hear what's happening and engage in live two-way conversations thanks to th… | description: … or review it later using the app. Notifications sent to you iOS or Android device. One App To Control Them All The Geeni app controls all of our smart bulbs, plugs, cameras, surge",smart_bulb:approved_identity_phrase_absent|smart_bulb:identity_not_in_title_or_categories|smart_bulb:wrong_product:camera|smart_plug:approved_identity_phrase_absent|smart_plug:identity_not_in_title_or_categories|smart_plug:wrong_product:camera,approved_identity_phrase_absent|identity_not_in_title_or_categories|multi-type conflict|wrong_product,title|features|description,bulb|bulbs,google home|wi fi|wifi,exclude,high,wrong_device_type,Primary title/category identifies a prohibited product or accessory.,w3-v1.4.0-draft,060dc4b4c17e3a2a9d4bb04597f50bfa988e6600818cf27116f0b70b62079141
recovery_candidate,B0BXB5C47W,smart_bulb,Electronics,Camera & Photo,"LaView 4MP Bulb Security Camera 4Pcs 2.4GHz,360° 2K Security Cameras Wireless Outdoor Indoor Full Color Day and Night, Motion Detection, Audible Alarm, Easy Installation, Compatible with Alexa",Electronics Camera & Photo Video Surveillance Surveillance Cameras Bullet Cameras,"categories: Electronics Camera & Photo Video Surveillance Surveillance Cameras Bullet Cameras | features: 【4MP HD Image & Starlight Color Night Vision】The light bulb camera can support 4MP HD(2304X1296P) And 12×Digital Zoom，Much Clearer Than 1080P, Ensuring That You Can See Ultra-Clear Details During The Day And Night. The Outdoor Security Cameras Support Color/Smart/Infrared Night Vision. Whether In The Presence Of Faint Starlight Or Complete Darkness, It Can Ensure That Objects Within 30 Feet Can Be Clearly Monitored, … | details: Alert Type Motion Only Best Sellers Rank Bullet Surveillance Cameras 1161 Connectivity Protocol Wi-Fi Controller Type Google Assistant, Amazon Alexa Date First A",smart_bulb:approved_identity_phrase_absent|smart_bulb:wrong_product:camera|smart_bulb:wrong_product:cameras|smart_bulb:wrong_product:security camera,approved_identity_phrase_absent|wrong_product,title|features|details,bulb|e27|light bulb,alexa|google assistant|wi fi|wifi,exclude,high,wrong_device_type,Primary title/category identifies a prohibited product or accessory.,w3-v1.4.0-draft,0651a266decb259291669309ea641a957dfc1c2e8ad95470e3ee5872643dd50b
recovery_candidate,B0C7M9HJWX,smart_bulb,Electronics,,"4K-Support Projector with Wifi and Bluetooth, HONPOW Portable Mini Projectors for Outdoor Movies Use, Compatible with TV Stick, Laptop, Smartphone, Xbox, PS5（Green）",Electronics Video Projectors,"categories: Electronics Video Projectors | features: …well-lit environments. High contrast ratio of 10,000:1 delivers deep, rich blacks and brilliant whites for an immersive viewing experience 💖[ Cellular and WIFI Connection ] - This mini projector adopts the latest cellular network connection technology, allowing the phone projector to achieve screen mirroring without connecting to a WiFi network. The technology even enables wireless connections outdoors. The home proj… | description: 4K-Support Projector with Wifi and Bluetooth, HONPOW Portable Mini Projectors for Outdoor Movies Use, Compatible with TV Stick, Laptop, Smartphone, Xbox, PS5",smart_bulb:approved_identity_phrase_absent|smart_bulb:identity_not_in_title_or_categories|smart_bulb:wrong_product:projector,approved_identity_phrase_absent|identity_not_in_title_or_categories|wrong_product,title|features|description|details,bulb|bulbs,bluetooth|wi fi|wifi,exclude,high,wrong_device_type,Primary title/category identifies a prohibited product or accessory.,w3-v1.4.0-draft,065e74115b7d45331d57b075552d51096a8bb23499afb3f172e80fb5acf3dd58
recovery_candidate,B0BGPQRCFD,smart_bulb,Electronics,Tools & Home Improvement,"Light Bulb Security Camera, 3MP WiFi Wireless Outdoor Security Camera E27 Bulb 355 Degree,1080P Night Vision, Automatic Human Motion Detection",Electronics Camera & Photo Video Surveillance Surveillance Cameras Dome Cameras,"categories: Electronics Camera & Photo Video Surveillance Surveillance Cameras Dome Cameras | features: ABS Quick & Easy Installation: This camera can be installed using a normal E27 bulb base(110V~240V),NO MORE EXTRA INSTALLATION STEPS.then you just need to connect the camera system to the router,open the app to setup the camera within minutes.Supports up to 128G memory card expansion (not included) 1080P & Pan Tilt: Support HD online playback. This Pan Tilt WiFi camera can provide you with a clear vision (Full HD 108… | description: … 3 million Night vision type: dual light source night vision Product focal length: 3.6MM Monitoring effective distance: 20M Network supply method: WIFI Lens r",smart_bulb:approved_identity_phrase_absent|smart_bulb:wrong_product:camera|smart_bulb:wrong_product:cameras|smart_bulb:wrong_product:security camera|smart_plug:approved_identity_phrase_absent|smart_plug:identity_not_in_title_or_categories|smart_plug:wrong_product:camera|smart_plug:wrong_product:cameras|smart_plug:wrong_product:security camera,approved_identity_phrase_absent|multi-type conflict|wrong_product,title|features|description|details,bulb|e27|light bulb,wi fi|wifi,exclude,high,wrong_device_type,Primary title/category identifies a prohibited product or accessory.,w3-v1.4.0-draft,066849b7560fefd7a4f139cf0134b2ecce97bfb4da225715d866430d80a325ae
recovery_candidate,B0BLH8MXJF,smart_bulb,Electronics,Tools & Home Improvement,"Tiantianka Wireless WiFi Light Bulb Camera, 360 Degree E27 Bulb Security Camera Outdoor, 1080P Home Surveillance Cameras System with Human Motion Detection and Alarm (White（4pc）)",Electronics Camera & Photo Video Surveillance Surveillance Cameras Dome Cameras,"categories: Electronics Camera & Photo Video Surveillance Surveillance Cameras Dome Cameras | details: Alert Type Motion Only Best Sellers Rank Dome Surveillance Cameras 4233 Brand Tiantianka Compatible Devices Smartphone Control Method App Date First Available November 11, 2022 Installation Type Outdoor Item Package Quantity 1 Item Weight 2.27 pounds Item model number 1080p Manufacturer 陕西恒昌润隆商贸有限公司 Package Dimensions 7.13 x 6.61 x 6.02 inches Part Number Light Bulb Camera Power Source Corded Electric Special Feature…",smart_bulb:wrong_product:bulb camera|smart_bulb:wrong_product:camera|smart_bulb:wrong_product:cameras|smart_bulb:wrong_product:light bulb camera|smart_bulb:wrong_product:security camera,wrong_product,title|details,bulb|e27|light bulb,smartphone control|wi fi|wifi,exclude,high,wrong_device_type,Primary title/category identifies a prohibited product or accessory.,w3-v1.4.0-draft,074285a1ce15aee779b28aa055f42aa5d9be0ef8bf9a0db2f2a8b2d60c3f142b
recovery_candidate,B07Z4G87VN,smart_bulb,Electronics,Amazon Devices,Echo (3rd Gen) Heather Gray Bundle with Lifx wi-fi smart bulb,,"features: … Personalize your listening experience by adjusting the equalizer settings. Or pair with a second Echo (3rd Gen) or Echo Plus (2nd Gen) for stereo sound. Voice control your music - Ask Alexa for a song, artist, or genre from Amazon Music, Apple Music, Spotify, Pandora, SiriusXM, and more. With multi-room music, play music on compatible Echo devices in different rooms. Voice control your smart home - Turn on lights, a…",smart_bulb:wrong_product:bundle with|smart_bulb:wrong_product:echo,wrong_product,title|features,bulb,alexa|lifx|smart_near_bulb|voice control|wi fi|wifi,exclude,high,wrong_device_type,Primary title/category identifies a prohibited product or accessory.,w3-v1.4.0-draft,07a176464c4af2bcb77d2db80a2566b0cce0fe98c1b9b0757786da091a5f8819
recovery_candidate,B00004Z5X7,smart_bulb,Electronics,All Electronics,Pacoso 2018 Newest Version Digital - Amplified HD TV Antenna 75 Miles Range with Detachable Amplifier Signal Booster,Electronics Television & Video Accessories Projector Accessories Bulbs,"categories: Electronics Television & Video Accessories Projector Accessories Bulbs | features: 【Full free HD channels】 Paces TV antenna lets you enjoy over-the-air networks in your area without paying a monthly fee. Cut monthly cable and get access to local new, weather, sitcoms, kids and sports, educational programs etc. 【6580 miles range & 13. 5ft long coax cable】 with detachable amplifier signal booster, the digital TV antenna can reach up to max 80 miles range, with extra long 13. 5ft coaxial cable, you c… | description: …, etc., . Will reduce effective range. Always Re-Scan channels after moving the indoor antenna, The result may be better. 4. Stickers 5. Instruction manual. Amazon.com ",smart_bulb:approved_identity_phrase_absent|smart_bulb:identity_not_in_title_or_categories|smart_bulb:wrong_product:projector,approved_identity_phrase_absent|identity_not_in_title_or_categories|wrong_product,categories|description,bulb|bulbs,,exclude,medium,non_smart,Bulb identity is present but connected-control evidence is absent.,w3-v1.4.0-draft,07b455e6fdc1b78523d042238076d1e21b795109f5884a2baaecc15c752d66a0
recovery_candidate,B08F911FQP,smart_bulb,Electronics,Amazon Devices,Echo Dot (3rd Gen) - Smart speaker with Alexa - Sandstone Sengled Bluetooth bulb,,"features: This bundle contains Echo Dot (3rd gen) and Sengled Smart Bulb – everything you need to start your smart home. Echo Dot is our most popular voice-controlled speaker, now with improved sound and a new design. Simple to set up and use - To set up your free bulb, plug in and set up your Echo device, plug in your bulb, and ask, “Alexa, discover my devices."" Use your voice to name your bulb and begin using immediately No …",smart_bulb:approved_identity_phrase_absent|smart_bulb:wrong_product:echo|smart_bulb:wrong_product:echo dot|smart_bulb:wrong_product:smart speaker|smart_plug:approved_identity_phrase_absent|smart_plug:identity_not_in_title_or_categories|smart_plug:wrong_product:echo|smart_plug:wrong_product:echo dot|smart_plug:wrong_product:smart speaker,approved_identity_phrase_absent|multi-type conflict|wrong_product,title|features,bulb,alexa|bluetooth|sengled|voice controlled,exclude,high,wrong_device_type,Primary title/category identifies a prohibited product or accessory.,w3-v1.4.0-draft,07b8f8fe8dfe62ce6734c2758ac5b41fccefcc748b27d3e37d7de4f9a35aeaf9
recovery_candidate,B09JFPY6MY,smart_bulb,Electronics,All Electronics,"Pixthink Mini Projector with WiFi, Home Movie Projector Support 4K, Portable Outdoor Projector with Carrying Case and Projector Screen, Native 1080P Home Movie Projector for Android/iPhone",Electronics Video Projectors,"categories: Electronics Video Projectors | features: …ogy. The projector has lower noise compare to most projectors in the market. Besides, the powerful cooling system disperse the heat of the lamp efficiently, extending the bulb life to 30,000 hours. 💥Screen Mirroring Support & Easy Setup: Fast-speed wireless connection. No need to buy extra adapters to connect IOS and Android phones to projector, pixthink M1 wireless WiFi projector can also be wired through the origin… | details: … x 1080 Item Weight 3.17 pounds Item model number M1 Product Dimensions 7.87 x 5.51 x 5.51 inches Special Feature Wireless, Portable, Built In Wi Fi Special Features Wireless, Portable, Built In Wi Fi Specificati",smart_bulb:approved_identity_phrase_absent|smart_bulb:identity_not_in_title_or_categories|smart_bulb:wrong_product:projector,approved_identity_phrase_absent|identity_not_in_title_or_categories|wrong_product,title|features|details,bulb,wi fi|wifi,exclude,high,accessory,Primary title/category identifies a prohibited product or accessory.,w3-v1.4.0-draft,0810b05ddb0350b48bd8084f027d95adde3f418106c9024fa6ec3c0adc3e6164
recovery_candidate,B01IQH1DFY,smart_bulb,Electronics,Tools & Home Improvement,Replacement Lamp Assembly with Genuine Original OEM Bulb Inside for Smart Board 1018580 Projector (Power by Osram),Electronics Television & Video Accessories Projector Accessories Lamps,"categories: Electronics Television & Video Accessories Projector Accessories Lamps | features: IET Lamps only use original manufacturer OEM bulbs inside. IET Lamps housing units are made from durable and high quality materials and are guaranteed to fit properly. This lamp will meet the original manufacturer quality and performance standards. Last 3x longer then Generic lamps! Better Reliability, Brighter Picture, Longer Lasting. Lamp Part Number: 1018580 180 Days Warranty. 30 Days Money Back Guarantee. | description: IET Lamps only use original manufacturer OEM bulbs inside. Our housing units are made from durable and high quality materials and are guaranteed to fit properly. This lamp with ",smart_bulb:approved_identity_phrase_absent|smart_bulb:wrong_product:projector|smart_bulb:wrong_product:replacement lamp|smart_bulb:wrong_product:smart board,approved_identity_phrase_absent|wrong_product,title|features|description,bulb|bulbs,smart_near_bulb,exclude,high,wrong_device_type,Primary title/category identifies a prohibited product or accessory.,w3-v1.4.0-draft,081eaeaeae4f58f7b393226bc4eb6be0932da69cc2406f207f101e9cd51d0234
recovery_candidate,B0C7CCT8NW,smart_bulb,Electronics,All Electronics,"TOPTRO X5 5G WiFi Bluetooth Projector, 460 ANSI Lumen Full HD Native 1080P Projector, Outdoor Projector 4K Support 4P/4D Keystone, Zoom, 300"" Display, PPT, for Home Theater and Small Office Use",Electronics Video Projectors,"categories: Electronics Video Projectors | features: 💖【Imported Light Source and Long-lasting Reliability】The brightness and image quality of ordinary projector bulbs will decrease after long-term use. The X5 projector uses a light source imported from Germany, with the original image optimization function, the image can be automatically adjusted according to the attenuation of the bulb to keep the image clear always. The maintenance and after-sales cost of the project… | description: TR81 | details: Best Sellers Rank Video Projectors 1240 Brand TOPTRO Brand Name TOPTRO Color Name White Connectivity Technology Bluetooth Date First Available May 20, 2020 Display resolution 1920 x 1080 Item We",smart_bulb:approved_identity_phrase_absent|smart_bulb:identity_not_in_title_or_categories|smart_bulb:wrong_product:projector,approved_identity_phrase_absent|identity_not_in_title_or_categories|wrong_product,title|features,bulb|bulbs,bluetooth|wi fi|wifi,exclude,high,wrong_device_type,Primary title/category identifies a prohibited product or accessory.,w3-v1.4.0-draft,0824b92b85c64f2cdfb9ebae78049a01ca79dd911247fe7ced4e89bb70a5786d
recovery_candidate,B07Z4GBF47,smart_bulb,Electronics,Amazon Devices,Echo Show 8 (Sandstone) Bundle with Senged 2-pack smart bulb starter kit,,"features: Alexa can show you more - With an 8"" HD screen and stereo sound, Alexa can help manage your day at a glance. Be entertained - Ask Alexa to show you movie trailers, TV shows, movies, or the news. Or listen to radio stations, podcasts, and audiobooks. Connect with video calling and messaging - Call friends and family who have the Alexa app or an Echo device with a screen. Make announcements to other devices in your hom…",smart_bulb:wrong_product:bundle with|smart_bulb:wrong_product:echo|smart_bulb:wrong_product:echo show,wrong_product,title|features,bulb|bulbs,alexa|google assistant|sengled|smart_near_bulb|voice control|wi fi|wifi,exclude,high,wrong_device_type,Primary title/category identifies a prohibited product or accessory.,w3-v1.4.0-draft,082a3b60a14e6621f6985f218e679e0596798265ab2277e2660889b91564b2e3
recovery_candidate,B09DYP29RS,smart_bulb,Home_and_Kitchen,Amazon Home,36 Pieces Christmas Reflective Car Magnets Reflective Bulb Light Christmas Gnome Magnets Decor for Christmas Car Refrigerator Decoration,Home & Kitchen Kitchen & Dining Kitchen Utensils & Gadgets Kitchen Accessories Refrigerator Magnets,"categories: Home & Kitchen Kitchen & Dining Kitchen Utensils & Gadgets Kitchen Accessories Refrigerator Magnets | features: Package contents: you will receive 4 pieces Xmas gnome decorations, 16 pieces decorative bulbs and 16 pieces light strings, complete accessories set are enough to satisfy your decoration and replacement needs Long time service: the light bulb magnets set is made of quality and anti-slip magnet, easy to stick to your car, fridge, metal door, cabinets, garage door, not easy to fall, serviceable and reusable for a long … | description: Features:Reliable quality:The Xmas light bulb magnets sticker is made of reliable magnet material, lightweight and odorless, reliable and s",smart_bulb:approved_identity_phrase_absent|smart_bulb:smart_evidence_not_in_title_or_categories,approved_identity_phrase_absent|smart_evidence_not_in_title_or_categories,title|features|description,bulb|bulbs|light bulb,,exclude,medium,non_smart,Bulb identity is present but connected-control evidence is absent.,w3-v1.4.0-draft,086e335f5d3cf482c7c0778a4245122eed5254c3c9ab54ba4e536221bd1c82b4
recovery_candidate,B008MZNS2C,smart_bulb,Electronics,,"20-01032-20 Projector Replacement Lamp for Smart UF55, UF55w, Unifi 55, Smart Board 600i3, SB660, SBD660, SB680, SBD680, SB685, SBD685",Electronics Television & Video Accessories Projector Accessories Bulbs,"categories: Electronics Television & Video Accessories Projector Accessories Bulbs | features: …70 tlp-671 tlp-671e This product has been tested and validated for your smartboard 20-01032-20 projector 120-Day warranty when purchased from Bulb America High quality at an affordable price Replacement Lamp | description: CTLAMP TLPL6 Replacement Lamp with housing for Toshiba tlp-450 tlp-451 tlp-650tlp-651 tlp-670 tlp-671 tlp-671e with great brightness and long life | details: Best Sellers Rank Projector Bulbs 4449 Brand FI Lamps Control Method App Date First Available July 19, 2012 Finish Type Projector Is Discontinued By Manufacturer No Item Dimensions LxWxH 7.28 x 6.1 x 5.71 inches Item Packag",smart_bulb:approved_identity_phrase_absent|smart_bulb:identity_not_in_title_or_categories|smart_bulb:wrong_product:projector|smart_bulb:wrong_product:replacement lamp|smart_bulb:wrong_product:smart board,approved_identity_phrase_absent|identity_not_in_title_or_categories|wrong_product,categories|features|details,bulb|bulbs,,exclude,high,accessory,Primary title/category identifies a prohibited product or accessory.,w3-v1.4.0-draft,089e07b0f81ff1f972f1321d574c7fdacdc1ae8835f9f5e409642964ebe8d743
recovery_candidate,B00BT5JR0Y,smart_bulb,Electronics,Camera & Photo,PRO 16CH H.264 1 TB Smart Security DVR with 8 Ultra Hi-res Outdoor Surveillance Cameras and Smart Phone Compatibility,Electronics Security & Surveillance Surveillance Video Equipment Surveillance DVR Kits,"categories: Electronics Security & Surveillance Surveillance Video Equipment Surveillance DVR Kits | description: 11114 Features: -Number of light: 38. -Bulb type: IR LED. -1TB HDD Delivers 4 years of memory. -Adjustable anti-vandal mount for ease of installation. Product Type: -Surveillance system. Color: -Silver. Number of Channels: -16. Camera Type: -Bullet. Outdoor Use: -Yes. Motion Sensor: -Yes. Network Capable: -Yes. Night Vision: -Yes. Display Type: -Smartphone compatible. Recording Capacity in GB: -1024. Connection Type:… | details: Brand SVAT Electronics Color Silver Compatible Devices Smartphones, Cameras Connectivity Technology Wired Date First Available March 13, 2013 Item Dimens",smart_bulb:approved_identity_phrase_absent|smart_bulb:identity_not_in_title_or_categories|smart_bulb:wrong_product:cameras,approved_identity_phrase_absent|identity_not_in_title_or_categories|wrong_product,description,bulb,,exclude,high,wrong_device_type,Primary title/category identifies a prohibited product or accessory.,w3-v1.4.0-draft,08d279c8ca1f48eeb7c1ca76064db534d83eae67f324b1affee89dc4efd242da
recovery_candidate,B0BSFQGK7N,smart_bulb,Electronics,Camera & Photo,"NEEWER CL124 RGB Handheld LED Light Stick Light Wand with APP Control & Metal Barndoor, 360°Full Color 16W 2500K-10000K CRI97+ Photography Tube Light with 17 Preset Scenes LCD Display 2600mAh Battery",Electronics Camera & Photo Lighting & Studio Lighting Continuous Output Lighting,"categories: Electronics Camera & Photo Lighting & Studio Lighting Continuous Output Lighting | features: …nd color neutral illumination. CCT/HSI/FX modes, 2500K-10000K adjustable color temperature, and 0-100% dimming for easy lighting customization 【Intelligent App Control】 Download the ""NEEWER"" app on your iOS or Android mobile device, then use it to wirelessly control the CL124 RGB and save lighting presets for future use. It’s a time saving and efficient way for portrait photography, film production, product photograp… | details: Battery Life 1 Hours Best Sellers Rank Continuous Output Lighting 193 Brand Neewer Connectivity Technology USB Date First Available January 16, 2023 Hardware Int",smart_bulb:approved_identity_phrase_absent|smart_bulb:identity_not_in_title_or_categories|smart_bulb:wrong_product:camera,approved_identity_phrase_absent|identity_not_in_title_or_categories|wrong_product,title|features,bulb,app control,exclude,low,insufficient_evidence,Bulb identity is not explicit in title/categories.,w3-v1.4.0-draft,091c552eb9cf6e7e9e30d110abee61d8778cf60d6504a980e8609ebafdfaf4a2
recovery_candidate,B00JST4RP8,smart_bulb,Electronics,All Electronics,LG Electronics PF85U Full HD LED Projector with Smart TV and Built-In Digital TV Tuner (2014 Model),Electronics Video Projectors,"categories: Electronics Video Projectors | features: … well as at home providing a highly detailed image for your favorite content The PF85U makes use of LG's Smart TV by utilizing the integrated Wi-Fi to stream content from your favorite on-line service providers (Amazon Instant Video, Netflix, Vudu and more) as well as providing WiDi and Mira cast capabilities The integrated digital TV tuner allows you to access over the air High Definition broadcasts | description: …ital based light source shows picture in stunning color and clarity and because the light pulses, the LED light virtually eliminates motion blur. LONG LASTING LED If you're concerned with bulb-life, don't be. Unlike convention",smart_bulb:approved_identity_phrase_absent|smart_bulb:identity_not_in_title_or_categories|smart_bulb:wrong_product:projector,approved_identity_phrase_absent|identity_not_in_title_or_categories|wrong_product,features|description,bulb,wi fi|wifi,exclude,high,wrong_device_type,Primary title/category identifies a prohibited product or accessory.,w3-v1.4.0-draft,092a577fe14bf317877df3ce439f13988fa0be45078cad236b66322b1be76e3c
recovery_candidate,B0875TWRZY,smart_bulb,Electronics,Camera & Photo,GVM RGB Video Lighting Panel - Studio Light Panel 8 Modes Lighting Scenes Fill Light Panel 3200K~5600K CCT Video Lighting Panel with APP Control Photography Lighting Kit for YouTube/Vlog/Makeup/Studio,Electronics Camera & Photo Lighting & Studio Lighting Continuous Output Lighting,"categories: Electronics Camera & Photo Lighting & Studio Lighting Continuous Output Lighting | features: 【Upgraded 8 Modes of Lighting Scenes】Upgraded RGB Video Light Panel supports including TV, Candle, Cop Car, Lightning, Paparazzi, Disco, Party, Bad bulb 8 kinds of special lighting scenes to enrich your shooting environment. AC adapter and battery (which is purchased separately) two charge methods for power supply, no matter indoor studio, outdoor video photography or camera lighting, more convenient to use 【RGB/Bi-C… | details: Best Sellers Rank Continuous Output Lighting 1681 Brand GVM Great Video Maker Date First Available April 16, 2020 Hardware Interface Lightning Has Self-Timer No I",smart_bulb:approved_identity_phrase_absent|smart_bulb:identity_not_in_title_or_categories|smart_bulb:wrong_product:camera,approved_identity_phrase_absent|identity_not_in_title_or_categories|wrong_product,title|features,bulb,app control,exclude,low,insufficient_evidence,Bulb identity is not explicit in title/categories.,w3-v1.4.0-draft,093eff2a74eaa86923dd734dc41690720823ba326720c8c79e97c3ffe06ee2d5
recovery_candidate,B005T567CG,smart_bulb,Electronics,All Electronics,"AAXA P2 Jr Pico Projector with 90 Minute Battery Life, Pocket Size, 15,000 Hour LED Life, Mini-HDMI, Mini-VGA, Media Player, DLP Projector",Electronics Video Projectors,"categories: Electronics Video Projectors | features: Ultra Bright 55 Lumens, Supports 1080p/1080i/720p Resolutions, 1000:1 Contrast, Vibrant Color Technology with 15,000 hour LED s Ultra Portable 0.3 lbs. Weight, Pico Projector fits nicely in your pocket, Lamp Life 15,000 Hours. Built-in Speakers, 16:9 compatible. Mini-HDMI, mini-VGA, Composite A/V connections along with USB readers For Personal Media Sharing with friends and family, USB Plug 'n Play instant set up; A… | description: …ywhere. The powerful ARM-based processor allows the AAXA P2 Jr. Pico to natively play 720p videos, pictures, and even text and music directly from a USB or microSD card (up to 16GB). An entire media library can",smart_bulb:approved_identity_phrase_absent|smart_bulb:identity_not_in_title_or_categories|smart_bulb:wrong_product:projector|smart_plug:approved_identity_phrase_absent|smart_plug:identity_not_in_title_or_categories,approved_identity_phrase_absent|identity_not_in_title_or_categories|multi-type conflict|wrong_product,description,bulb|bulbs,,exclude,high,wrong_device_type,Primary title/category identifies a prohibited product or accessory.,w3-v1.4.0-draft,0944d523359a0dc698cc2a4b7e649b5c1b45d1b282c2f37013bf9cf2fa6525b3
recovery_candidate,B0B5R839HM,smart_bulb,Electronics,Camera & Photo,"XVIM 3MP Wireless Bulb Camera, 2.4GHZ WiFi Camera, Home Light Bulb Security Camera, Motion Detection & Alarm, Night Vision",Electronics Camera & Photo Video Surveillance Surveillance Cameras Bullet Cameras,"categories: Electronics Camera & Photo Video Surveillance Surveillance Cameras Bullet Cameras | features: 【2.4Ghz WiFi & Easy Installation】- XVIM light bulb security camera supports 2.4Ghz WiFi (5Ghz WiFi is not supported). Bulb cameras can be mounted on the E26 bulb base(100V~240V), no extra installation steps are required. Also, equipped with an adapter, XVIM light bulb security camera can be easily used by being screwed into the adapter and plugged into the power supply. You can easily use the bulb camera even if ther… | details: …veillance Cameras 687 Brand XVIM Connectivity Technology Wireless Date First Available July 4, 2022 Item Weight 9.1 ounces Item model number Bulb Camera Manufac",smart_bulb:approved_identity_phrase_absent|smart_bulb:wrong_product:bulb camera|smart_bulb:wrong_product:camera|smart_bulb:wrong_product:cameras|smart_bulb:wrong_product:security camera|smart_plug:approved_identity_phrase_absent|smart_plug:identity_not_in_title_or_categories|smart_plug:wrong_product:camera|smart_plug:wrong_product:cameras|smart_plug:wrong_product:security camera,approved_identity_phrase_absent|multi-type conflict|wrong_product,title|features|details,bulb|e26|light bulb,wi fi|wifi,exclude,high,wrong_device_type,Primary title/category identifies a prohibited product or accessory.,w3-v1.4.0-draft,095fc3ef169211fb1c840ad028de7b93d14212072f54cfb4aecb4552ff96b23b
recovery_candidate,B0BNNN7SCY,smart_bulb,Electronics,All Electronics,"Projector, Portable Projector 1080P Supported,200"" HD Mini Projector, 8000 Lux LED Movie Outdoor Projector for Phone Compatible with HDMI/PC/Smartphone/TV Stick/PS4/USB-White",Electronics Video Projectors,"categories: Electronics Video Projectors | features: Portable Home WiFi Projector with Screen: The projector has a high brightness of 8000L, and the LED light source, makes the light softer and brings you a comfortable visual experience. 9000:1 high contrast ratio and ultra-wide color gamut provide ultra-detailed and vivid images. Lenses with optical coating technology, provide excellent light transmission and bring lasting clarity to the image. The ultra-fast WiFi tra… | details: Best Sellers Rank Video Projectors 3090 Brand Tytye Brand Name Tytye Connectivity Technology Wi-Fi, USB, HDMI Date First Available November 30, 2022 Display resolution 1920 x 1080 Form Factor Portable Item Weight 4",smart_bulb:approved_identity_phrase_absent|smart_bulb:identity_not_in_title_or_categories|smart_bulb:wrong_product:projector,approved_identity_phrase_absent|identity_not_in_title_or_categories|wrong_product,features|details,bulb,wi fi|wifi,exclude,high,wrong_device_type,Primary title/category identifies a prohibited product or accessory.,w3-v1.4.0-draft,0965a676b787110cf5813d588edb2ae1c1a4b86430dd6a64d8dd9f640e5bee31
recovery_candidate,B0BRNFCRLV,smart_bulb,Electronics,Camera & Photo,"Hoibampu Wireless Light Bulb Security Camera for Home Motion Tracking Alarm, 1080P Socket Cameras Night Vision Two-Way Talk Compatible with Alexa blue",Electronics Camera & Photo Video Surveillance Surveillance Cameras Dome Cameras,"categories: Electronics Camera & Photo Video Surveillance Surveillance Cameras Dome Cameras | features: …he Action In Your Indoor/Outdoor In 360° field of view Built-In Motion Detection and Microphone Take action before it's too late with our security light bulb camera's motion tracking feature. The camera automatically pans, tilts, zooms, and rotates 360 degrees, following the motion until it goes out of sight. When enabled, the app sends notification alerts to your phone upon detection. Plus, a built-in mic captures t… | description: Wireless Light Bulb Security Camera Light Bulb Camera for Home Security Motion Tracking Alarm, 1080P Light Socket Cameras Night Vision Two-Way Talk Compatible",smart_bulb:approved_identity_phrase_absent|smart_bulb:wrong_product:camera|smart_bulb:wrong_product:cameras|smart_bulb:wrong_product:security camera|smart_plug:approved_identity_phrase_absent|smart_plug:wrong_product:camera|smart_plug:wrong_product:cameras|smart_plug:wrong_product:security camera,approved_identity_phrase_absent|multi-type conflict|wrong_product,title|features|description,bulb|light bulb,alexa|google assistant|wi fi|wifi,exclude,high,wrong_device_type,Primary title/category identifies a prohibited product or accessory.,w3-v1.4.0-draft,0979a3f10de4f805919a342ee6ac10fbb22f9e31cb12fbf6e1be1a50b6185d73
recovery_candidate,B00C197G0A,smart_bulb,Electronics,All Electronics,LG Electronics PG65U Ultra Portable LED Projector with WXGA Resolution WiDi ATSC Tuner and Integrated Battery (2014 Model),Electronics Video Projectors,"categories: Electronics Video Projectors | features: Getting your LG TV connected to the Internet and online content is easy when you have Wi-Fi built in. Disclaimer: *Internet connection required and sold separately. Integrated battery lets you be free from the power outlet availability to view your movies or files without the need to plug in. Play your movies and photos in HD from a USB. Easily view office and PDF files by connecting a thumb drive to the projector. N… | description: … color and clarity and because the light pulses, the LED light virtually eliminates motion blur. SUPER LONG-LASTING LED LAMP If you're concerned with bulb-life, don't be. The Super Long-Lasting LED Lamp will l",smart_bulb:approved_identity_phrase_absent|smart_bulb:identity_not_in_title_or_categories|smart_bulb:wrong_product:projector|smart_plug:approved_identity_phrase_absent|smart_plug:identity_not_in_title_or_categories,approved_identity_phrase_absent|identity_not_in_title_or_categories|multi-type conflict|wrong_product,features|description,bulb,wi fi|wifi,exclude,high,wrong_device_type,Primary title/category identifies a prohibited product or accessory.,w3-v1.4.0-draft,0985c0de33c6fb53f6c0c91eb89576485f02b09d5fbad08cb7b20c2172db7447
recovery_candidate,B09Q5ZM92R,smart_bulb,Electronics,Camera & Photo,"WOSECU Light Bulb Security Camera, 2.4GHz Wireless WiFi 1080P Smart Home Surveillance Cam, 360 Degree Pan Tilt Indoor Camera with Night Vision, Remote Viewing, Two Way Talk,Motion Detection Alarm",Electronics Security & Surveillance Home Security Systems,"categories: Electronics Security & Surveillance Home Security Systems | features: 【Full HD 1080P and Night Vision】: This wireless WiFi camera with 360 Degrees panoramic view angle, 1920×1080 image resolution. you can access the live stream through your iPhone/Android phone/Ipad.It can provide you with a clear vision at all times, no matter day or night 【Wireless Connection and Easy Setup】:This PTZ dome surveillance camera only supports 2.4G Wi-Fi (doesn’t support 5G Wi-Fi), It can be installed usi… | description: light bulb camera | details: Best Sellers Rank Home Security Systems 6994 Brand WOSECU Connectivity Technology Wireless Date First Available January 11, 2022 Indoor/Outdoor Usage In",smart_bulb:approved_identity_phrase_absent|smart_bulb:wrong_product:camera|smart_bulb:wrong_product:security camera,approved_identity_phrase_absent|wrong_product,title|features|description,bulb|e27|light bulb,smart home|wi fi|wifi,exclude,high,wrong_device_type,Primary title/category identifies a prohibited product or accessory.,w3-v1.4.0-draft,09951a86ce8dca6cced372584c9bf592ec6554c08fc35ae062044cbebc757c73
recovery_candidate,B0B9WJW1FN,smart_bulb,Electronics,Camera & Photo,"5GHz/2.4GHz Home Light Bulb Security Camera, Wireless WiFi 360 Degree PTZ Lightbulb Surveillance Camera with Motion Detection Two-Way Talk Color Night Vision E27 Lamp Cam White",Electronics Camera & Photo Video Surveillance Surveillance Cameras Dome Cameras,"categories: Electronics Camera & Photo Video Surveillance Surveillance Cameras Dome Cameras | details: Best Sellers Rank Dome Surveillance Cameras 4350 Date First Available August 17, 2022 Item Weight 9.6 ounces Manufacturer PRUBOVI Package Dimensions 7.4 x 3.94 x 3.15 inches",smart_bulb:approved_identity_phrase_absent|smart_bulb:wrong_product:camera|smart_bulb:wrong_product:cameras|smart_bulb:wrong_product:security camera,approved_identity_phrase_absent|wrong_product,title,bulb|e27|light bulb,wi fi|wifi,exclude,high,wrong_device_type,Primary title/category identifies a prohibited product or accessory.,w3-v1.4.0-draft,099f830f44bcf54d63aa1c79b1f4434381554c040141a0388874d0708ee35f8c
recovery_candidate,B0B33L7MK8,smart_bulb,Electronics,Camera & Photo,"US Stock Aputure Amaran T2c RGB Full-Color LED Tube Light,2500K~7500K Adjustable RGB Video Light Wand Stick,CRI 95+ TLCI 98+,15 Light Effects APP Control",Electronics Camera & Photo Lighting & Studio Lighting Continuous Output Lighting,"categories: Electronics Camera & Photo Lighting & Studio Lighting Continuous Output Lighting | features: …trol (DMX adapter required separately), On-Board 15 Built-in Lighting FX: Club lights, Paparazzi, Lightning, TV, Candle, Fire, Strobe, Explosion, Faulty Bulb, Pulsing, Welding, Cop Car, Color chase, Party Lights, Fireworks Super Accurate Color Rendition, CRI: ≥95, TLCI: ≥98, | details: Best Sellers Rank Continuous Output Lighting 795 Brand UKHP Connectivity Technology USB Country of Origin China Date First Available June 2, 2022 Hardware Interface USB Type C Has Self-Timer No Item Weight 5.35 pounds Manufacturer Aputure . Package Dimensions 26.22 x 4.69 x 4.13 inches",smart_bulb:approved_identity_phrase_absent|smart_bulb:identity_not_in_title_or_categories|smart_bulb:wrong_product:camera,approved_identity_phrase_absent|identity_not_in_title_or_categories|wrong_product,title|features,bulb,app control,exclude,low,insufficient_evidence,Bulb identity is not explicit in title/categories.,w3-v1.4.0-draft,09a8a9f5e5fa6eeaa50cbece16d057ff1af47eae25d77936d240a4627f0876e0
recovery_candidate,B07F1K6V9S,smart_bulb,Home_and_Kitchen,Amazon Home,LSE Lighting UV Bulb for Smart High Output Emperor Aquatics 20080 80W,,details: Is Discontinued By Manufacturer No Item Weight 7.2 ounces Package Dimensions 38 x 2 x 2 inches,smart_bulb:approved_identity_phrase_absent,approved_identity_phrase_absent,title,bulb,smart_near_bulb,exclude,high,wrong_device_type,Primary title/category identifies a prohibited product or accessory.,w3-v1.4.0-draft,09cfdbf50ebae961f4574d8ab2d1b25e2a6da41a1a4eb409ce7c81a796a89002
recovery_candidate,B0B52KQ34K,smart_bulb,Electronics,Amazon Devices,Echo Show 5 (2nd Gen) | Charcoal with 2-Pack GE CYNC Smart LED Color Bulb,,"features: Smart bulbs that work with Alexa: Directly connect these smart LED light bulbs to your Google Assistant or Amazon Alexa for voice control. With Google Assistant or Alexa, light bulbs with voice control will help create your smart LED smart bulbs: These smart lights fit medium base sockets for 60W incandescent A19 bulbs, helping make your house a smart home. These smart LED light bulbs use 84% less energy and last 15 …",smart_bulb:approved_identity_phrase_absent|smart_bulb:wrong_product:echo|smart_bulb:wrong_product:echo show,approved_identity_phrase_absent|wrong_product,title|features,a19|bulb|bulbs,alexa|google assistant|smart_near_bulb|voice control|wi fi|wifi,exclude,high,wrong_device_type,Primary title/category identifies a prohibited product or accessory.,w3-v1.4.0-draft,09d24357eaebd52d2d2307c561d5ee3491da7e23618005fd44ea6e61554abf8a
recovery_candidate,B08K4G1N5K,smart_bulb,Electronics,Amazon Devices,Echo (4th Gen) | Glacier White with Sengled Bluetooth bulb | Alexa smart home starter kit,,"features: This bundle contains Echo (4th Gen) Glacier White and Sengled Bluetooth bulb. Control your lights without getting up - Use your voice to control your smart light bulb by saying, ""Alexa, turn on the lights"" for a hands free experience. Simple to set up and use - To set up your bulb, plug in and set up your Echo device, plug in your bulb, and ask, “Alexa, discover my devices."" Use your voice to name your bulb and begin…",smart_bulb:approved_identity_phrase_absent|smart_bulb:wrong_product:echo|smart_plug:approved_identity_phrase_absent|smart_plug:identity_not_in_title_or_categories|smart_plug:wrong_product:echo|smart_plug:wrong_product:starter kit,approved_identity_phrase_absent|multi-type conflict|wrong_product,title|features,bulb|light bulb,alexa|bluetooth|sengled|smart home|smart_near_bulb,exclude,high,wrong_device_type,Primary title/category identifies a prohibited product or accessory.,w3-v1.4.0-draft,09ea2179ab088fcac6328f32567e6036947e0a65186470f75bd9100c9f3766f2
recovery_candidate,B07HR1D131,smart_bulb,Electronics,Camera & Photo,ZEUS CCTV 8 Channels standalone Pro Wi-Fi NVR System + 2 Twist in Pro floodlight Surveillance Security Cameras Complete Install Kit with Hard Drive,Electronics Security & Surveillance Surveillance Video Equipment Surveillance NVR Kits,"categories: Electronics Security & Surveillance Surveillance Video Equipment Surveillance NVR Kits | features: 8CH Standalone Pro NVR + 2 Pro floodlight Camera Complete Install Kit. Install within minutes. As simple as screwing in a light bulb. Replace existing floodlight with our flood light camera and get normal bright flood light + a HD Wi-Fi Security Surveillance Camera system for home. 1080P HD Live Stream and Recording Resolution. Color at day. Black/white at night, 100ft IR Camera Night Vision distance, If Floodlight i… | description: …ghtness and illuminate over 100ft equivalent to that of a standard floodlight Floodlights on/off are still controlled by the original floodlight switch",smart_bulb:approved_identity_phrase_absent|smart_bulb:identity_not_in_title_or_categories|smart_bulb:wrong_product:cameras|smart_plug:approved_identity_phrase_absent|smart_plug:identity_not_in_title_or_categories|smart_plug:wrong_product:cameras,approved_identity_phrase_absent|identity_not_in_title_or_categories|multi-type conflict|wrong_product,title|features|description,bulb|light bulb,wi fi|wifi,exclude,high,wrong_device_type,Primary title/category identifies a prohibited product or accessory.,w3-v1.4.0-draft,0a33b9f5c70fcb5f37a0819a4c0c3556d1699e719cf2f1d04c0dd9ea8b3db9d6
recovery_candidate,B087M1W4YQ,smart_bulb,Electronics,Camera & Photo,"Aputure LS 300X (V-Mount) 2700-6500K Bi-Color LED Video Light, 350W 24300lux@1m Sidus Link App Control, with Silent Fans, Precise CCT Control",Electronics Camera & Photo Lighting & Studio Lighting Continuous Output Lighting,"categories: Electronics Camera & Photo Lighting & Studio Lighting Continuous Output Lighting | features: …fiers SSI Scores Higher Than The Industry Standard. Tungsten SSI: 85; D55 SSI: 74 9 Built-in FX w/ CCT Control: Paparazzi, Strobe, Lightning, Faulty Bulb, TV, Pulsing, Fireworks, Explosion, & Fire 4 Dimming Curves: Linear, Exponential, Logarithmic, & S-Curve 2700-6500K Tunable White Point | details: …llers Rank Continuous Output Lighting 1018 Brand EACHSHOT Connectivity Technology XLR Date First Available April 24, 2020 Hardware Interface Bluetooth Has Self-Timer No Item Weight 24.3 pounds Manufacturer Aputure Package Dimensions 24.5 x 12.5 x 11 inches Wireless Communication Technology R",smart_bulb:approved_identity_phrase_absent|smart_bulb:identity_not_in_title_or_categories|smart_bulb:wrong_product:camera,approved_identity_phrase_absent|identity_not_in_title_or_categories|wrong_product,title|features,bulb,app control|bluetooth,exclude,high,accessory,Primary title/category identifies a prohibited product or accessory.,w3-v1.4.0-draft,0a4138acc0b6d7334787454c70103eeae17230436c8bdfb5b46616d6f07d67ab
recovery_candidate,B078PF7L4B,smart_bulb,Home_and_Kitchen,Amazon Home,"Nitin Dayllight Lighted Makeup Mirror-Lighted Vanity Mirror With Touch Screen Dimmable,High Definition Clarity Cosmetic Mirror,180° Adjustable Rotation,Tabletop Cosmetic Mirror",Home & Kitchen Home Décor Products Mirrors,"categories: Home & Kitchen Home Décor Products Mirrors | features: Classic Hollywood Look - The hollywood-style bulb layout provide a clean and bright reflection and allow you to get the most natural application of makeup, even at night.perfect for makeup application at any setting, home or professional. (High quality LED bulbs, lifespan of nearly fifty thousand hours, durable.) Natural and Bright Lighting - 6 LED bulbs with warm light ( 3000-4000K color temperature) / daylight ( 50… | description: …make Nitin vanity mirror the most functional, versatile vanity mirror on the market and completely different from other vanity mirrors: *9 LED bulbs available in warm light / daylight options, *S",smart_bulb:approved_identity_phrase_absent|smart_bulb:identity_not_in_title_or_categories|smart_plug:approved_identity_phrase_absent|smart_plug:identity_not_in_title_or_categories,approved_identity_phrase_absent|identity_not_in_title_or_categories|multi-type conflict,features|description,bulb|bulbs,,exclude,high,wrong_device_type,Primary title/category identifies a prohibited product or accessory.,w3-v1.4.0-draft,0ac8d7f0c8f43ea5410faf0d1a30e50339d04811439afba0cb7e67e01003e43a
recovery_candidate,B08YT2YMYW,smart_bulb,Electronics,Amazon Devices,Echo Dot (3rd Gen) - Smart speaker with Alexa - Sandstone Sengled Bluetooth Color bulb,,"features: This bundle contains an Echo Dot (3rd Gen) and Sengled Bluetooth Smart Color Bulb. Easily automate your home through smart lighting. Use your voice to turn on your lights, set schedules and change colors. Just say ""Alexa, turn on my Lights."" Meet Echo Dot - Our most popular smart speaker with a fabric design. It is our most compact smart speaker that fits perfectly into small spaces. Designed to protect your privacy …",smart_bulb:approved_identity_phrase_absent|smart_bulb:wrong_product:echo|smart_bulb:wrong_product:echo dot|smart_bulb:wrong_product:smart speaker,approved_identity_phrase_absent|wrong_product,title|features,bulb,alexa|sengled|voice control,exclude,high,wrong_device_type,Primary title/category identifies a prohibited product or accessory.,w3-v1.4.0-draft,0adca01a034c0e169c76a670261ec29d5c50ae2775d0a96420f33d6e7ef327e0
recovery_candidate,B01LCX9QWG,smart_bulb,Home_and_Kitchen,,"Germ Guardian Wi-Fi Bluetooth Smart Voice Control Air Purifier, UV Light Sanitizer Eliminates Germs, Mold, Odors, True HEPA Filters Allergies, Pollen, Smoke, Dust, Pet Dander, 22 inch, CDAP4500BCA","Home & Kitchen Heating, Cooling & Air Quality Air Purifiers HEPA Air Purifiers","categories: Home & Kitchen Heating, Cooling & Air Quality Air Purifiers HEPA Air Purifiers | features: WIFI & BLUETOOTH ENABLED - Monitor and control your GermGuardian air purifier anywhere from the Guardian Technologies App that notifies you and sends important alerts. VOICE CONTROL - Alexa compatible for convenient setting changes. 4-IN-1 AIR PURIFIER FOR HOME - True HEPA air filter reduces up to 99.97% of harmful germs, mold spores, and odor while utilizing a built-in air quality monitor (AQM) that automatically ad… | description: …se in rooms up to 148 sq feet. The easy-to-use smart app allows you to monitor the air quality in your home from EVERYWHERE! This Smart Air Purifier is Voice C",smart_bulb:approved_identity_phrase_absent|smart_bulb:identity_not_in_title_or_categories,approved_identity_phrase_absent|identity_not_in_title_or_categories,title|features|description,bulb,alexa|bluetooth|voice control|wi fi|wifi,exclude,low,insufficient_evidence,Bulb identity is not explicit in title/categories.,w3-v1.4.0-draft,0b0632f63e3e35ecada2c5bdf409077d2657364017e1391638ba08add7b0cc21
recovery_candidate,B08L37T637,smart_bulb,Electronics,Camera & Photo,1080P 360°Rotate Auto Tracking Panoramic Camera Light Bulb Night Vision Wireless for WiFi PTZ IP Cam Remote Viewing Security E27 Interface Home Security Webcam Two Way Voice,Electronics Camera & Photo Lighting & Studio Photo Studio Backgrounds,"categories: Electronics Camera & Photo Lighting & Studio Photo Studio Backgrounds | features: 111 | description: 1111111111 | details: Best Sellers Rank Dome Surveillance Cameras 3024 Photographic Studio Photo Backgrounds 43553 Brand TT4ALL Color Blue Date First Available January 10, 2021 Item Weight 4.9 Ounces Item model number W870 7X5 Manufacturer TT4ALL Occasion Baptism, Wedding, Christmas, Graduation, Baby Shower, Birthday Product Dimensions 85 x 0.1 x 65 inches Size XL",smart_bulb:approved_identity_phrase_absent|smart_bulb:wrong_product:camera|smart_bulb:wrong_product:photo studio,approved_identity_phrase_absent|wrong_product,title,bulb|e27|light bulb,wi fi|wifi,exclude,high,wrong_device_type,Primary title/category identifies a prohibited product or accessory.,w3-v1.4.0-draft,0b115a4877133462bc57b3f85dc62963b276c78053e27b91ccdcb49d853f48db
recovery_candidate,B0BN3LDV7H,smart_bulb,Electronics,Camera & Photo,"LALINCA Light Bulb Camera,1080P 2.4G&5G WiFi Home Security Camera",Electronics Camera & Photo Video Surveillance Surveillance Cameras Dome Cameras,"categories: Electronics Camera & Photo Video Surveillance Surveillance Cameras Dome Cameras | details: Brand LALINCA Connectivity Technology Wireless Date First Available November 28, 2022 Indoor/Outdoor Usage Outdoor, Indoor Item Weight 0.634 ounces Manufacturer LALINCA Package Dimensions 11.73 x 4.65 x 4.49 inches Recommended Uses For Product Indoor,Outdoor Special Feature Night Vision, Motion Sensor",smart_bulb:approved_identity_phrase_absent|smart_bulb:wrong_product:bulb camera|smart_bulb:wrong_product:camera|smart_bulb:wrong_product:cameras|smart_bulb:wrong_product:light bulb camera|smart_bulb:wrong_product:security camera,approved_identity_phrase_absent|wrong_product,title,bulb|light bulb,wi fi|wifi,exclude,high,wrong_device_type,Primary title/category identifies a prohibited product or accessory.,w3-v1.4.0-draft,0b121fe08bac096ef6deaa6d2b2930f662f68d81a68bf97c9d9a5455d9491d09
recovery_candidate,B08JY5QC1T,smart_bulb,Electronics,All Electronics,"DBPOWER L21 LCD Video Projector, Upgraded 5000L 1080P 1920x1080 Supported Full HD Mini Movie Projector with HDMIx2/USBx2/AV Ports, Compatible with Smartphone/VGA/TV/PS4/DVD Ideal for Home Theater (Renewed)",Electronics Video Projectors,"categories: Electronics Video Projectors | features: …, Laptops, Tablets, Speakers, Chrome Book, Blue-ray DVD players, USB Flash Drives, Media players, ipad, iphone and Android Smart phones. NOTE: When connected with smart phones, a Wi-Fi display dongle or HDMI adapter (not included) is required. [INCREDIBLE SPEAKERS AND FAN]: DBPOWER L21 home portable movie projector equipped advanced built-in speakers system, offering excellent loud sound quality without connecting ex… | description: This pre-owned or refurbished product has been professionally inspected and tested to work and look like new. How a product becomes part of Amazon Renewed, your destination for pre-owned, refurbished products:",smart_bulb:approved_identity_phrase_absent|smart_bulb:identity_not_in_title_or_categories|smart_bulb:wrong_product:projector,approved_identity_phrase_absent|identity_not_in_title_or_categories|wrong_product,features,bulb,wi fi|wifi,exclude,high,wrong_device_type,Primary title/category identifies a prohibited product or accessory.,w3-v1.4.0-draft,0b1520e5fa16a87f60b72ca9ad280a6f50d3d516ddfe7318a9fb24bf1ee9a452
recovery_candidate,B01M0VDOGX,smart_bulb,Electronics,Camera & Photo,"Tolifo Bicolor LED Light Panel | CRI95 Slim Video Light (Dimmable) + Mount | 15 Watts, Adjustable Color Temperature 3200K-5600K Studio Light DSLR and Professional Cameras for Photography",Electronics Camera & Photo Lighting & Studio Lighting On-Camera Video Lights,"categories: Electronics Camera & Photo Lighting & Studio Lighting On-Camera Video Lights | features: …llent addition to any photography studio lighting kit 📷 FEATURES: Smart LCD display panel, warm to cold color temperature adjustable LED (3,200 – 5,600k) bulb for outstanding reproduction of colour, dual power design, and hot shoe adapter camera light mount 📷 DESIGN: Light panel is made with a super lightweight aluminum alloy housing, with a portable pocket-sized frame, a dual power supply (DC input adapter or batter… | details: Brand Tolifo Date First Available December 16, 2015 Has Self-Timer No Is Discontinued By Manufacturer No Item Weight 9.2 ounces Item model number Pt-15b PRO Manufact",smart_bulb:approved_identity_phrase_absent|smart_bulb:identity_not_in_title_or_categories|smart_bulb:wrong_product:camera|smart_bulb:wrong_product:cameras,approved_identity_phrase_absent|identity_not_in_title_or_categories|wrong_product,features,bulb,,exclude,high,accessory,Primary title/category identifies a prohibited product or accessory.,w3-v1.4.0-draft,0b2236045bb71c966793ec420ee2e558a89568b34bea7b75a281b57157541ed4
recovery_candidate,B07GSYV7MW,smart_bulb,Home_and_Kitchen,Amazon Home,"Instant Read Meat Thermometer,Brinonac Digital Oven Food Thermometer with Backlight and Calibration for Smoker,Kitchen,Outdoor Cooking and BBQ Grill-Black",Home & Kitchen Kitchen & Dining Kitchen Utensils & Gadgets Thermometers & Timers Meat,"categories: Home & Kitchen Kitchen & Dining Kitchen Utensils & Gadgets Thermometers & Timers Meat | features: …venient. 💖【Switchable & data Hold Function】°F/°C switchable and data hold, unit can be switched by pressing down the button 3 seconds, before drawing from food, press ""bulb"" button, then will hold the temperature reading until pressed again. 💖【Widely Applications】It is frequently used to measure the temperature of food, drinks, protect your health. It can also test the baby shower water temperature, protect the baby'… | details: Age Range (Description) Adult Batteries 1 CR2 batteries required. Brand Brinonac Color Black-01 Date First Available August 24, 2018 Is Discontinued By Manu",smart_bulb:approved_identity_phrase_absent|smart_bulb:identity_not_in_title_or_categories,approved_identity_phrase_absent|identity_not_in_title_or_categories,features,bulb,,exclude,low,insufficient_evidence,Bulb identity is not explicit in title/categories.,w3-v1.4.0-draft,0b397ee1b63a20ac776f8533667829f35e64aa74844e0ce3a655c753d18e5abc
recovery_candidate,B08JG9W4M8,smart_bulb,Home_and_Kitchen,Amazon Home,"HITECHLIFE USB Air Humidifier,500ml USB Aroma Diffuser Starry Sky Moon Star LED Projector, Cool Mist Humidifier Night Light with Mist Modes & 10 Hours Auto Shut-Off for Home Car Office Spa","Home & Kitchen Heating, Cooling & Air Quality Humidifiers","categories: Home & Kitchen Heating, Cooling & Air Quality Humidifiers | features: [LED Projection Screen]== LED bulb and projection screen are wide and clear. This is the unique place of the crystal LED projector light humidifier, It provides moisturizing air and brings a beautiful starry sky fantasy to enjoy a beautiful life,and create a fairy tale world, make your more relaxed. [500ML Water Tank & Safe Protection]==This USB air humidifier owns a large water tank which can fill 500ml water, no ne… | description: Features:[LED Projection Screen]== LED bulb and projection screen are wide and clear. This is the unique place of the crystal LED projector light humidifier, It provides moisturizin",smart_bulb:approved_identity_phrase_absent|smart_bulb:identity_not_in_title_or_categories|smart_bulb:wrong_product:projector,approved_identity_phrase_absent|identity_not_in_title_or_categories|wrong_product,features|description,bulb|led bulb,,exclude,high,wrong_device_type,Primary title/category identifies a prohibited product or accessory.,w3-v1.4.0-draft,0b589ac446a3ce0634a4c39ed85d24f6f5ba6477565b0edf2cadf4d58e475d8a
recovery_candidate,B09MD5FWR6,smart_bulb,Home_and_Kitchen,Tools & Home Improvement,"Black LED Marquee Letter Lights, Light Up Letter Alphabet Sign with Diamond Bulbs Remote Control Timer Night Light Christmas Birthday Gifts for Wall Bedroom Party Table Decor-Letter K",Home & Kitchen Home Décor Products Home Décor Accents Decorative Accessories Decorative Signs & Plaques,"categories: Home & Kitchen Home Décor Products Home Décor Accents Decorative Accessories Decorative Signs & Plaques | features: …y, wedding, home and Christmas decor. Perfect for cafes, bar outdoor decor. 【High Quality】Made environmental ABS + PP material, requires no outlet, uses 2AA batteries (NOT included). LED bulb produces no heat after long-time use. | details: …ht 12.4 ounces Material Plastic Power Source Battery Powered Product Dimensions 1.77 x 7.87 x 8.86 inches; 12.38 Ounces Shade Material Plastic Shape Bulb Special Features Dimmable Style Letter K Switch Installation Type Wall Mount Switch Style Dimmer Type of Bulb Led",smart_bulb:approved_identity_phrase_absent|smart_bulb:identity_not_in_title_or_categories|smart_plug:approved_identity_phrase_absent|smart_plug:identity_not_in_title_or_categories|smart_switch:approved_identity_phrase_absent|smart_switch:identity_not_in_title_or_categories|smart_switch:wrong_product:night light,approved_identity_phrase_absent|identity_not_in_title_or_categories|multi-type conflict,title|features|details,bulb|bulbs|led bulb,,exclude,high,wrong_device_type,Primary title/category identifies a prohibited product or accessory.,w3-v1.4.0-draft,0bc51d27308245411d46456b905ca34b9303af1d42551a1e060949c1ba0631ca
recovery_candidate,B0CB4DMSFK,smart_bulb,Home_and_Kitchen,All Beauty,"Filytop 22.8""x 18.1"" Makeup Mirror with Lights,10X Large Hollywood Lighted Vanity Mirror with 15 Dimmable LED Bulbs,3 Color Modes,Touch Control,Tabletop or Wall-Mounted, White",Home & Kitchen Bath Bathroom Accessories Bathroom Mirrors Wall-Mounted Vanity Mirrors,"categories: Home & Kitchen Bath Bathroom Accessories Bathroom Mirrors Wall-Mounted Vanity Mirrors | features: 【Ajustable Brightness & 3 colors Lights】: Zdorzi Hollywood lighted vanity mirror surrounded by 15pc LED bulbs,with warm liht/day light /cold light three-tone settings,Ajustable brightnees is meet to your personal makeup requriement. 【Large Size & USB outlet】: Zdorzi large hollywood makeup mirror has a perfect large size（22.8""x 18.1""）,It's large enough to show your makeup, suitable for dresser and bedroom.USB charge p… | description: Zdorzi Large Hollywood Vanity Mirror, Vanity Mirror with 10x Lens, Dimmble Led Bulb, 3 Color Light Modes. Dream Vanity Mirror:The Hollywood vanity mirror",smart_bulb:approved_identity_phrase_absent|smart_bulb:identity_not_in_title_or_categories|smart_plug:approved_identity_phrase_absent|smart_plug:identity_not_in_title_or_categories,approved_identity_phrase_absent|identity_not_in_title_or_categories|multi-type conflict,title|features|description,bulb|bulbs|led bulb,,exclude,high,wrong_device_type,Primary title/category identifies a prohibited product or accessory.,w3-v1.4.0-draft,0bee4bd337a19a1f4b4b4f7215dea4dd248d4fe459cc99f31d4e420ece306197
recovery_candidate,B07V2F7DSN,smart_bulb,Electronics,Camera & Photo,"Aputure COB 300D II Led Video Light,Aputure 300d ii LED Photographic Lighting V-Mount CRI97+ TLCI97+ 55000lux@0.5M 5500k Sidus Link App Control 8 Built-in Lighting Effects 2.4G 100m Control",Electronics Camera & Photo Lighting & Studio Lighting Continuous Output Lighting,"categories: Electronics Camera & Photo Lighting & Studio Lighting Continuous Output Lighting | features: …s DMX512-compatibility, a new 2.4Ghz Aputure Wireless remote with an FX toggle button, and the ability to be controlled by the Sidus Link App using our Bluetooth mesh network protocol. 【Even More Output】By utilizing the latest in Aputure COB LED technology, the 300d Mark II outputs a whopping 20% more light than its predecessor. When combined with the Fresnel 2X(Fresnel 2X is not included), the 300d Mark II can produ… | details: Batteries 1 CR2 batteries required. (included) Best Sellers Rank Continuous Output Lighting 1075 Brand Aputure Connectivity Technology USB Date First Available J",smart_bulb:approved_identity_phrase_absent|smart_bulb:identity_not_in_title_or_categories|smart_bulb:wrong_product:camera,approved_identity_phrase_absent|identity_not_in_title_or_categories|wrong_product,title|features,bulb,app control|bluetooth,exclude,high,accessory,Primary title/category identifies a prohibited product or accessory.,w3-v1.4.0-draft,0c19de45a7958904831f5df6269e890f875fea1ababe79e451d7b09b5bcba924
recovery_candidate,B09SP1DJDW,smart_bulb,Electronics,Camera & Photo,"Godox Litemons LA200D 230W LED Video Light, 101000lux@1m, 5600K CRI 96+ TLCI 97+, 8 FX Light Effects, Brightness Adjustment 0%-100%, Support Bluetooth APP Control, Compact Design",Electronics Camera & Photo Lighting & Studio Lighting Continuous Output Lighting,"categories: Electronics Camera & Photo Lighting & Studio Lighting Continuous Output Lighting | features: …X light effects: The Godox LA200D built-in 8 FX Effects for a variety of lighting scenes, including Flash1, Flash2, Flash3, Storm1, Storm2, Storm3, TV and Broken bulb, easily meet the needs of creative shooting. Wireless APP Control: By downloading the Godox Light APP, all the adjustment are only a finger-tap away, making it so easy for Godox LA200D to change brightness, color temperature, FX effects and cooperate wi… | details: Best Sellers Rank Continuous Output Lighting 1185 Brand GODOX Connectivity Technology Bluetooth Date First Available February 17, 2022 Hardware Interface Bluetoo",smart_bulb:approved_identity_phrase_absent|smart_bulb:identity_not_in_title_or_categories|smart_bulb:wrong_product:camera,approved_identity_phrase_absent|identity_not_in_title_or_categories|wrong_product,title|features,bulb,app control|bluetooth,exclude,low,insufficient_evidence,Bulb identity is not explicit in title/categories.,w3-v1.4.0-draft,0c1f74f810699c8c0d1543675bdb0e0f5766730aa00e6b75ff8598c25ebc28d3
recovery_candidate,B09NW6LN4D,smart_bulb,Electronics,Camera & Photo,"Neewer 18.3” RGB LED Video Light Panel with App Control Stand Kit 2 Packs, 360° Full Color, 60W Dimmable 2500K~8500K RGB LED Panel CRI 97+ with 17 Scene Effect for Game/YouTube/Zoom/Photography",Electronics Camera & Photo Lighting & Studio Lighting Continuous Output Lighting,"categories: Electronics Camera & Photo Lighting & Studio Lighting Continuous Output Lighting | features: …the light clearly displays the light settings to improve efficiency 【17 Special Scenes Effect】 There are 17 special lighting effects including Lightning, Paparazzi, Flickering Bulb, Explosion, Electric Welding, Color Temperature Flashing, Color Flashing, Color Temperature Pulsing, Color Pulsing, Police Car, Candlelight, Color Cycling, Color Temperature Cycling, Brightness Cycling, Screen, Fireworks, and Party. These … | details: Best Sellers Rank Continuous Output Lighting 74 Brand Neewer Connectivity Technology Bluetooth Date First Available December 20, 2021 Hardware Interface Lightnin",smart_bulb:approved_identity_phrase_absent|smart_bulb:identity_not_in_title_or_categories|smart_bulb:wrong_product:camera,approved_identity_phrase_absent|identity_not_in_title_or_categories|wrong_product,title|features,bulb,app control|bluetooth,exclude,low,insufficient_evidence,Bulb identity is not explicit in title/categories.,w3-v1.4.0-draft,0c61bea394d410dbffcbe294e2b1c082dcb169cc20fcd4018da5682794a9473b
recovery_candidate,B001718M8I,smart_bulb,Home_and_Kitchen,Amazon Home,National Welcome Light Electric Candle Lamp Has Chrome Color Base and On-Off Switch (2 Pkg/1),Home & Kitchen Home Décor Products Candles & Holders Candleholders Candle Lamps,"categories: Home & Kitchen Home Décor Products Candles & Holders Candleholders Candle Lamps | features: …r use smart looking chrome color base and black trim has easy, one-hand wheel switch on a 6 foot cord fuse-protected for safety clear 7 watt bulb is included | description: Accent a window or area in your room with this smart-looking Electric Candle Lamp. Measuring 12 inches tall including the bulb, the lamp has a bright chrome color base and a contrasting black plastic candle cover. The base measures 2-1/2 inches in diameter. A 6 foot black cord is provided with a matching on-off wheel type switch. The 2-prong plug is polarized and has a built-in fuse for extra safety. Also included is…",smart_bulb:approved_identity_phrase_absent|smart_bulb:identity_not_in_title_or_categories|smart_plug:approved_identity_phrase_absent|smart_plug:identity_not_in_title_or_categories|smart_switch:approved_identity_phrase_absent|smart_switch:required_target_context_absent|smart_switch:smart_evidence_not_in_title_or_categories,approved_identity_phrase_absent|identity_not_in_title_or_categories|multi-type conflict,features|description,bulb,,exclude,low,insufficient_evidence,Bulb identity is not explicit in title/categories.,w3-v1.4.0-draft,0c6262e2f3a2700d0d0346a259f66fe939433ed2537384f02a78905915a2866c
recovery_candidate,B0BJBW39HF,smart_bulb,Electronics,Camera & Photo,"Safecam 360°Panorama Security Camera Wireless Outdoor,Keilini Light Bulb Security Camera HD 1080P Wireless Light Socket Smart Cameras for Home Security,Motion Detection,Two-Way Audio (White 1Pcs)",Electronics Camera & Photo Video Surveillance Surveillance Cameras Bullet Cameras,categories: Electronics Camera & Photo Video Surveillance Surveillance Cameras Bullet Cameras | details: Brand DeesGames Connectivity Technology Wireless Indoor/Outdoor Usage Outdoor Recommended Uses For Product Outdoor Security Special Feature Motion Sensor,smart_bulb:approved_identity_phrase_absent|smart_bulb:wrong_product:camera|smart_bulb:wrong_product:cameras|smart_bulb:wrong_product:security camera|smart_plug:approved_identity_phrase_absent|smart_plug:wrong_product:camera|smart_plug:wrong_product:cameras|smart_plug:wrong_product:security camera,approved_identity_phrase_absent|multi-type conflict|wrong_product,title,bulb|light bulb,,exclude,high,wrong_device_type,Primary title/category identifies a prohibited product or accessory.,w3-v1.4.0-draft,0c74a1729f73834f6745071511e22ee21cb0755a426e8adb90ac0142e82b956c
recovery_candidate,B0B9G6PMXF,smart_bulb,Home_and_Kitchen,Tools & Home Improvement,"addlon Smart Christmas Decorations Lights 33FT 100 LED, Color Changing Christmas Fairy Lights with APP, Remote & Voice Control, Music Sync Indoor String Lights for Christmas Decoration",Home & Kitchen Seasonal Décor Seasonal Lighting Indoor String Lights,"categories: Home & Kitchen Seasonal Décor Seasonal Lighting Indoor String Lights | features: DIY Mode: You can choose from 16 million colors and cold or warm white, customizing each bulb to display a different color. The Christmas lights are perfectly suitable for party, holiday and Christmas decoration. Sync with Music: The smart Christmas lights have a built-in mic that allows the Christmas lights to sync to any music type. The smart lights dance with your music, allowing you to enjoy an immersive sound an… | details: …ries Required? No Best Sellers Rank Home & Kitchen 1319019 Indoor String Lights 4300 Brand addlon Color RGB(Fairy Lights) Connectivity Protocol Wi-Fi Control Method Voice Co",smart_bulb:approved_identity_phrase_absent|smart_bulb:identity_not_in_title_or_categories,approved_identity_phrase_absent|identity_not_in_title_or_categories,title|features|details,bulb,alexa|google assistant|voice control|wi fi|wifi,exclude,high,wrong_device_type,Primary title/category identifies a prohibited product or accessory.,w3-v1.4.0-draft,0c9117fc9837b3e2bbd7b0a7c79ffdee80c82db2bf537a018275dfd73d2eac3d
recovery_candidate,B0BRH54DNR,smart_bulb,Electronics,Camera & Photo,"Vavupo Light Bulb Security Camera,2.4/5GGhz Wireless WiFi Light Bulb Security Camera,Smart 360 PTZ Indoor/Outdoor Bulb Security Camera, Remote Voice Intercom HD Night Vision Light Bulb Security Camera",Electronics Camera & Photo Video Surveillance Surveillance Cameras Dome Cameras,"categories: Electronics Camera & Photo Video Surveillance Surveillance Cameras Dome Cameras | features: [1080P and Intelligent Night Vision]: 1080P HD resolution + full color NIGHT VISION This 360 degree wifi lightbulb security camera provides 1080P HD image quality for a clear and crisp viewing experience and comes with FULL-COLOR night vision so you can monitor your home at day or night. Furthermore, these lamp eye camaras 355° pan and 90° tilt function allows you to remotely adjust the camera viewing angle via the A… | description: [Wireless and Easy To Install]: This dome surveillance camera works with E26 / E27 light socket. Just insert and screw it into the light socket, connect with A",smart_bulb:wrong_product:camera|smart_bulb:wrong_product:cameras|smart_bulb:wrong_product:security camera|smart_plug:approved_identity_phrase_absent|smart_plug:identity_not_in_title_or_categories|smart_plug:wrong_product:camera|smart_plug:wrong_product:cameras|smart_plug:wrong_product:security camera,multi-type conflict|wrong_product,title|features|description,bulb|e26|e27|light bulb,smart_near_bulb|wi fi|wifi,exclude,high,wrong_device_type,Primary title/category identifies a prohibited product or accessory.,w3-v1.4.0-draft,0c9f880949256505731acad0ee87e1868362e4bc6c711ab22411a4133e3ad690
recovery_candidate,B07Z4GN15T,smart_bulb,Electronics,Amazon Devices,Echo Dot with clock (Sandstone) Bundle with Sengled Wi-Fi Smart Bulb,,,smart_bulb:wrong_product:bundle with|smart_bulb:wrong_product:echo|smart_bulb:wrong_product:echo dot,wrong_product,title,bulb,sengled|smart_near_bulb|wi fi|wifi,exclude,high,wrong_device_type,Primary title/category identifies a prohibited product or accessory.,w3-v1.4.0-draft,0cefafb0831c8ce7a5e1bf48a5a5f3a722e0c6c20bbbdafb04363a90365d6a00
recovery_candidate,B074VGZDVH,smart_bulb,Electronics,Tools & Home Improvement,"Video Motion Sensor Security Light with English and Spanish Audio Alert Message, Smart Guard",Electronics Security & Surveillance Motion Detectors,"categories: Electronics Security & Surveillance Motion Detectors | features: … date and time stamp in all videos Passive Infrared Sensor (PIS) detection angle of 160 degrees and detection range up to 32.8 feet 300W Halogen Light Bulb / Daytime and nighttime customizable video and audio settings 3 Voice Warning Options: ""Stop you are Trespassing"" (also included in Spanish), Police Siren, and Silent Mode | description: Security Smart Guard Light can help you protect your home and/or business with a Power Motion Sensor integrated with a Floodlight and Digital Camera. Any movements will be detected by the sensor, illuminated and recorded with the time and date stamp. Security Smart Guard Light a",smart_bulb:approved_identity_phrase_absent|smart_bulb:identity_not_in_title_or_categories|smart_bulb:wrong_product:security light,approved_identity_phrase_absent|identity_not_in_title_or_categories|wrong_product,features|details,bulb|light bulb,wi fi|wifi,exclude,low,insufficient_evidence,Bulb identity is not explicit in title/categories.,w3-v1.4.0-draft,0d640b98330ff8ab9aec17ae69817b0221886ad68b54e71842f26af844fd60d4
recovery_candidate,B005797OGM,smart_bulb,Home_and_Kitchen,Tools & Home Improvement,"GE 62992 1.8-Watt LED Medium Base 75-Lumen Globe G16.5 Light Bulb, White",Home & Kitchen Seasonal Décor Seasonal Lighting Indoor String Lights,"categories: Home & Kitchen Seasonal Décor Seasonal Lighting Indoor String Lights | features: G16.5 globe with medium base for use in vanity strips 10-watt replacement uses only 1.8-watts Provides 75 lumens Lasts 13.7 years based on 3 hours per day usage Estimated yearly energy costs $0.22 based on 3 hours per day $0.11 per kWh | description: From the Manufacturer GE 76452 Energy Smart Led Globe White Medium Base 2-Watt . Light Emitting Diodes (LEDs) were invented by GE scientists in the 1960s and are cutting edge, energy efficient. GE LED Systems are designed for reliability and validated in one of the world's leading reliability laboratories. Rigorous test protocols used at system, sub syst",smart_bulb:approved_identity_phrase_absent|smart_bulb:smart_evidence_not_in_title_or_categories,approved_identity_phrase_absent|smart_evidence_not_in_title_or_categories,title|details,bulb|light bulb,,exclude,medium,non_smart,Bulb identity is present but connected-control evidence is absent.,w3-v1.4.0-draft,0d727c09a0989bae8625dbaa3fadfe52517a55b93adc6e4488e7d22083115e4b
recovery_candidate,B0BGZ6QYKP,smart_bulb,Electronics,Amazon Devices,Echo Dot (3rd Gen) | Charcoal with Philips Hue White Smart Bulb,,"features: This bundle includes Echo Dot (3rd Gen) Charcoal and Philips Hue White A19 Medium Lumen Smart Bulb, 1100 Lumens. The Echo Dot offers a built in Hub with Alexa. Ask Alexa to control Zigbee-compatible devices. No additional Philips Hue hub required. Two choices for easy smart lighting - Start setting the mood with Hue Smart bulbs and your Echo device, supporting up to 5 Hue Bluetooth & Zigbee smart bulbs. Add the Hue H…",smart_bulb:wrong_product:echo|smart_bulb:wrong_product:echo dot,wrong_product,title|features,a19|bulb|bulbs,alexa|bluetooth|philips hue|smart_near_bulb|voice control|zigbee,exclude,high,wrong_device_type,Primary title/category identifies a prohibited product or accessory.,w3-v1.4.0-draft,0d7d87d92e7a46e46cb37714026ef218a4490738cd13eebce636f34ec0fb1bdf
recovery_candidate,B09TP4PCQW,smart_bulb,Electronics,Camera & Photo,"Light Bulb Camera,1080P Security Camera with 2.4GHz WiFi,360 Degree Pan/Tilt Wireless Home Surveillance Cameras Smart Motion Detection and Alarm Two Way Audio Color Night Vision (1080P)",Electronics Camera & Photo Video Surveillance Surveillance Cameras Dome Cameras,"categories: Electronics Camera & Photo Video Surveillance Surveillance Cameras Dome Cameras | details: Best Sellers Rank Dome Surveillance Cameras 10982 Date First Available September 21, 2022 Item Weight 0.634 ounces Manufacturer RAKEBLUE Package Dimensions 6.5 x 4.13 x 3.58 inches",smart_bulb:approved_identity_phrase_absent|smart_bulb:wrong_product:bulb camera|smart_bulb:wrong_product:camera|smart_bulb:wrong_product:cameras|smart_bulb:wrong_product:light bulb camera|smart_bulb:wrong_product:security camera,approved_identity_phrase_absent|wrong_product,title,bulb|light bulb,wi fi|wifi,exclude,high,wrong_device_type,Primary title/category identifies a prohibited product or accessory.,w3-v1.4.0-draft,0dad824a3eb7bf28f20c26eeba1a83e85b7d539172007ddbaf0abbae132e0d7d
recovery_candidate,B07HJ27G13,smart_bulb,Electronics,Camera & Photo,"GVM 50SM RGB LED Video Light, 50W Video Lighting Kit with Double-Sided Light, LED Panel Light with APP Control Lighting for Video Recording Web Conference Shooting Studio YouTube",Electronics Camera & Photo Lighting & Studio Lighting Continuous Output Lighting,"categories: Electronics Camera & Photo Lighting & Studio Lighting Continuous Output Lighting | features: …s and 384 warm lamp beads, which can be satisfied with your different needs 【APP Intelligent Control System & Application Scene Modes】Featuring Mobile Bluetooth APP control function, can be controlled light by smart mobile device. Search the APP “GVM_LED” from major APP stores or the manual. Supports 8 special lighting scenes to enrich your shooting environment, including lighting, cop car, candle, bad bulb, party, d… | description: GVM 50SM RGB Video Light | details: Brand GVM Great Video Maker Connectivity Technology Bluetooth Date First Available September 20, 2018 Hardware Interface ",smart_bulb:approved_identity_phrase_absent|smart_bulb:identity_not_in_title_or_categories|smart_bulb:wrong_product:camera,approved_identity_phrase_absent|identity_not_in_title_or_categories|wrong_product,title|features,bulb,app control|bluetooth,exclude,low,insufficient_evidence,Bulb identity is not explicit in title/categories.,w3-v1.4.0-draft,0db392b6f81450601e7ec2a8c3c89f2e53563496952ceaf0b30d86a839ab4910
recovery_candidate,B09ZPS99B1,smart_bulb,Electronics,Camera & Photo,"P Panoraxy Wireless Home Indoor Security Camera with Plug, 360° View 2.4G WiFi Baby Dog Camera, Motion Detection, Auto Tracking, Dual-Way Talk, HD 1080P Pan Tile Full Color Night Vision",Electronics Camera & Photo Video Surveillance Surveillance Cameras Dome Cameras,"categories: Electronics Camera & Photo Video Surveillance Surveillance Cameras Dome Cameras | features: 【Easy Installation Indoor Cameras for Home Security,Plug In To Any Height Socket】No hassell installation wifi camera.You can install at low, middle and high postion according to socket and easy filp the view in the app. Built-in with plug IP camera, plug in to the wall socket to finish the installation within seconds. Protect your home or office now! 【YI IOT App Security Camera Indoor Wireless With Motion-Tracking& A… | details: Best Sellers Rank Dome Surveillance Cameras 1415 Brand P Panoraxy Connectivity Technology Wireless Date First Available May 6, 2022 Indoor/Outdoor Usage Indoor Ite",smart_bulb:approved_identity_phrase_absent|smart_bulb:identity_not_in_title_or_categories|smart_bulb:wrong_product:camera|smart_bulb:wrong_product:cameras|smart_bulb:wrong_product:security camera|smart_plug:approved_identity_phrase_absent|smart_plug:wrong_product:camera|smart_plug:wrong_product:cameras|smart_plug:wrong_product:security camera,approved_identity_phrase_absent|identity_not_in_title_or_categories|multi-type conflict|wrong_product,title|features,bulb|light bulb,wi fi|wifi,exclude,high,wrong_device_type,Primary title/category identifies a prohibited product or accessory.,w3-v1.4.0-draft,0dda442392d014509a5f624ba90ddaaa8a4e4a74a2678a418a9ce30745c39807
recovery_candidate,B09FNZXKFB,smart_bulb,Electronics,,"Projector, BOSNAS 8500 Lux Home Video Projectors, 1920×1080P, Support 300"" Screen Playing with Hi-Fi Speakers and 4-D Keystone Correction, Compatible with TV Stick/Phone/Laptop/DVD Player/PS4",Electronics Video Projectors,"categories: Electronics Video Projectors | features: …ne Correction,convenient and user-friendly.especially for the phone projector works on ceiling mode.You can easily connect your small screen phone or iPad to this projector via a WiFi dongle OR HDMI to USB Adapter cable(NOT INCLUDED). 🧊【100,000 hours lamp life &Cooling System】BOSNAS outdoor movie projector adopt the latest SmartEco technology minimizes power consumption and extends the life of the bulb, up to 100,000… | details: Best Sellers Rank Video Projectors 3394 Brand BOSNAS Brand Name BOSNAS Color Name Black Connectivity Technology USB, HDMI Date First Available September 8, 2021 Display Resolution Maximum 1920 x 1080 Pixels Displa",smart_bulb:approved_identity_phrase_absent|smart_bulb:identity_not_in_title_or_categories|smart_bulb:wrong_product:projector,approved_identity_phrase_absent|identity_not_in_title_or_categories|wrong_product,features,bulb,wi fi|wifi,exclude,high,wrong_device_type,Primary title/category identifies a prohibited product or accessory.,w3-v1.4.0-draft,0e63c2f172006eb69a14641b737cef4a847de6a11785b971fa836cfaf03e86f0
recovery_candidate,B0BNMQH9N6,smart_bulb,Electronics,Camera & Photo,WiFi Light Bulb Security Camera Socket with Audio/Video Wireless for Home Outdoor Indoor floodlight 360 Trail Compatible with Alexa Ring Google (Included 64G SD Card),Electronics Camera & Photo Video Surveillance Surveillance Cameras Bullet Cameras,"categories: Electronics Camera & Photo Video Surveillance Surveillance Cameras Bullet Cameras | features: including 64g sd card,Video can be stored on sd card or cloud space Easy installation, no wiring required Swinging head night vision intercom | description: Light Bulb Security Camera Wireless | details: …Cameras 1852 Brand Junzilan Connectivity Technology Wireless Date First Available November 30, 2022 Item Weight 8.8 ounces Item model number Light Bulb Security Camera Manufacturer Light Bulb Security Camera Ring Wireless Blink Model Name Light Bulb Security Camera Wireless Product Dimensions 3 x 2 x 2 inches Recommended Uses For Product Indoor,Outdoor Special Feature Night Vision, Moti",smart_bulb:wrong_product:camera|smart_bulb:wrong_product:cameras|smart_bulb:wrong_product:security camera|smart_plug:approved_identity_phrase_absent|smart_plug:wrong_product:camera|smart_plug:wrong_product:cameras|smart_plug:wrong_product:security camera,multi-type conflict|wrong_product,title|description|details,bulb|light bulb,alexa|wi fi|wifi,exclude,high,wrong_device_type,Primary title/category identifies a prohibited product or accessory.,w3-v1.4.0-draft,0e93dee635c9abd4781de39298d33c05d296bc9d2d0b4d44612bf24635b8cfaa
recovery_candidate,B0B1QP2MFS,smart_bulb,Electronics,Camera & Photo,"Light Bulb Security Camera, 2.4GHz & 5G WiFi Security Cameras Wireless Outdoor, 360 Degrees Home Surveillance Light Socket Security Camera, Full-Color Night Vision Bulb Camera Mobile Phone Remote View",Electronics Camera & Photo Video Surveillance Surveillance Cameras Dome Cameras,"categories: Electronics Camera & Photo Video Surveillance Surveillance Cameras Dome Cameras | features: ✅2.4G and 5G Double-band WiFi Security Camera►The smart light bulb camera only follow the steps in the instruction manual to connect the lightbulb security camera to the APP. This safe cam can be installed using a normal E27 bulb base(110V~240V) Directly replace the bulb without extra wiring. ✅360° Motion Tracking Security Camera►This wifi home surveillance security camera could automatically senses and tracks the ac… | details: …toring, Pet Monitoring, Outdoor Security Special Feature 2 Way Audio, Motion Sensor, Local Recording, Night Vision, PTZ Technology, Motion detection, Light Bulb S",smart_bulb:approved_identity_phrase_absent|smart_bulb:wrong_product:bulb camera|smart_bulb:wrong_product:camera|smart_bulb:wrong_product:cameras|smart_bulb:wrong_product:security camera|smart_plug:approved_identity_phrase_absent|smart_plug:wrong_product:camera|smart_plug:wrong_product:cameras|smart_plug:wrong_product:security camera,approved_identity_phrase_absent|multi-type conflict|wrong_product,title|features|details,bulb|e27|light bulb,wi fi|wifi,exclude,high,wrong_device_type,Primary title/category identifies a prohibited product or accessory.,w3-v1.4.0-draft,0e96f068f43b139e133506085d3d0599993a290cac6812fec6ef7a02f1aad2ec
recovery_candidate,B0CCKVKRLT,smart_bulb,Electronics,Camera & Photo,"Light Bulb Security Camera, 10X Zoom PTZ E27 Light Socket Cameras for Home Security Outside Outdoor Indoor 2.4G Wireless WiFi, 1080P Color Night Vision, Auto Tracking, 360 Degree Panoramic(Dual Lens)",Electronics Camera & Photo Video Surveillance Surveillance Cameras Dome Cameras,"categories: Electronics Camera & Photo Video Surveillance Surveillance Cameras Dome Cameras | features: 10X Hybrid Zoom & Full Color Night Vision - This light bulb security camera has dual 2mp lens 4mp light socket camera, combining optical zoom and digital zoom. The bulb camera is equipped with 4pcs ir lights and 8pcs white lights, with two night vision modes, providing super clear images even at night. Easy to Setup - The light bulb camera simply installed in the E27 bulb base, work with 110V-240V as easy as replacin…",smart_bulb:approved_identity_phrase_absent|smart_bulb:wrong_product:camera|smart_bulb:wrong_product:cameras|smart_bulb:wrong_product:security camera|smart_plug:approved_identity_phrase_absent|smart_plug:wrong_product:camera|smart_plug:wrong_product:cameras|smart_plug:wrong_product:security camera,approved_identity_phrase_absent|multi-type conflict|wrong_product,title|features,bulb|e27|light bulb,wi fi|wifi,exclude,high,wrong_device_type,Primary title/category identifies a prohibited product or accessory.,w3-v1.4.0-draft,0ecb763a94c731720abc924bd4c8cdf5acbba43eeae54ece5639ee457d6ba334
recovery_candidate,B09SMY68WW,smart_bulb,Electronics,Camera & Photo,"Light Bulb Security Camera,Home WiFi 360 Degree Pan/Tilt Panoramic IP Camera,Wireless Home Surveillance Cameras System with Human Motion Detection and Alarm,Two-Way Audio,Night Vision",Electronics Camera & Photo Video Surveillance Surveillance Cameras Dome Cameras,"categories: Electronics Camera & Photo Video Surveillance Surveillance Cameras Dome Cameras | details: Best Sellers Rank Dome Surveillance Cameras 246 Brand Wyzlink Connectivity Technology Wireless Date First Available February 16, 2022 Indoor/Outdoor Usage Outdoor Item Weight 8.4 ounces Manufacturer Wyzlink Product Dimensions 2.76 x 3.15 x 6.69 inches Recommended Uses For Product Outdoor Security Special Feature Motion Sensor, 2 Way Audio, Night Vision, Built In Light",smart_bulb:approved_identity_phrase_absent|smart_bulb:wrong_product:camera|smart_bulb:wrong_product:cameras|smart_bulb:wrong_product:security camera,approved_identity_phrase_absent|wrong_product,title,bulb|light bulb,wi fi|wifi,exclude,high,wrong_device_type,Primary title/category identifies a prohibited product or accessory.,w3-v1.4.0-draft,0ed2616bed8f834ae7477aa8cc39431fe5b35b7831e6731e4d832444308fb013
recovery_candidate,B08KH1MSFS,smart_bulb,Home_and_Kitchen,Tools & Home Improvement,"GE Lighting Ultra Bright LED Floodlight Bulb, 24 Watt (150 Watt Equivalent) Warm White, Medium Base, Indoor Floodlight (1 Pack)",Home & Kitchen Vacuums & Floor Care Vacuum Parts & Accessories Attachments & Brushes Attachments,"categories: Home & Kitchen Vacuums & Floor Care Vacuum Parts & Accessories Attachments & Brushes Attachments | features: Energy Saving LED Flood Light: The LED light bulb is a replacement for 150-Watt indoor flood lights while using only 24 Watts. Make your home more energy efficient with these exceptionally bright LED light bulbs. Money Saving LED Lights: The PAR30 LED light bulbs cost $2.89 per year to operate. The long life and low energy use of PAR30 LEDs will help you save money on energy. Recessed Light Bulbs For Indoors: These P… | description: We have been at the forefront of lighting technology for over 130 years. And now, powered by Savant, GE Lighting’s future has never been stron",smart_bulb:approved_identity_phrase_absent|smart_bulb:smart_evidence_not_in_title_or_categories,approved_identity_phrase_absent|smart_evidence_not_in_title_or_categories,title|features|description|details,bulb|bulbs|light bulb,,exclude,medium,non_smart,Bulb identity is present but connected-control evidence is absent.,w3-v1.4.0-draft,0edb103020c58dbb4660f6d4ae02bd829f7878e2c525aa301d8e20c7ec02610f
recovery_candidate,B085GG6471,smart_bulb,Home_and_Kitchen,Tools & Home Improvement,"Gahaya Personalized Moon Lamp with Your Own Photo Engraved, 3D Printed 3 Colors Customized Moon Light with Wood Stand (5.9"")",Home & Kitchen Home Décor Products Kids' Room Décor Lamps & Lighting,"categories: Home & Kitchen Home Décor Products Kids' Room Décor Lamps & Lighting | features: …r love. Just click on ""Customize Now"" on the upper-right hand side. 【Safe and Reliable】 Adopting Low Voltage USB Charging And Energy Efficient LED Light Bulb, The Lamp Stays Cool Even After Long Time Use, and Gives Off Fliker-free Soft Light Which Would Not Hurt Eyes. By Using PLA Material Extracted from Corn Stalks, The Lamp is Odorless and Non-toxic. 【Quality Guarantee】 Gurantee Refund or Replacement for Defective … | details: Assembled Diameter 5.9 Inches Best Sellers Rank Home & Kitchen 2159067 Kids' Room Decor Lamps & Lighting 841 Brand Gahaya Color White Connectivity Technology USB Cutting Dia",smart_bulb:approved_identity_phrase_absent|smart_bulb:identity_not_in_title_or_categories,approved_identity_phrase_absent|identity_not_in_title_or_categories,features,bulb|light bulb,,exclude,low,insufficient_evidence,Bulb identity is not explicit in title/categories.,w3-v1.4.0-draft,0f020abc046df2bfaf99a50cbc5ccac6417b94187addb372184a73956c4333cd
recovery_candidate,B09JVRNN3W,smart_bulb,Home_and_Kitchen,Tools & Home Improvement,"ASENEK Christmas Lights - Battery Operated String Lights 50 LED String Lights Mini Lights with Auto-Timer and 8 Lighting Modes for Christmas Wreath Party Wedding Garden Home Decoration, Warm White",Home & Kitchen Seasonal Décor Seasonal Lighting Indoor String Lights,"categories: Home & Kitchen Seasonal Décor Seasonal Lighting Indoor String Lights | features: DETACHABLE LED BULBS - LED string lights are with PC breakage-proof cover, super bright and eco-friendly.The bulbs can be detachable. If one bulb burns out, the rest will stay lit.Strong insulated green wires are great for Christmas decorations BATTERY OPERATED - Battery powered string lights,require 3 x AA 4.5V Batteries (Not Included); No wiring or socket needed, can be used anywhere conveniently. Safe, power savin… | description: …case is with a hanging hole, which can be easily hung on the wall. *3 x AA Battery operated 50 LEDs super bright clear mini string lights, bright LED bulbs with PC break",smart_bulb:approved_identity_phrase_absent|smart_bulb:identity_not_in_title_or_categories|smart_plug:approved_identity_phrase_absent|smart_plug:identity_not_in_title_or_categories,approved_identity_phrase_absent|identity_not_in_title_or_categories|multi-type conflict,features|description,bulb|bulbs,,exclude,high,wrong_device_type,Primary title/category identifies a prohibited product or accessory.,w3-v1.4.0-draft,0f0d3dcd9e0e4e3b493fae76f693d1611cd3c2cf94a1d9e742fa1a9d4cc6b8ca
recovery_candidate,B0BHWM59KX,smart_bulb,Electronics,Camera & Photo,"Light Socket Security Camera 2.4GHz,Light Bulb Security Camera Easy Installation,Light Bulb Camera Full Color Night,Security Camera Light Bulb Outdoor,Motion Alarm,Compatible With Alexa & Google Home",Electronics Camera & Photo Video Surveillance Surveillance Cameras Bullet Cameras,"categories: Electronics Camera & Photo Video Surveillance Surveillance Cameras Bullet Cameras | features: 📷 ➤Light Bulb Security Camera【 Easy And Wireless To Install】This Light Socket Security Camera Can Be Installed Using Normal 💡E27 Bulb Base(110v~240v),Then Use The Mobile Phone To Download The Tuya App (Compatible With Alexa & Google Home) Light Bulb Camera Connect To Wifi.Note That It Takes About 50s To Connect The Lightbulb Security Camera Outdoor For The First Time. This Safe Cam 360 Light Bulb Camera Does Not Come… | details: …tible Devices Smartphone Connectivity Technology Wireless Date First Available October 11, 2022 Item Weight 9.9 ounces Item model number PTZ Bulb Camera Manufac",smart_bulb:approved_identity_phrase_absent|smart_bulb:wrong_product:bulb camera|smart_bulb:wrong_product:camera|smart_bulb:wrong_product:cameras|smart_bulb:wrong_product:light bulb camera|smart_bulb:wrong_product:security camera|smart_plug:approved_identity_phrase_absent|smart_plug:wrong_product:camera|smart_plug:wrong_product:cameras|smart_plug:wrong_product:security camera,approved_identity_phrase_absent|multi-type conflict|wrong_product,title|features|details,bulb|e27|light bulb,alexa|google home|tuya|wi fi|wifi,exclude,high,wrong_device_type,Primary title/category identifies a prohibited product or accessory.,w3-v1.4.0-draft,0f165a2517a30aea868087c12dce6947948927b40f2cbdfda8bfaf2ee45d55f7
recovery_candidate,B07FTBB7KX,smart_bulb,Electronics,All Electronics,"Mini Projector 3D Portable DLP Video Projector ±40° Keystone Built in Stereo Speaker Support 4K HDMI USB iPhone PC Bluetooth PS4 200"" Home Theater Outdoor Gaming Wireless Screen Sharing",Electronics Video Projectors,"categories: Electronics Video Projectors | features: …rrection feature40° to align the screen and the image projected to obtain a squared image even at an angle，20,000 hours lamp life insures more than 5 years of regular use, no need of bulb maintenance or replacement, ★★★Unique ELECTRIC FOCUS adjust your focus with the remote control.TOUCH SCREEN design-control your projector without remote ☞【Guarantee & Service】24hours Customer Service & Technical Support. Fully refun… | description: …f the projector ,You can also use the projector without the remote control as there is Touch screen in the top of the projector Specifications: *OS: Android 4.4 (WIFI 2.4G&5G/Bluetooth 4.0) *Throw Ratio: 1.66",smart_bulb:approved_identity_phrase_absent|smart_bulb:identity_not_in_title_or_categories|smart_bulb:wrong_product:projector|smart_plug:approved_identity_phrase_absent|smart_plug:identity_not_in_title_or_categories,approved_identity_phrase_absent|identity_not_in_title_or_categories|multi-type conflict|wrong_product,features|description,bulb,bluetooth|wi fi|wifi,exclude,high,wrong_device_type,Primary title/category identifies a prohibited product or accessory.,w3-v1.4.0-draft,0f79c6ef9ee75e11980e3af642e665c648e4baf3e536598fc98dbd3b571eb360
recovery_candidate,B09TGCQRKY,smart_bulb,Electronics,Cell Phones & Accessories,"SanMuFly Galaxy Tab S8 Ultra Case,Stand Protective Cases Smart with Auto Sleep/Wake, Cover for Samsung Galaxy Tab S8 Ultra 14.6 inch 2022 Model SM-X900/X906 with Screen Protection, Creative Bulb 11","Electronics Computers & Accessories Tablet Accessories Bags, Cases & Sleeves Cases","categories: Electronics Computers & Accessories Tablet Accessories Bags, Cases & Sleeves Cases | features: 【Exclusively Designed】Exclusively Designed for Samsung Galaxy Tab S8 Ultra 14.6 inch 2022 Release (Model: SM-X900 / SM-X906) ONLY. NOT Compatible With Other Samsung Galaxy Tablet Model. Please kindly check the model number SM-T*** on the tablet “Settings” >> ""About Tablet"" Before Purchase To Ensure You Get The Correct Size. 【S Pencil And Charging Features】Support S Pen Wireless Charging and Attachment feature;Using … | details: Best Sellers Rank Tablet Cases 10944 Brand SanMuFly Color Creative Bulb 11 Compatible Devices Samsung Galaxy Tab S8 Ultra 14.6 inch 2022, Samsung Tab S8 Ultra 14",smart_bulb:approved_identity_phrase_absent,approved_identity_phrase_absent,title|details,bulb,,exclude,high,accessory,Primary title/category identifies a prohibited product or accessory.,w3-v1.4.0-draft,0f889039a71a92757d4da923dedf242f00ed20c93b0b64979a8e943342bb1a3e
recovery_candidate,B0BLCV85B6,smart_bulb,Electronics,Camera & Photo,"E27 Light Bulb Security Camera(Dual Lens), 10XHybrid Zoom Wifi Light Bulb Camera, Two-Way Talk Voice, Color HD Night Vision, Tracking, Sound And Light Alarm, Panoramic Light Bulb Camera 360°(2.4Ghz)",Electronics Camera & Photo Video Surveillance Surveillance Cameras Dome Cameras,"categories: Electronics Camera & Photo Video Surveillance Surveillance Cameras Dome Cameras | features: 【Full Color Night Vision and Easy Installation】 Wireless wifi light camera is equipped with 4pc IR LED and 8pcs white lights, with two night vision modes, IR night vision and full color night vision, providing super clear images even at night. This dual-lens bulb camera simply installed in the E27 lamp holder, and then connect the camera and can be used through the APP, no additional wiring and use USB charging, fast… | details: Best Sellers Rank Dome Surveillance Cameras 1553 Brand YAPEEN Connectivity Technology Wireless, Wired Date First Available November 3, 2022 Indoor/Outdoor Usage In",smart_bulb:wrong_product:bulb camera|smart_bulb:wrong_product:camera|smart_bulb:wrong_product:cameras|smart_bulb:wrong_product:light bulb camera|smart_bulb:wrong_product:security camera,wrong_product,title|features,bulb|e27|light bulb,wi fi|wifi,exclude,high,wrong_device_type,Primary title/category identifies a prohibited product or accessory.,w3-v1.4.0-draft,0f99226bc834f9cf9c7dd2d3bb47ced2330ff6f9fe89e471a286031ae0eedb36
recovery_candidate,B0BFPNKVRF,smart_bulb,Home_and_Kitchen,Tools & Home Improvement,"Innonly Solar RGB String Lights Outdoor 49Ft, Programmable & Dimmable Patio String Lights with Shatterproof Edison Bulbs, Color Changing Solar Lights for Patio Balcony Camping Party",Home & Kitchen Seasonal Décor Seasonal Lighting Indoor String Lights,"categories: Home & Kitchen Seasonal Décor Seasonal Lighting Indoor String Lights | features: Updated Smart Solar Powered String Lights: Bluetooth APP & Remote Control, Energy Saving mode is optional, Battery Level is displayed. Programmable Outdoor String Lights by APP: Program each bulb or bead to display different colors, speed and mode. Creating customize outside atmosphere all year around. Before DIY these lights, please choose control mode first. Chasing Effects Mood Light: The color changing lights off… | details: …ellers Rank Indoor String Lights 575 Outdoor String Lights 949 Tools & Home Improvement 59282 Brand Innonly Color Multicolor Connectivity Protocol Bluetooth Control Method A",smart_bulb:approved_identity_phrase_absent|smart_bulb:identity_not_in_title_or_categories,approved_identity_phrase_absent|identity_not_in_title_or_categories,title|features,bulb|bulbs,bluetooth,exclude,high,wrong_device_type,Primary title/category identifies a prohibited product or accessory.,w3-v1.4.0-draft,0fa0acdd16d4a46948310d0b76291a233ba64fdc8eda1f3a8e5a57edf3753fd2
recovery_candidate,B0C557416V,smart_bulb,Electronics,Camera & Photo,"GVM 1500D RGB LED Video Light, 75W Video Lighting Kit with Bluetooth Control, 3 Packs Led Panel Light for Photography, YouTube Studio, Video Shooting, Broadcasting, Conference, 1128 Led Beads",Electronics Camera & Photo Lighting & Studio Lighting Continuous Output Lighting,"categories: Electronics Camera & Photo Lighting & Studio Lighting Continuous Output Lighting | features: …ip and has a life of more than 300000 hours. Provide the true and natural color for Photography, YouTube Studio, Video Shooting, Broadcasting, etc. APP Bluetooth Control System: You can set the channel, adjust the color temperature(2300K-5600K)/brightness/HSI parameters/Scenes through the button and knob on the panel with clear LCD screen or by downloading GVM app in such as Apple Store/Google Play, etc through your … | details: Battery Life 30000 Hours Best Sellers Rank Continuous Output Lighting 307 Brand GVM Great Video Maker Connectivity Technology Bluetooth Date First Available Augu",smart_bulb:approved_identity_phrase_absent|smart_bulb:identity_not_in_title_or_categories|smart_bulb:wrong_product:camera,approved_identity_phrase_absent|identity_not_in_title_or_categories|wrong_product,features,bulb,bluetooth,exclude,low,insufficient_evidence,Bulb identity is not explicit in title/categories.,w3-v1.4.0-draft,0fc1b15f2c37960f11d330b527cc32b28f4109852c859bf468877b6bffab12ee
recovery_candidate,B07547G5T7,smart_bulb,Electronics,Tools & Home Improvement,Stanlamp Replacement Projector Lamp For 20-01032-20 With Housing For Smart Board Unifi 55/Unifi 65/UF55/UF65,Electronics Television & Video Accessories Projector Accessories Lamps,"categories: Electronics Television & Video Accessories Projector Accessories Lamps | features: …installation. All the lamps will be tested at the manufacturer before leaving the facility. It is 100%compatible and high quality replacement bulb for 20-01032-20. 3000 hours life time and 180days warranty projector bulb for 20-01032-20. It will fit for Smart Board 600i4 680i (3) 680i Gen 3 880i4 885i4 D600i4 SB660 SB680 SB680i3 SB685 SBD660 SBD680 SBD685 SBM685i6 SBP-15X SBP-20W SBX880i4 SBX885i4 SPB-10X ST230i TABL… | details: Batteries Included? No Batteries Required? No Best Sellers Rank Projection Lamps 1372 Brand Stanlamp Connectivity Technology DisplayPort Date First Available September 21,",smart_bulb:approved_identity_phrase_absent|smart_bulb:identity_not_in_title_or_categories|smart_bulb:wrong_product:projector|smart_bulb:wrong_product:projector lamp|smart_bulb:wrong_product:smart board,approved_identity_phrase_absent|identity_not_in_title_or_categories|wrong_product,features,bulb,,exclude,high,accessory,Primary title/category identifies a prohibited product or accessory.,w3-v1.4.0-draft,0fd47c8fdee22d22c9510bd6ee6a7c29c27e481088c011cf4fde755a397418c4
recovery_candidate,B0939RCBTR,smart_bulb,Electronics,Amazon Devices,Echo Studio – High-fidelity smart speaker with TP-Link Color Bulb– Alexa smart home starter kit,,"features: This bundle contains Echo Studio and TP-Link WiFi Smart Color bulb (KL135) Automate your home set up with Alexa and TP-Link -use your voice to control your lights Link to Alexa Account for Simple Set Up: Download the latest Amazon Alexa app. Screw in the smart light bulb and open the Alexa app, then power on. Say,"" Alexa, Discover my devices."" Immersive sound – 5 speakers produce powerful bass, dynamic midrange, and …",smart_bulb:approved_identity_phrase_absent|smart_bulb:wrong_product:echo|smart_bulb:wrong_product:echo studio|smart_bulb:wrong_product:smart speaker,approved_identity_phrase_absent|wrong_product,title|features,bulb|bulbs|light bulb,alexa|smart home|smart_near_bulb|voice control|wi fi|wifi,exclude,high,wrong_device_type,Primary title/category identifies a prohibited product or accessory.,w3-v1.4.0-draft,0fe3355160d9e7d59de17449517e27aab1de8625adc34449171da6539e1eeb32
recovery_candidate,B0C7TLDBQT,smart_bulb,Electronics,Camera & Photo,"GULZIIYA Wireless WiFi Light Bulb Camera 1080P Outdoor, 2023 New Upgrade 360° Indoor Socket Security Cameras for Home Security with 2-Way Audio, Real-time Motion Detection, Color Night Vision",Electronics Camera & Photo Video Surveillance Surveillance Cameras Dome Cameras,"categories: Electronics Camera & Photo Video Surveillance Surveillance Cameras Dome Cameras | features: [Wireless and Easy To Install]: This light bulb camera works with E27 light socket. Just insert and screw it into the light socket, Then use the mobile phone to download the APP, and use the APP to help the camera connect to the WIFI. connect with App and you are done!The camera support cloud storage and 8-128GB Micro SD card storage . ( Camera do not come with SD card ) [1080P Full HD & Color Night Vision]: 1080P HD… | details: Best Sellers Rank Dome Surveillance Cameras 274 Brand GULZIIYA Connectivity Technology Wired Country of Origin China Date First Available December 18, 2022 Indoor/",smart_bulb:wrong_product:bulb camera|smart_bulb:wrong_product:camera|smart_bulb:wrong_product:cameras|smart_bulb:wrong_product:light bulb camera|smart_plug:approved_identity_phrase_absent|smart_plug:wrong_product:camera|smart_plug:wrong_product:cameras,multi-type conflict|wrong_product,title|features,bulb|e27|light bulb,wi fi|wifi,exclude,high,wrong_device_type,Primary title/category identifies a prohibited product or accessory.,w3-v1.4.0-draft,0ff05b78d377f96b1951da1cdd93474d4345c5eda3a059d1382ebfbd174c726f
recovery_candidate,B06Y2KBHDK,smart_bulb,Home_and_Kitchen,Amazon Home,"1000W DE Fixture, Dimmable Double Ended Complete Fixture for Grow Lights, XTRAHYDRO Kits for Indoor Plants, HPS MH Supported (1000 Watt)",,"features: … socket to get more economy and safety. Stiable for high efficiency DE MH/HPS lamp Warranty : Free replacement within 3 years for ballast; 1 year for bulb and reflector | description: … Input power grid frequency : 50 / 60 HZ Input rated voltage: 220/240 VAC Power factor : >0.97 Efficiency : >94% THD: ≤10% ★★★Features★★★ Output protection function : Open/short circuit protection, bulb faulty protection, bulb aging protection (bulb aging caused by lamp voltage abnormally high) Soft starter technology : The ballast has soft start function when starting, this can reduce the impact of power surge, soft… | details: Brand XTRAHYDRO Color White Indoor/Outdoor Usage Indoor Is Discontinued",smart_bulb:approved_identity_phrase_absent|smart_bulb:identity_not_in_title_or_categories|smart_plug:approved_identity_phrase_absent|smart_plug:identity_not_in_title_or_categories,approved_identity_phrase_absent|identity_not_in_title_or_categories|multi-type conflict,features|description,bulb,,exclude,low,insufficient_evidence,Bulb identity is not explicit in title/categories.,w3-v1.4.0-draft,1012bfa9d773644a35f5b72ced0122a03201a6498b5818095cca846e81a073f6
recovery_candidate,B08K4HCK11,smart_bulb,Electronics,Amazon Devices,Echo (4th Gen) | Charcoal with Sengled Bluetooth bulb | Alexa smart home starter kit,,"features: This bundle contains Echo (4th Gen) Charcoal and Sengled Bluetooth bulb. Control your lights without getting up - Use your voice to control your smart light bulb by saying, ""Alexa, turn on the lights"" for a hands free experience. Simple to set up and use - To set up your bulb, plug in and set up your Echo device, plug in your bulb, and ask, “Alexa, discover my devices."" Use your voice to name your bulb and begin usin…",smart_bulb:approved_identity_phrase_absent|smart_bulb:wrong_product:echo|smart_plug:approved_identity_phrase_absent|smart_plug:identity_not_in_title_or_categories|smart_plug:wrong_product:echo|smart_plug:wrong_product:starter kit,approved_identity_phrase_absent|multi-type conflict|wrong_product,title|features,bulb|light bulb,alexa|bluetooth|sengled|smart home|smart_near_bulb,exclude,high,wrong_device_type,Primary title/category identifies a prohibited product or accessory.,w3-v1.4.0-draft,108ed779cb3bd139362621a66359763425b2903f412957c06f6b44b4a16422ef
recovery_candidate,B0BHWJKLKH,smart_bulb,Electronics,Camera & Photo,"SYMYNELEC Light Bulb Security Camera Wireless, 2.4GHz WiFi 1080P Smart Home Surveillance Camera with Floodlight Night Vision Human Motion Detection Alarm Remote Access Easy Installation Indoor",Electronics Camera & Photo Video Surveillance Surveillance Cameras Dome Cameras,"categories: Electronics Camera & Photo Video Surveillance Surveillance Cameras Dome Cameras | details: …ELEC Date First Available October 29, 2022 Item Dimensions LxWxH 3 x 3 x 5.9 inches Item Weight 8.8 ounces Item model number 2.4GHz Wireless WiFi Security Camera Manufacturer SYMYNELEC Number of Items 1 Product Dimensions 3 x 3 x 5.9 inches",smart_bulb:approved_identity_phrase_absent|smart_bulb:wrong_product:camera|smart_bulb:wrong_product:cameras|smart_bulb:wrong_product:security camera,approved_identity_phrase_absent|wrong_product,title|details,bulb|light bulb,smart home|wi fi|wifi,exclude,high,wrong_device_type,Primary title/category identifies a prohibited product or accessory.,w3-v1.4.0-draft,10a5f9e3de6189a4e60e86c556b39a71de5872958f7157d83c02d95b465d76d3
recovery_candidate,B08ZNDHWKB,smart_bulb,Electronics,Camera & Photo,Sokani X25 RGB LED Tube with APP Control Bi-Color 2800K-10000K Full Color Dimming Rechargeable Battery OLED Display Light Stick for YouTube Tiktok Video (60cm),Electronics Camera & Photo Lighting & Studio Lighting Continuous Output Lighting,"categories: Electronics Camera & Photo Lighting & Studio Lighting Continuous Output Lighting | features: 🎄Sokani X25 V2 RGB LED Video Light Wand Stick with APP Control for Video Photography Painting with Full Color Dimming Bi-Color 2800K-10000K Rechargeable Battery OLED Display for YouTube Tiktok TIK Tok 🎄【Build-in Battery】：Build-in 3000mAh battery, use the RGB tube light in studio or outdoor freely. 🎄【Wide Range CCT,2800K - 10000K】：Wide Range CCT from 2800K tungsten to 6500K daylight as key, fill or rim light for film,… | details: Batteries 1 Lithium Ion batteries required. (included) Best Sellers Rank Continuous Output Lighting 91 Brand Sokani Date First Available March 22, 2021 Hardware I",smart_bulb:approved_identity_phrase_absent|smart_bulb:identity_not_in_title_or_categories|smart_bulb:wrong_product:camera,approved_identity_phrase_absent|identity_not_in_title_or_categories|wrong_product,title|features,bulb,app control,exclude,low,insufficient_evidence,Bulb identity is not explicit in title/categories.,w3-v1.4.0-draft,10c41c082d18f0f611ed1cce273ad85273d1c34357ed288e7514d8d7fc42593f
recovery_candidate,B0BJ2WHSB1,smart_bulb,Electronics,Camera & Photo,"Safecam 360°Panoramic Security Camera Wireless Outdoor,Keilini Light Bulb Security Camera HD 1080P Wireless Light Socket Smart Cameras for Home Security,Motion Detection,Two-Way Audio (2Pcs)",Electronics Camera & Photo Video Surveillance Surveillance Cameras Bullet Cameras,"categories: Electronics Camera & Photo Video Surveillance Surveillance Cameras Bullet Cameras | features: [Wireless and Easy To Install] This camera can be installed using a normal E27 bulb base(110V~240V),Then use the mobile phone to download the APP, and use the APP to help the bulb camera connect to the WIFI. No other operations are required. Note that it takes about 40s to connect the bulb camera for the first time. [1080P and Intelligent Night Vision] Light Bulb Security Camera Outdoor Wifi 1080P HD Bulb Security Ca… | details: Best Sellers Rank Bullet Surveillance Cameras 1193 Brand DeesGames Connectivity Technology Wireless Date First Available October 13, 2022 Department Unisex Adult",smart_bulb:approved_identity_phrase_absent|smart_bulb:wrong_product:camera|smart_bulb:wrong_product:cameras|smart_bulb:wrong_product:security camera|smart_plug:approved_identity_phrase_absent|smart_plug:wrong_product:camera|smart_plug:wrong_product:cameras|smart_plug:wrong_product:security camera,approved_identity_phrase_absent|multi-type conflict|wrong_product,title|features,bulb|e27|light bulb,wi fi|wifi,exclude,high,wrong_device_type,Primary title/category identifies a prohibited product or accessory.,w3-v1.4.0-draft,10e27e76866c262e08c99a772cc06d8c215b1b6e8e73b61c33b38cf9dd414446
recovery_candidate,B0BM3ZFPN8,smart_bulb,Electronics,Camera & Photo,"3PACK Light Socket Security Camera,Light BuLB WiFi Outdoor,Light Camera for Home Security Camera with Motion Detection, Two-Way Audio, Color Night Vision,Auto Tracking,2.4G WiFi",Electronics Camera & Photo Video Surveillance Surveillance Cameras Dome Cameras,"categories: Electronics Camera & Photo Video Surveillance Surveillance Cameras Dome Cameras | features: 【Wireless &Easy Installation】This light bulb security camera only needs to be directly installed in a light socket (110V~240V), and use the mobile phone to download the APP""CloudEye"" on IOS or EseeCloud on Android devices. No other operations are required. (Notes: Only work with 2.4G WiFi,5G WiFi is not supported). 【1080P FHD&Color night vision】Equipped with a high-resolution sensor to provide you with clear vision w… | details: Best Sellers Rank Dome Surveillance Cameras 2492 Brand VAKATAKA Connectivity Technology Wireless Date First Available November 11, 2022 Indoor/Outdoor Usage Outdoo",smart_bulb:approved_identity_phrase_absent|smart_bulb:wrong_product:camera|smart_bulb:wrong_product:cameras|smart_bulb:wrong_product:security camera|smart_plug:approved_identity_phrase_absent|smart_plug:wrong_product:camera|smart_plug:wrong_product:cameras|smart_plug:wrong_product:security camera,approved_identity_phrase_absent|multi-type conflict|wrong_product,title|features,bulb|light bulb,wi fi|wifi,exclude,high,wrong_device_type,Primary title/category identifies a prohibited product or accessory.,w3-v1.4.0-draft,10e3611350649abd920301f461172514bf2cbb2dd5a85e2dc2e72de6ec91ae95
recovery_candidate,B06X194RV1,smart_bulb,Home_and_Kitchen,Tools & Home Improvement,3D Lamp 7 Color Change Powered by USB or Batteries Breathing Light with Smart Touch Button Desk Table Night Light Easy Operation More Convenient Best Gift.(Whale),Home & Kitchen Home Décor Products Kids' Room Décor Lamps & Lighting,"categories: Home & Kitchen Home Décor Products Kids' Room Décor Lamps & Lighting | features: …and 1 flashing color mode.(The first seven times for monochromatic change,the eighth times for automatically seven colors change) ULTRA LONG LIFE BULB：durable base in which there are 9 LED beads,2700k light temperature, powered by 5V USB Cable connected to PC or your home adaptor,this make it more energe saving.Power spend: 0.012kw.h/24 hours, LED life span: 10000hours SAFETY GUARANTEE：Temperature protection; short c… | description: Product parameters: 1. led life: 10000 hours2. Output power: 0.012kw.h / 24 hours3. Power supply: USB cable or 3 AA batteries (5 batteries)4. Input voltage: 4.5-5v5. Out",smart_bulb:approved_identity_phrase_absent|smart_bulb:identity_not_in_title_or_categories,approved_identity_phrase_absent|identity_not_in_title_or_categories,features,bulb,,exclude,high,wrong_device_type,Primary title/category identifies a prohibited product or accessory.,w3-v1.4.0-draft,10f06d971c60fd8f693a73caeec9f1cce7461f193a7ec3c80016431d528119aa
recovery_candidate,B0BZKN9B3T,smart_bulb,Home_and_Kitchen,,"FIOHOME 22.8""x 18.1"" Vanity Mirror Makeup Mirror with Lights,10X Large Hollywood Lighted Vanity Mirror with 15 Dimmable LED Bulbs,3 Color Modes,Touch Control for Bedroom,Tabletop or Wall-Mounted",Home & Kitchen Bath Bathroom Accessories Bathroom Mirrors Wall-Mounted Vanity Mirrors,"categories: Home & Kitchen Bath Bathroom Accessories Bathroom Mirrors Wall-Mounted Vanity Mirrors | features: 【Ajustable Brightness & 3 colors Lights】: FIOHOME Hollywood lighted vanity mirror surrounded by 15pc LED bulbs,with warm liht/day light /cold light three-tone settings,Ajustable brightnees is meet to your personal makeup requriement. 【Large Size & USB outlet】: FIOHOME large hollywood makeup mirror has a perfect large size（22.8""x 18.1""）,It's large enough to show your makeup, suitable for dresser and bedroom.USB charge… | description: FIOHOME Large Hollywood Vanity Mirror, Vanity Mirror with 10x Lens, Dimmble Led Bulb, 3 Color Light Modes. Dream Vanity Mirror: The Hollywood vanity mirr",smart_bulb:approved_identity_phrase_absent|smart_bulb:identity_not_in_title_or_categories|smart_plug:approved_identity_phrase_absent|smart_plug:identity_not_in_title_or_categories,approved_identity_phrase_absent|identity_not_in_title_or_categories|multi-type conflict,title|features|description,bulb|bulbs|led bulb,,exclude,high,wrong_device_type,Primary title/category identifies a prohibited product or accessory.,w3-v1.4.0-draft,10f0c1b96a215f353ac0a46e2deedc0da4c2ffdba13ca8a40b0e6f6d7762d946
recovery_candidate,B09XM5YR8L,smart_bulb,Electronics,Camera & Photo,"Aputure LS 600D,Aputure 600D Light Storm LED Light Daylight 5600K 600W Power,100,000Lux @1m with Lighting FX,Support App Control",Electronics Camera & Photo Lighting & Studio Lighting Continuous Output Lighting,"categories: Electronics Camera & Photo Lighting & Studio Lighting Continuous Output Lighting | features: …yoke with 360° rotation.Dual Junior/Baby Pin for easy mounting.Separate control box for a lighter lamp head Multiple control methods: 2.4 GHz remote, Sidus Link, Bluetooth App control, built-in wireless DMX, Art net, Ethernet, 5-pin DMX512 In and Out 4 Dimming Curves: Linear, Exponential, Log, S-Curve.8 Built-in Lighting FX: Paparazzi, Fireworks, Lightning, Faulty Bulb, TV, Pulsing, Strobe, and Explosion | details: Best Sellers Rank Continuous Output Lighting 510 Country of Origin China Date First Available April 14, 2022 Item Weight 36.5 pounds Item model number HS2022041101LS600D Manuf",smart_bulb:approved_identity_phrase_absent|smart_bulb:identity_not_in_title_or_categories|smart_bulb:wrong_product:camera,approved_identity_phrase_absent|identity_not_in_title_or_categories|wrong_product,title|features,bulb,app control|bluetooth,exclude,low,insufficient_evidence,Bulb identity is not explicit in title/categories.,w3-v1.4.0-draft,1110b4fa1f4e70194f1313ef38d534ec4e6478a74fc859351511c6ba05d69811
recovery_candidate,B09L5WGH79,smart_bulb,Electronics,Camera & Photo,"XVIM 2.4GHz WiFi Camera, Wireless Light Bulb Security Camera, Remote Access, 2-Way Audio, Night Vision & Live Alarm",Electronics Camera & Photo Video Surveillance Surveillance Cameras Dome Cameras,"categories: Electronics Camera & Photo Video Surveillance Surveillance Cameras Dome Cameras | features: [Wireless Connection & Easy Installation] - This wireless camera supports 2.4Ghz WiFi (5Ghz WiFi is not supported). With a normal base, it can be installs easily and quickly. [1080P HD & Full Color Night Vision] - The wireless camera has 1080P HD resolution, providing clear and smooth live video and 360 panoramic views. Full Color night vision to view your home at any time. [Pan/Tilt Capacity & 2-Way Audio] - XVIM wi… | description: Easy wireless connection and installationThe wireless WIFI camera supports 2.4G WiFi (5G WiFi is not supported). You only need to connect the camera system to ",smart_bulb:approved_identity_phrase_absent|smart_bulb:wrong_product:camera|smart_bulb:wrong_product:cameras|smart_bulb:wrong_product:security camera,approved_identity_phrase_absent|wrong_product,title|features|description,bulb|e27|light bulb,wi fi|wifi,exclude,high,wrong_device_type,Primary title/category identifies a prohibited product or accessory.,w3-v1.4.0-draft,111e6b8a1055e9a5655a2f11200bc359f2546e29bea2fe6b28e20e1f296e991d
recovery_candidate,B08G85YDQY,smart_bulb,Electronics,Camera & Photo,"GVM RGB Led Video Light with 2 Softboxes, Photography Lighting Kit with Bluetooth Control, Dimmable Led Panel of LCD Screen, 360 Degree Full Color Studio Lights, 8 Kinds of The Scene Lights, CRI 97+",Electronics Camera & Photo Lighting & Studio Lighting Continuous Output Lighting,"categories: Electronics Camera & Photo Lighting & Studio Lighting Continuous Output Lighting | features: Built-in Applicable 8 kind of Scenes Modes: Including Lightning, Police car, Candlelight, TV, Bad light bulb, Party, Disco, Paparazzi. The RGB video light can meet your different needs in different situation. Rgb led light can be adjusted quickly according to your needs, enrich your shooting environment, Improve your shooting efficiency and work effect. Quick brightness adjustment at 0%, 1%, 25%, 50%, 75%, 100% by th… | details: Best Sellers Rank Continuous Output Lighting 1749 Brand GVM Great Video Maker Connectivity Technology Bluetooth Date First Available March 26, 2021 Hardware Inter",smart_bulb:approved_identity_phrase_absent|smart_bulb:identity_not_in_title_or_categories|smart_bulb:wrong_product:camera,approved_identity_phrase_absent|identity_not_in_title_or_categories|wrong_product,features,bulb|light bulb,bluetooth,exclude,low,insufficient_evidence,Bulb identity is not explicit in title/categories.,w3-v1.4.0-draft,114626117defd43a92ac479d90f7142a1c514a96f1ecf9b9b2cc64ecfc8d8e88
recovery_candidate,B0BRRYVGMV,smart_bulb,Electronics,Camera & Photo,"2 Pack 3MP Light Bulb Security Camera for Home Security, 360° WiFi Smart Light Socket Security Camera Outdoor Wireless, Lightbulb Camera with Motion Detection , Two Way Talk, Works with Alexa (2Pack)",Electronics Camera & Photo Video Surveillance Surveillance Cameras Dome Cameras,"categories: Electronics Camera & Photo Video Surveillance Surveillance Cameras Dome Cameras | features: 💡【3MP HD & Clear Night Vision】- 3MP surveillance light bulb security camera is able to provide clearer and more detailed images, which helps you get rid of blurred image quality. The WiFi Pan Tilt Camera Upgrade Hd Night Vision Function, and the infrared night vision and white light night vision can be switched freely, camera light bulb You Can See Clear Images Even In Complete Darkness.Only supports 2.4Ghz WiFi (5Gh… | details: Best Sellers Rank Dome Surveillance Cameras 2048 Country of Origin USA Date First Available January 6, 2023 Item Weight 1.33 pounds Manufacturer rohxizw Package Di",smart_bulb:approved_identity_phrase_absent|smart_bulb:wrong_product:camera|smart_bulb:wrong_product:cameras|smart_bulb:wrong_product:security camera|smart_plug:approved_identity_phrase_absent|smart_plug:wrong_product:camera|smart_plug:wrong_product:cameras|smart_plug:wrong_product:security camera,approved_identity_phrase_absent|multi-type conflict|wrong_product,title|features,bulb|light bulb,alexa|wi fi|wifi,exclude,high,wrong_device_type,Primary title/category identifies a prohibited product or accessory.,w3-v1.4.0-draft,1147e4cb7de91158fe295f61a125a2edc10fb12dd8b80cd6d3e557bcfb20682d
recovery_candidate,B08ND968F2,smart_bulb,Electronics,Camera & Photo,"Amaran 200x Bi-Color LED Video Light, 200W 2700-6500k 51600lux@1m Bluetooth App Control 9 Built-in Lighting Effects DC/AC Power Supply, Made by Aputure",Electronics Camera & Photo Lighting & Studio Lighting Continuous Output Lighting,"categories: Electronics Camera & Photo Lighting & Studio Lighting Continuous Output Lighting | features: …tional daylight (D55). 🏆【9 Pre-programmed Lighting Effects】: Aputure Amaran 200x features 9 lighting effect modes, such as paparazzi, fireworks, lightning, faulty bulb, TV, breath, flash, explosion, fire. Brightness 0-100% adjustable, providing more choices. 🏆【Dual Control Methods】: The Aputure 200x support 2.4G 100m Sidus Link App Remote Control via Bluetooth, to control all kinds of light effect, brightness, freque… | details: Best Sellers Rank Continuous Output Lighting 304 Brand Aputure Connectivity Technology Bluetooth, Radio Frequency Date First Available November 13, 2020 Hardware",smart_bulb:approved_identity_phrase_absent|smart_bulb:identity_not_in_title_or_categories|smart_bulb:wrong_product:camera,approved_identity_phrase_absent|identity_not_in_title_or_categories|wrong_product,title|features,bulb,app control|bluetooth,exclude,high,wrong_device_type,Primary title/category identifies a prohibited product or accessory.,w3-v1.4.0-draft,11893a3925dbb0e3f588b63fe58c5d17fa4cde454b9aa42b0ae60d6f1b00edd5
recovery_candidate,B09B5DKSPY,smart_bulb,Home_and_Kitchen,Tools & Home Improvement,"Raycare 12 Pcs Christmas Window Candles with 6 Hour Timer with Suction Cups, Double Brightness Flameless Taper Candle Battery Operated, LED Candle Sticks for Window Christmas Holiday Decoration",Home & Kitchen Home Décor Products Candles & Holders Candles Taper Candles,"categories: Home & Kitchen Home Décor Products Candles & Holders Candles Taper Candles | features: …n cups, with simple installation you can bring these super bright candles home. Double Times Super Bright: Extra big led bead, crystal shape lamp bulb, and 2 AA batteries powered (not included) make these plastic candle sticks have double times brightness as others, and magical crystal clear halo affections, shine enough to see even across the road. 6-Hours Smart Timer: All electric window candles have a built-in 6 h… | description: Raycare 12 Pcs Christmas Window Candles with 6 Hour Timer with Suction Cups, Double Brightness Flameless Taper Candle Battery Operated, LED Candle Sticks for Windo",smart_bulb:approved_identity_phrase_absent|smart_bulb:identity_not_in_title_or_categories,approved_identity_phrase_absent|identity_not_in_title_or_categories,features|details,bulb,,exclude,low,insufficient_evidence,Bulb identity is not explicit in title/categories.,w3-v1.4.0-draft,12439ccf46ed3c8d979d7aecdc34237b5636cdbff8684862042ca547dec1b1b4
recovery_candidate,B003DKG3V4,smart_bulb,Home_and_Kitchen,Tools & Home Improvement,"GE Lighting 76458 Energy Smart LED 2.5-Watt (15-watt replacement) 80-Lumen A15 Light Bulb with Medium Base, 1-Pack",Home & Kitchen Seasonal Décor Seasonal Lighting Indoor String Lights,"categories: Home & Kitchen Seasonal Décor Seasonal Lighting Indoor String Lights | features: … significant energy savings, a long useful life up to 50,000 hours General Purpose/Ceiling Fan Perfect for residential or commercial use LED2A15C / TP | description: From the Manufacturer GE 76458 Energy Smart Led General Purpose/Ceiling Fan Clear A15 2.5-Watt . Light Emitting Diodes (LEDs) were invented by GE scientists in the 1960s and are cutting edge, energy efficient. GE LED Systems are designed for reliability and validated in one of the world's leading reliability laboratories. Rigorous test protocols used at system, sub system and component levels. 10 years experience in …",smart_bulb:approved_identity_phrase_absent|smart_bulb:wrong_product:energy smart,approved_identity_phrase_absent|wrong_product,title|description|details,a15|bulb|light bulb,,exclude,high,accessory,Primary title/category identifies a prohibited product or accessory.,w3-v1.4.0-draft,125b1e7b2c942017ebb926e2d478af969a834c86f151dc96aa474782616c94c9
recovery_candidate,B07ZCYMS3V,smart_bulb,Electronics,Camera & Photo,"GVM RGB LED Video Light, Photography Lighting with APP Control, 800D Video Lighting Kit for YouTube Studio, 2 Packs Led Panel Light for Gaming, Streaming, Conference, 8 Kinds of Scene Lights, CRI 97",Electronics Camera & Photo Lighting & Studio Lighting Continuous Output Lighting,"categories: Electronics Camera & Photo Lighting & Studio Lighting Continuous Output Lighting | features: …ht simulate 8 kinds of the scene lights. It enrich your shooting environment, including TV, Candle, Cop Car, Lightning, Paparazzi, Disco, Party, Bad bulb. Two output ways: The first mode is where the color temperature is between 3200K and 5600K. The second mode which allows you to adjust the hue output and color saturation of red, green and blue from 0% to 100%. which means you can quickly match the current ambient w… | description: GVM RGB LED Video Light, Photography Lighting with APP Control, 800D Video Lighting Kit for YouTube Studio, 2 Packs Led Panel Light, 3200K-5600K, 8 Kinds of ",smart_bulb:approved_identity_phrase_absent|smart_bulb:identity_not_in_title_or_categories|smart_bulb:wrong_product:camera,approved_identity_phrase_absent|identity_not_in_title_or_categories|wrong_product,title|features|description,bulb,app control|bluetooth,exclude,low,insufficient_evidence,Bulb identity is not explicit in title/categories.,w3-v1.4.0-draft,126cd547b3036342c7434743c6464065ad30b1c44d4a2502cdef3446f5937968
recovery_candidate,B09T38WYPY,smart_bulb,Electronics,Camera & Photo,"Godox LA200Bi Bicolor LED Video Light, 210W 2800K-6500K 79200Lux Bowens Mount Led Light, CRI 96+ 11 FX Effect 0-100% Dimming, APP Control, for Film Shooting, Wedding, TV Interviews",Electronics Camera & Photo Lighting & Studio Lighting Continuous Output Lighting,"categories: Electronics Camera & Photo Lighting & Studio Lighting Continuous Output Lighting | features: …. 【Built-in 11 FX Special Effects】 LA200Bi studio video light can simulate the lighting effects of Flash1, Flash 2, Flash 3, Storm 1, Storm 2, Storm 3, TV, broken bulb, Candle, Fire and Firework, it has 3 more lighting effects than LA200D. 【Compact and Lightweight】 8.1*5.7*8.5 inch, 3 lb. The LA200Bi portable studio light is convenient for quick installation and transportation. It saves you time and effort shooting a… | details: …t Sellers Rank Continuous Output Lighting 1695 Brand GODOX Country of Origin China Date First Available February 22, 2022 Hardware Interface Bluetooth Has Self-",smart_bulb:approved_identity_phrase_absent|smart_bulb:identity_not_in_title_or_categories|smart_bulb:wrong_product:camera,approved_identity_phrase_absent|identity_not_in_title_or_categories|wrong_product,title|features,bulb,app control|bluetooth,exclude,high,accessory,Primary title/category identifies a prohibited product or accessory.,w3-v1.4.0-draft,1280efd902aea55cb802a7bd04710d4a11d6509125b5b30fd2bcf5268a4508ba
recovery_candidate,B08F8QQ7HF,smart_bulb,Electronics,Amazon Devices,Echo Dot (3rd Gen) - Smart speaker with Alexa - Heather Gray Sengled Bluetooth bulb,,"features: This bundle contains Echo Dot (3rd gen) and Sengled Smart Bulb – everything you need to start your smart home. Echo Dot is our most popular voice-controlled speaker, now with improved sound and a new design. Simple to set up and use - To set up your free bulb, plug in and set up your Echo device, plug in your bulb, and ask, “Alexa, discover my devices."" Use your voice to name your bulb and begin using immediately No …",smart_bulb:approved_identity_phrase_absent|smart_bulb:wrong_product:echo|smart_bulb:wrong_product:echo dot|smart_bulb:wrong_product:smart speaker|smart_plug:approved_identity_phrase_absent|smart_plug:identity_not_in_title_or_categories|smart_plug:wrong_product:echo|smart_plug:wrong_product:echo dot|smart_plug:wrong_product:smart speaker,approved_identity_phrase_absent|multi-type conflict|wrong_product,title|features,bulb,alexa|bluetooth|sengled|voice controlled,exclude,high,wrong_device_type,Primary title/category identifies a prohibited product or accessory.,w3-v1.4.0-draft,1288883bce12139941ef77faab4ff8a0698807df7677e829bbe1110e44e7de3a
recovery_candidate,B0BGPCPB85,smart_bulb,Electronics,Camera & Photo,"360 Degree Light Bulb Cam, Wireless Light Bulb Security Camera Wireless WiFi Light Bulb 1080P Light Socket Security Cameras Outdoor Home Security Smart Motion Detection",Electronics Camera & Photo Video Surveillance Surveillance Cameras Bullet Cameras,"categories: Electronics Camera & Photo Video Surveillance Surveillance Cameras Bullet Cameras | features: 1080P and Intelligent Night Vision:Light Bulb Security Camera Outdoor Wifi 1080P HD Bulb Security Camera Can provide a clear picture even at night,Intelligent Night Vision provides ordinary night vision and color night vision, You can use the APP to control the camera viewing angle to achieve 360 viewing without blind spots. Wireless & Easy Installation: This wifi light bulb security camera can be installed using a n… | description: Product Specifications: Features: Easy to Install It is very easy to install this E27 camera. Just screw the camera into the lamp holder, connect to the wifi",smart_bulb:wrong_product:camera|smart_bulb:wrong_product:cameras|smart_bulb:wrong_product:security camera|smart_plug:approved_identity_phrase_absent|smart_plug:wrong_product:camera|smart_plug:wrong_product:cameras|smart_plug:wrong_product:security camera,multi-type conflict|wrong_product,title|features|description,bulb|e27|light bulb,wi fi|wifi,exclude,high,wrong_device_type,Primary title/category identifies a prohibited product or accessory.,w3-v1.4.0-draft,12b53b5d4071f3a8c35ef90acdc5ef59f4778ec8a15eb599927b9c0f8b4d8f09
recovery_candidate,B07ZT93VJG,smart_bulb,Electronics,Camera & Photo,"Zmodo Torch 360 Smart Home Garden Door Light Wireless Camera, Outdoor Wide Angle, Motion Alert, Silver, without Infrared Night Vision",Electronics Security & Surveillance Home Security Systems,"categories: Electronics Security & Surveillance Home Security Systems | features: …oud recording plans allow you to save 24/7 video footage and create clips by editing captured video. Easy Installation - Install by replacing your existing bulb with Zmodo Torch. Follow the instructions in the Zmodo app to connect your device to your home's WiFi. Make sure the Torch 360 can fit in the location and housing you want to use! Torch 360 is a unique smart home product, and it is bigger (2.95'' x 6.46'') th… | details: Best Sellers Rank Home Security Systems 1573 Brand Zmodo Compatible Devices Tablet, Smartphone Connectivity Technology Wireless Date First Available October 30, 2019 Indoor/Outdoor Usa",smart_bulb:approved_identity_phrase_absent|smart_bulb:identity_not_in_title_or_categories|smart_bulb:wrong_product:camera,approved_identity_phrase_absent|identity_not_in_title_or_categories|wrong_product,title|features,bulb|light bulb,smart home|wi fi|wifi,exclude,high,wrong_device_type,Primary title/category identifies a prohibited product or accessory.,w3-v1.4.0-draft,12e0fb986e609572ef88488925ee1a6885f1d28685dbd470f68e90adcf6a860b
recovery_candidate,B0BP6ZX19F,smart_bulb,Electronics,Camera & Photo,"Hoibampu 2PCS 1080P WiFi Socket Light Bulb Security Outdoor Camera,360 Degree Socket Outdoor Lightbulbs Camera Wireless Outdoor Surveillance Blubs Camera Smart Premium No Waterproof Work with Alexa",Electronics Camera & Photo Video Surveillance Surveillance Cameras Bullet Cameras,"categories: Electronics Camera & Photo Video Surveillance Surveillance Cameras Bullet Cameras | features: Work on Alexa and Qucik ConnectionOur outdoor light bulb camera supports Alexa voice assistant, which will improve the operation of a great convenience. This bulb camera automatically recognizes your home router frequency 2.4GHz,our light socket camera can give you more wireless wifi options and control your camera more smoothly. It can be installed using a normal E27 bulb base(110V-240V), open the app to set up the … | details: Best Sellers Rank Bullet Surveillance Cameras 1591 Brand Hoibampu Connectivity Technology Wireless Date First Available December 6, 2022 Indoor/Outdoor Usage Out",smart_bulb:approved_identity_phrase_absent|smart_bulb:wrong_product:camera|smart_bulb:wrong_product:cameras|smart_plug:wrong_product:camera|smart_plug:wrong_product:cameras,approved_identity_phrase_absent|multi-type conflict|wrong_product,title|features,bulb|e27|light bulb,alexa|wi fi|wifi,exclude,high,wrong_device_type,Primary title/category identifies a prohibited product or accessory.,w3-v1.4.0-draft,130ec5537f8a129e7e4fa64ed2483bc0b85c0637a6074a783c6702818ae98c00
recovery_candidate,B0B4N3R5QC,smart_bulb,Electronics,Camera & Photo,"2.4G WiFi 2MP Wireless Light Bulb WiFi Camera Smart Home Camera360 Degree 1080P PTZ IP Home Security Camera with E27 Bulb Plug,2-Way Audio,Motion Detection,Include 32G TF Card",Electronics Camera & Photo Video Surveillance Surveillance Cameras Dome Cameras,"categories: Electronics Camera & Photo Video Surveillance Surveillance Cameras Dome Cameras | features: ※【ONLY 2.4G Wifi 1080P IP Camera】PIAHESA 2MP PTZ Light Bulb Security IP Camera ONLY SUPPORT 2.4G WIFI NOW .It provide clear vision for you day&night .The PTZ support 355°pan& 95°tilt, All-round protection of your safety Our bulb camera use TUYA smart app which is easy to add and set up devices. This Light Bulb Security home Camera only support 2.4G wifi currently. ※【Easy&Quick Installation】Screw the light bulb securi… | details: Best Sellers Rank Dome Surveillance Cameras 2753 Brand PIAHESA Connectivity Technology Wireless Date First Available June 21, 2022 Item Weight 9.1 ounces Item mode",smart_bulb:approved_identity_phrase_absent|smart_bulb:wrong_product:camera|smart_bulb:wrong_product:cameras|smart_bulb:wrong_product:security camera|smart_plug:approved_identity_phrase_absent|smart_plug:wrong_product:camera|smart_plug:wrong_product:cameras|smart_plug:wrong_product:security camera,approved_identity_phrase_absent|multi-type conflict|wrong_product,title|features,bulb|e27|light bulb,smart home|smart_near_bulb|tuya|wi fi|wifi,exclude,high,wrong_device_type,Primary title/category identifies a prohibited product or accessory.,w3-v1.4.0-draft,1367f7c12aeb37d1d1716d8537ca08b9e4ec2746488b7a5d0c9c55ab8428d0e4
recovery_candidate,B0B8YLTG4F,smart_bulb,Electronics,Camera & Photo,PLUE Light Bulb Camera - Wireless WiFi Security Cameras Outdoor - 360 1080P & 2.4/5GHz Dome Camera HD Night Vision Light Socket Camera (2 Pack),Electronics Camera & Photo Video Surveillance Surveillance Cameras Dome Cameras,"categories: Electronics Camera & Photo Video Surveillance Surveillance Cameras Dome Cameras | features: 【Wireless and Easy To Install】This camera can be installed using a normal E27 bulb base(110V240V),Then use the mobile phone to download the APP, and use the APP to help the bulb camera connect to the WIFI. No other operations are required. Note that it takes about 40s to connect the bulb camera for the first time.(The device support 2.4GHz&5G network) 【1080P and Intelligent Night Vision】Light Bulb Camera Outdoor Wifi… | description: Wifi Light Bulb Security Camera ➤Type : IP camera ➤APP：YIshi ➤High Definition : 1080P(Full) ➤Lens (mm) : 3.6mm ➤Color : White ➤Sensor : CMOS ➤Megapixels : 2MP ",smart_bulb:approved_identity_phrase_absent|smart_bulb:wrong_product:bulb camera|smart_bulb:wrong_product:camera|smart_bulb:wrong_product:cameras|smart_bulb:wrong_product:light bulb camera|smart_plug:approved_identity_phrase_absent|smart_plug:wrong_product:camera|smart_plug:wrong_product:cameras,approved_identity_phrase_absent|multi-type conflict|wrong_product,title|features|description|details,bulb|e27|light bulb,wi fi|wifi,exclude,high,wrong_device_type,Primary title/category identifies a prohibited product or accessory.,w3-v1.4.0-draft,137ed2608c6c4753d4b5b65741823decdb7cf09db120116e6d92e98417220cc1
recovery_candidate,B07Z6ZX8WK,smart_bulb,Electronics,Amazon Devices,Echo Plus (2nd Gen) with Philips Hue Bulb - Alexa smart home starter kit - Sandstone,,"features: Smart home made simple - To set up your free bulb, plug in and set up your Echo Plus, plug in your bulb, and ask, “Alexa, discover my devices."" Meet the Echo Plus - Same great sound as our Echo (3rd Gen) with a built-in Zigbee hub to easily setup and control your compatible smart home devices. Enjoy premium sound - Personalize your listening experience by adjusting the equalizer settings. Or pair with a second Echo P…",smart_bulb:approved_identity_phrase_absent|smart_bulb:wrong_product:echo|smart_plug:approved_identity_phrase_absent|smart_plug:identity_not_in_title_or_categories|smart_plug:wrong_product:echo|smart_plug:wrong_product:starter kit,approved_identity_phrase_absent|multi-type conflict|wrong_product,title|features,bulb,alexa|philips hue|smart home|smart_near_bulb|voice control|zigbee,exclude,high,wrong_device_type,Primary title/category identifies a prohibited product or accessory.,w3-v1.4.0-draft,13c7d2c7f4efae854f9f2f8ecd054826de14944eab98f0766303136f3d81eb1b
recovery_candidate,B0BN3FLG4K,smart_bulb,Electronics,Camera & Photo,"WOOLINK 2PCS Light Bulb Security Camera, 3MP Indoor Bulb Camera, 2.4G WiFi Smart Light Socket Security Camera Wireless Outdoor with Motion Detection and Alerts, 2-Way Audio,Color Night Vision",Electronics Camera & Photo Video Surveillance Surveillance Cameras Dome Cameras,"categories: Electronics Camera & Photo Video Surveillance Surveillance Cameras Dome Cameras | features: Wireless and Easy To Install: This light bulb camera can be installed using a normal E27 bulb base, no need break wall, then use the mobile phone to download ""HoMeYe Pro"" app from App Store or Google Play and use the APP to help the camera connect to the WiFi.It compatible with 2.4GHz WiFi network(5GHz not support) 3MP HD and Advanced Night Vision:Built with 4pcs IR LEDs and 4pcs floodlight LEDs, Our bulb WiFi camera… | details: Best Sellers Rank Dome Surveillance Cameras 2212 Brand WOOLINK Connectivity Technology Wireless Date First Available November 22, 2022 Item Weight 1.48 pounds Item",smart_bulb:approved_identity_phrase_absent|smart_bulb:wrong_product:bulb camera|smart_bulb:wrong_product:camera|smart_bulb:wrong_product:cameras|smart_bulb:wrong_product:security camera|smart_plug:approved_identity_phrase_absent|smart_plug:wrong_product:camera|smart_plug:wrong_product:cameras|smart_plug:wrong_product:security camera,approved_identity_phrase_absent|multi-type conflict|wrong_product,title|features,bulb|e27|light bulb,smart_near_bulb|wi fi|wifi,exclude,high,wrong_device_type,Primary title/category identifies a prohibited product or accessory.,w3-v1.4.0-draft,13d7a85509f9de36b7d93955fd562aa74fc00ee9c2aeebea84ef5345aa337aa2
recovery_candidate,B07B3NLJX4,smart_bulb,Electronics,Tools & Home Improvement,Woprolight 1020991 Replacement Lamp w/Housing for SmartBoard UF70 / UF70W / Unifi 70 / Unifi 70w / LIGHTRAISE 60WI2 / SLR60wi2 / SLR60wi2-SMP (1020991),Electronics Television & Video Accessories Projector Accessories Bulbs,"categories: Electronics Television & Video Accessories Projector Accessories Bulbs | features: Type: Sklamp Projector Repalcement Lamp with Houisng, easy installation Hight Quality replacement projector bulb life expectancy: 2000-3000 Hours 180 days warranty and 30 days 100% Money Back Guarantee All lamps will be tested before ship to customers Fit Projector: Smart Board SB600i6, Smart Board UF70, Smart Board UF70W, Smart Board Unifi 70, Smart Board Unifi 70 / Unifi 70w 3.LIGHTRAISE 60WI2 / SLR60wi2 / SLR60wi2… | description: …e handle so that it stands up. Pull out the lamp module by force. Warning To reduce the risk of personal injury, do not drop the lamp module or touch the lamp bulb. Th",smart_bulb:approved_identity_phrase_absent|smart_bulb:identity_not_in_title_or_categories|smart_bulb:wrong_product:projector|smart_bulb:wrong_product:replacement lamp,approved_identity_phrase_absent|identity_not_in_title_or_categories|wrong_product,categories|features|description|details,bulb|bulbs,,exclude,high,accessory,Primary title/category identifies a prohibited product or accessory.,w3-v1.4.0-draft,1460d59b313b843dd5d929a4f3449403b80927b963e9efe886960f1183ba211c
recovery_candidate,B081BHCCFK,smart_bulb,Home_and_Kitchen,,GE 97732LO Energy Smart 100-Count 66-ft Warm White LED Plug-in Christmas String Lights,Home & Kitchen Seasonal Décor Seasonal Lighting Indoor String Lights,"categories: Home & Kitchen Seasonal Décor Seasonal Lighting Indoor String Lights | features: …e of mind accepted product safety standards UL safety listing demonstrates this product has met minimum requirements of widely Replacements bulbs and fuses included, so you're prepared if a light goes out ENERGY STAR qualified products help you save money on utility bills without sacrificing performance, style or comfort | description: …nstantON LED warm white C9 Christmas string lights provide up to 20,000 hours of constant light ConstantON lights continue to operate even when a bulb is burned out or loose Green cord with 66-ft lighted length matches your Christmas decor and illuminates your home's",smart_bulb:approved_identity_phrase_absent|smart_bulb:identity_not_in_title_or_categories|smart_bulb:wrong_product:energy smart|smart_plug:approved_identity_phrase_absent,approved_identity_phrase_absent|identity_not_in_title_or_categories|multi-type conflict|wrong_product,features|description|details,bulb|bulbs,,exclude,high,wrong_device_type,Primary title/category identifies a prohibited product or accessory.,w3-v1.4.0-draft,149b3b526d6b4603a6085a3723d6a9464911305cabbd513fb40801da8df80d02
recovery_candidate,B092JMRDG4,smart_bulb,Home_and_Kitchen,,"FUFUYOU Unicorn Night Light for Kids, 16 Colors 3D Illusion lamp with Remote Unicorn Toys for 2 3 4 5 6 7 8 Year Old Girls Birthday Gifts Bedroom Home Decorations",Home & Kitchen Home Décor Products Kids' Room Décor Lamps & Lighting,"categories: Home & Kitchen Home Décor Products Kids' Room Décor Lamps & Lighting | features: 🦖【Magic 3D Effect Unicorns Toys】: Amazing 3D visual effects, the unicorn jump out and give you a visual sense of enjoyment. The vivid 3D unicorn effect brings a lot of happiness to the children, soft and not glaring, and can also ensure their sweet sleep. It looks real and amazing, allowing children to be active in the dark. 💡【Multiple Lighting Modes】: These 3D unicorn night lights have 16 colors and 4 modes. You ca… | description: FUFUYOU 3D Unicorn toys Newest Version 3D Unicorn creative lamp is a combination of art and technology that creates an optical 3D illusion and plays tricks on eyes. It's h",smart_bulb:approved_identity_phrase_absent|smart_bulb:identity_not_in_title_or_categories,approved_identity_phrase_absent|identity_not_in_title_or_categories,,,,exclude,high,wrong_device_type,Primary title/category identifies a prohibited product or accessory.,w3-v1.4.0-draft,14a110caca710e8c186b13b5f5d8e2c39f10d8743bd6f33ecfaf86755d15e5e5
recovery_candidate,B07614FTC7,smart_bulb,Electronics,Tools & Home Improvement,Mini Disco Ball Light |USB Operated |Long Lasting Light Bulb |Ideal for Karaoke Microphone E106,Electronics Computers & Accessories Computer Accessories & Peripherals USB Gadgets,"categories: Electronics Computers & Accessories Computer Accessories & Peripherals USB Gadgets | features: BELT IT OUT, ANYWHERE – Big, bulky karaoke machines are a thing of the past! The KaraoKing portable wireless karaoke microphone uses Bluetooth karaoke microphone technology to connect directly to your smart phone. It’s compact, professional quality, and comes with some unbeatable FREEBIES, so you can get the KTV singing party started and keep it going all night long! AWESOME ACOUSTICS – Whether you prefer Britney, Wh… | details: Brand KaraoKing Color White Compatible Devices Smartphone, Karaoke Machine Connectivity Technology Bluetooth, USB Connector Type USB Included Components Warrant",smart_bulb:approved_identity_phrase_absent|smart_bulb:smart_evidence_not_in_title_or_categories,approved_identity_phrase_absent|smart_evidence_not_in_title_or_categories,title,bulb|light bulb,bluetooth,exclude,high,wrong_device_type,Primary title/category identifies a prohibited product or accessory.,w3-v1.4.0-draft,14cf045f61fda02ec16ab840a95b9ec84a6f9528ae5356f1c81101a0ca39a5bf
recovery_candidate,B07R5ZM3QS,smart_bulb,Electronics,All Electronics,"Home Wireless Projector, WIKISH LCD WiFi Video Movie Projectors 4400 Lumen TV Projector Support Full HD 1080p 50,000 Hours LED Lamp Life for iPad Smartphone Laptop Blue Ray DVD Player PS4",Electronics Video Projectors,"categories: Electronics Video Projectors | features: 【2019 New Version Wifi Projector 】Have wifi at home? Perfect! Based on Android 4.4.4 system, this model can double ultilize your wifi to get access to endless online videos and movies--Perfect for Lag-free Wireless HD Video Streaming and Gaming from your phone. Work well with Airplay and Miracast perfectly. You will like the feeling of sharing same image of your phone to a 200"" large screen portable projector. HOW TO… | description: New generation projector with WiFi function, so, use for what? 1: Built-in android OS, pre-installed browser, Hulu, Netflix, Kodi, Youtube, etc, directly watch videos online 2: Forget or do not have bluetooth d",smart_bulb:approved_identity_phrase_absent|smart_bulb:identity_not_in_title_or_categories|smart_bulb:wrong_product:projector,approved_identity_phrase_absent|identity_not_in_title_or_categories|wrong_product,title|features|description,bulb|bulbs,bluetooth|wi fi|wifi,exclude,high,wrong_device_type,Primary title/category identifies a prohibited product or accessory.,w3-v1.4.0-draft,14d9ff4436a0ac1409f82cc34fa737560bcb21a2490c5aeaebeabf7c84e316a9
recovery_candidate,B07WSDG7Q3,smart_bulb,Electronics,Camera & Photo,Aputure 300D Mark II C300d II Led Video Light V Mount CRI97+ TLCI97+ 55000lux@0.5M 5500k Sidus Link App Control 8 Lighting Effects Wireless Remote Control with Carrying Bag and Ginisfoto Cloth,Electronics Camera & Photo Lighting & Studio Lighting Continuous Output Lighting,"categories: Electronics Camera & Photo Lighting & Studio Lighting Continuous Output Lighting | features: …. The All‐in‐One control box of the 300d Mark II is now completely silent and features 8 built‐in lighting FX, including “Paparazzi”, “Spark”, “Lightning”, “Faulty Bulb”, “TV”, “Pulse”, “Flash”, and “Explosion”, with more coming in future firmware updates via the control box's USB interface. Plus, the new “trigger” button allows you to activate these lighting FX instantly. The 300d Mark II is also DMX512‐compatible, … | details: Best Sellers Rank Continuous Output Lighting 294 Brand Ginisfoto Connectivity Technology Bluetooth, USB Date First Available August 19, 2019 Hardware Interface L",smart_bulb:approved_identity_phrase_absent|smart_bulb:identity_not_in_title_or_categories|smart_bulb:wrong_product:camera,approved_identity_phrase_absent|identity_not_in_title_or_categories|wrong_product,title|features,bulb,app control|bluetooth,exclude,high,accessory,Primary title/category identifies a prohibited product or accessory.,w3-v1.4.0-draft,14e7a47791a61ddf8a6a942529e3f0efbb1eff69ba2d8a7f5fc3180e70027d01
recovery_candidate,B08L96STNR,smart_bulb,Electronics,All Electronics,"Movie Projector - Portable Mini Projector, 5500 Lumen & 1080P Supported Video Projector Compatible with Android/iOS/HDMI/USB/VGA/Fire TV",Electronics Video Projectors,"categories: Electronics Video Projectors | features: ❥2021 NEWEST WIRELESS & WIRED CONNECTION: CMUEPO phone projector supports wifi connection for both iOS/Android systems, can mirror movies/videos/photos/games from your smartphone or other devices to big screen freely, Enhanced wifi module and chipset ensures hassle-free wifi connections and lower input lag; no expensive adapter needed, you can connect the projector to your iPhone with an original cable line easily ❥W… | details: Best Sellers Rank Video Projectors 1510 Brand CMUEPO Brand Name CMUEPO Connectivity Technology VGA, USB, HDMI Date First Available October 16, 2020 Display resolution 1280 x 720 Item Weight 2 pounds Product Dimensi",smart_bulb:approved_identity_phrase_absent|smart_bulb:identity_not_in_title_or_categories|smart_bulb:wrong_product:projector,approved_identity_phrase_absent|identity_not_in_title_or_categories|wrong_product,features,bulb,wi fi|wifi,exclude,high,wrong_device_type,Primary title/category identifies a prohibited product or accessory.,w3-v1.4.0-draft,15b12ab9f62a7f39c72286c81a2433c3ec9e4e368f08b9d4740a84d3f5fd6dbf
recovery_candidate,B0BX2K5TWD,smart_bulb,Electronics,Camera & Photo,CZK1080P Lightbulb Security Camera Wireless Outdoor Indoor 2.4G WiFi Security Cameras for Home Security 360° Panoramic Motion Detection and Alarm Two-Way Audio Based E27………,Electronics Camera & Photo Video Surveillance Surveillance Cameras Dome Cameras,"categories: Electronics Camera & Photo Video Surveillance Surveillance Cameras Dome Cameras | features: 【Easy Installation】This WiFi bulb camera can be easily installed using a normal E27 bulb base adapter (included in the package), it supports 2.4GHznetworks,NO MORE EXTRA INSTALLATION STEPS.then you just need to connect the camera system to the router,open the app to setup the camera within minutes. 【Two-Way Audio】:The security camera is equipped with a built-in mic & speaker,the bulb security camera can have a conver… | details: Best Sellers Rank Dome Surveillance Cameras 1923 Brand CZK Connectivity Technology Wireless Date First Available February 28, 2023 Indoor/Outdoor Usage Indoor Item",smart_bulb:approved_identity_phrase_absent|smart_bulb:identity_not_in_title_or_categories|smart_bulb:wrong_product:camera|smart_bulb:wrong_product:cameras|smart_bulb:wrong_product:security camera,approved_identity_phrase_absent|identity_not_in_title_or_categories|wrong_product,title|features,bulb|e27,wi fi|wifi,exclude,high,wrong_device_type,Primary title/category identifies a prohibited product or accessory.,w3-v1.4.0-draft,15d3e8715d864df1f24c352df1bd322cff06aad78c34edf69cb0030dd239dc85
recovery_candidate,B0BCKFLLVX,smart_bulb,Electronics,Camera & Photo,i4SEE Light Bulb Security Camera 2.4GHz WiFi Floodlight Night Vision Human Motion Detection Alarm Remote Access Indoor Included 32gb TF Card,Electronics Camera & Photo Video Surveillance Surveillance Cameras Dome Cameras,"categories: Electronics Camera & Photo Video Surveillance Surveillance Cameras Dome Cameras | features: Easy to install: Directly replace the bulb without extra wiring. Only support 2.4GHz wifi and does not support 5GHz wifi. E27 lamp holder can be used directly. Remember to turn off the power before replacement, which is convenient and fast.Angle 360 degree horizontal rotation, 90 degree vertical turnover Advanted night vision:Upgrade the HD night vision function, and the infrared night vision and white light night vi… | details: Best Sellers Rank Dome Surveillance Cameras 2287 Brand I4SEE Connectivity Technology Wireless Date First Available August 31, 2022 Item Weight 9.1 ounces Item mode",smart_bulb:approved_identity_phrase_absent|smart_bulb:wrong_product:camera|smart_bulb:wrong_product:cameras|smart_bulb:wrong_product:security camera,approved_identity_phrase_absent|wrong_product,title|features,bulb|e27|light bulb,wi fi|wifi,exclude,high,wrong_device_type,Primary title/category identifies a prohibited product or accessory.,w3-v1.4.0-draft,1622fdf5393950e62acfab97f3a0ebb757e4a94e2d6506c594b8d1a7ac60bfbf
recovery_candidate,B0BJ76K3RD,smart_bulb,Electronics,Camera & Photo,"10X Hybrid Zoom Light Bulb Security Camera,NROMG Dual Lenses Indoor Wireless Wifi Home Security Cameras,30M Vision,Zoom in 10 times,1080P Smart 350 PTZ,Motion Detection, 2 Way Audio, Full Color Vision",Electronics Camera & Photo Video Surveillance Surveillance Cameras Dome Cameras,"categories: Electronics Camera & Photo Video Surveillance Surveillance Cameras Dome Cameras | features: Clear and Wide Viewing: The light bulb security camera is equipped with 3.6mm (H76°) +8mm (H30°) dual lenses, providing you 1080P clear and smooth real-time video within 100feet, Ensuring You Can See Ultra-Clear and can zoom in 10 times, so you don’t miss any details. The lens can be rotated horizontally at 350° and vertically at 90°, allowing you to remotely control the camera’s viewing angle via the IPC360 Home App… | details: Best Sellers Rank Dome Surveillance Cameras 544 Brand NROMG Connectivity Technology Wireless Date First Available October 14, 2022 Indoor/Outdoor Usage Indoor Item",smart_bulb:approved_identity_phrase_absent|smart_bulb:wrong_product:camera|smart_bulb:wrong_product:cameras|smart_bulb:wrong_product:security camera,approved_identity_phrase_absent|wrong_product,title|features,bulb|light bulb,wi fi|wifi,exclude,high,wrong_device_type,Primary title/category identifies a prohibited product or accessory.,w3-v1.4.0-draft,166337908df531a662a900bb64f6e232ee9f974d9f5f093107f03d661d02f4fc
recovery_candidate,B071KLQD8N,smart_bulb,Electronics,Home Audio & Theater,"Innovative Technology Retro Glitter Lamp with Bluetooth Speaker, Purple",Electronics Home Audio Speakers Surround Sound Systems,"categories: Electronics Home Audio Speakers Surround Sound Systems | features: …oss the room. Up to 33 feet of range. 3 watt speaker with digital volume control Compatible with all smart phones, tablets and laptops. 20 watt light Bulb (included) | description: Listen to your favorite tunes as Our mesmerizing lighted glitter Lamp creates creates unique swirling light shows. | details: Brand it.innovative technology Connectivity Technology Bluetooth Date First Available June 12, 2017 Is Discontinued By Manufacturer No Item Weight 3.99 pounds Item model number ITSBL-509-KPA Manufacturer Innovative Technology Model Name Glitter Lamp Number Of Items 1 Product Dimensions 4.3 x 16.7 x 4.3 inches Re",smart_bulb:approved_identity_phrase_absent|smart_bulb:identity_not_in_title_or_categories,approved_identity_phrase_absent|identity_not_in_title_or_categories,features,bulb|light bulb,,exclude,low,insufficient_evidence,Bulb identity is not explicit in title/categories.,w3-v1.4.0-draft,1668147f50481b003fefbc25800538b3e65f03c56ea0551b2b799cce3eb87fee
recovery_candidate,B01MSN6X0S,smart_bulb,Home_and_Kitchen,Home Audio & Theater,"The Up Light: Wake Up Light - Sunrise & Sunset Simulation with Quiet Wake, Nature Sounds, White Noise, and Bluetooth",Home & Kitchen Home Décor Products Clocks,"categories: Home & Kitchen Home Décor Products Clocks | features: …e day. Wake up or fall asleep to any song on your phone or any of the preloaded nature sounds or white noise. Sync to music playing on your phone or any Bluetooth speaker. Set up the Up Light to automatically turn on or off while you're away. SUPPLEMENTAL LIGHT THERAPY: Energize mode provides up to 10,000 lux of bright white light- Ideal for people who live in areas where sunlight hours are reduced during dark winter… | details: Best Sellers Rank Clocks 9066 Home & Kitchen 1494248 Brand UpLight Color White Connectivity Technology Bluetooth Date First Available November 17, 2016 Included Components Bulb Is Discontinued By Manu",smart_bulb:approved_identity_phrase_absent|smart_bulb:identity_not_in_title_or_categories,approved_identity_phrase_absent|identity_not_in_title_or_categories,features|details,bulb|bulbs|e26|e27|light bulb,bluetooth|wi fi|wifi,exclude,low,insufficient_evidence,Bulb identity is not explicit in title/categories.,w3-v1.4.0-draft,167ec73cadcafb4f3ed72a494e6c0a7a03e530d89a0c586f46b8a37a7cd6ff60
recovery_candidate,B014XKH7Z8,smart_bulb,Home_and_Kitchen,Tools & Home Improvement,"ASSIS Rabbit Plug-in Sensor Wall Night Lamp with Auto Voice and Light Control Sensor for Working-Room, Pink",Home & Kitchen Home Décor Products Kids' Room Décor Lamps & Lighting,"categories: Home & Kitchen Home Décor Products Kids' Room Décor Lamps & Lighting | features: …se it 8 hours everyday. One year's electricity consumption less than the air conditioning switched on for one hour. Power consumption is only 0.7 degrees, the bulb continue working life of approximately 50,000 hours. | details: Brand ASSIS Color Pink Date First Available September 5, 2015 Manufacturer ASSIS Material Plastic",smart_bulb:approved_identity_phrase_absent|smart_bulb:identity_not_in_title_or_categories|smart_plug:approved_identity_phrase_absent|smart_plug:smart_evidence_not_in_title_or_categories,approved_identity_phrase_absent|identity_not_in_title_or_categories|multi-type conflict,features,bulb,,exclude,low,insufficient_evidence,Bulb identity is not explicit in title/categories.,w3-v1.4.0-draft,16a578447956f3a264972e6525b24e18a33eb0ca8a7b2966c6921836d97de97e
recovery_candidate,B0746FMM9L,smart_bulb,Electronics,Tools & Home Improvement,"WoProlight RLC-078 RLC-085 Original Replacement Lamp with Housing for Viewsonic PJD5132 PJD5134,Genuine P-VIP Bulb",Electronics Television & Video Accessories Projector Accessories Bulbs,"categories: Electronics Television & Video Accessories Projector Accessories Bulbs | features: Type: Sklamp Projector Repalcement Lamp with Houisng, easy installation Hight Quality replacement projector bulb life expectancy: 2000-3000 Hours 180 days warranty and 30 days 100% Money Back Guarantee All lamps will be tested before ship to customers Fit Projector: Smart Board SB600i6, Smart Board UF70, Smart Board UF70W, Smart Board Unifi 70, Smart Board Unifi 70 / Unifi 70w 3.LIGHTRAISE 60WI2 / SLR60wi2 / SLR60wi2… | description: …e handle so that it stands up. Pull out the lamp module by force. Warning To reduce the risk of personal injury, do not drop the lamp module or touch the lamp bulb. Th",smart_bulb:approved_identity_phrase_absent|smart_bulb:smart_evidence_not_in_title_or_categories|smart_bulb:wrong_product:projector|smart_bulb:wrong_product:replacement lamp,approved_identity_phrase_absent|smart_evidence_not_in_title_or_categories|wrong_product,title|categories|features|description|details,bulb|bulbs,,exclude,high,accessory,Primary title/category identifies a prohibited product or accessory.,w3-v1.4.0-draft,16cbe34170807be7b213567cea570db30e47b8c81989c8937d764d378a3eff48
recovery_candidate,B0BF7KRLJH,smart_bulb,Electronics,Amazon Devices,Echo Dot (5th Gen) | Deep Sea Blue with Sengled Bluetooth Color bulb | Alexa smart home starter kit,,"features: This bundle contains Echo Dot (5th Gen) Deep Sea Blue and Sengled Bluetooth Color bulb. Control your lights without getting up - Use your voice to control your smart light bulb by saying, ""Alexa, turn on the lights"" for a hands free experience. Simple to set up and use - To set up your bulb, plug in and set up your Echo device, plug in your bulb, and ask, “Alexa, discover my devices."" Use your voice to name your bulb…",smart_bulb:approved_identity_phrase_absent|smart_bulb:wrong_product:echo|smart_bulb:wrong_product:echo dot|smart_plug:approved_identity_phrase_absent|smart_plug:identity_not_in_title_or_categories|smart_plug:wrong_product:echo|smart_plug:wrong_product:echo dot|smart_plug:wrong_product:starter kit,approved_identity_phrase_absent|multi-type conflict|wrong_product,title|features,bulb|light bulb,alexa|bluetooth|sengled|smart home|smart_near_bulb,exclude,high,wrong_device_type,Primary title/category identifies a prohibited product or accessory.,w3-v1.4.0-draft,17193bd26618b8ea3a1c2a701891f5c041a8cc0683e2d74a43f53014468354f9
recovery_candidate,B0BSMRZ8LX,smart_bulb,Electronics,Camera & Photo,"ACTMAN Light Socket Securiy Camera, Pan-Tilt HD 1080P Bulb Security Camera Outdoor WiFi with 2-Way Audio, Color Night Vision, Motion Detection, Support Cloud Storage & SD Card - 2PCS",Electronics Camera & Photo Video Surveillance Surveillance Cameras Dome Cameras,"categories: Electronics Camera & Photo Video Surveillance Surveillance Cameras Dome Cameras | features: 【Easy installation & APP control】 Connect the light bulb security camera to the socket(110V~240V) and then directly to use it. No other operations are required. Download ''Tuya'' APP, connect to 2.4G Hz WiFi, scan the QR code with the Smart bulb camera to add devices. You can adjust the viewing angle through the APP. All videos can be saved to Micro SD card (Not included,MAX 128GB) or Cloud storage.【1080P and Color N… | details: Brand ACTMAN Connectivity Technology Wireless Indoor/Outdoor Usage Outdoor Recommended Uses For Product Outdoor Security Special Feature Night Vision, PTZ Technolo",smart_bulb:approved_identity_phrase_absent|smart_bulb:wrong_product:camera|smart_bulb:wrong_product:cameras|smart_bulb:wrong_product:security camera|smart_plug:approved_identity_phrase_absent|smart_plug:wrong_product:camera|smart_plug:wrong_product:cameras|smart_plug:wrong_product:security camera,approved_identity_phrase_absent|multi-type conflict|wrong_product,title|features,bulb|light bulb,app control|tuya|wi fi|wifi,exclude,high,wrong_device_type,Primary title/category identifies a prohibited product or accessory.,w3-v1.4.0-draft,1728e2814cccf4cf977c216ab2a038db814ed4a26f39157c4d53bff71c57ff7d
recovery_candidate,B0BR3QRF61,smart_bulb,Electronics,Camera & Photo,"2.4GHz & 5GHz Light Bulb Security Camera WiFi Wireless, 1080P Lightbulb Security Camera, Color Night Vision, 360° Wireless Light Bulb Cameras, Motion Detection, Works with Alexa/Google E27/E26 Socket",Electronics Camera & Photo Video Surveillance Surveillance Cameras Dome Cameras,"categories: Electronics Camera & Photo Video Surveillance Surveillance Cameras Dome Cameras | features: 【2.4 & 5GHz WiFi & Easy Installment】Not limited to 2.4g or 5g WiFi networks, this security light bulb wireless camera can be fully compatible. Suitable for the common E26/E27 socket, it only takes a few seconds to rotate the camera into the socket and you're ready to go. 【360° View & Color Night Vision】This lightbulb security wireless camera offers 3MP high resolution, wide angle lens with 355° horizontal rotation an… | details: Best Sellers Rank Dome Surveillance Cameras 10908 Brand Eazieplus Connectivity Technology Wireless Date First Available December 26, 2022 Item Weight 9.1 ounces Ma",smart_bulb:approved_identity_phrase_absent|smart_bulb:wrong_product:camera|smart_bulb:wrong_product:cameras|smart_bulb:wrong_product:security camera|smart_plug:approved_identity_phrase_absent|smart_plug:wrong_product:camera|smart_plug:wrong_product:cameras|smart_plug:wrong_product:security camera,approved_identity_phrase_absent|multi-type conflict|wrong_product,title|features,bulb|e26|e27|light bulb,alexa|google assistant|wi fi|wifi,exclude,high,wrong_device_type,Primary title/category identifies a prohibited product or accessory.,w3-v1.4.0-draft,174cc9ea0f62a395155197cadb70d4da7b91c028619803943d6c5ef908f55235
recovery_candidate,B08H6KR55K,smart_bulb,Electronics,Amazon Devices,All-new Echo Dot with clock (4th Gen) - Glacier White - bundle with LIFX Smart Bulb (Wi-Fi),,"features: This bundle includes the Echo Dot with clock (4th Gen) and LIFX Smart Bulb (Wi-Fi). Automate your home set up with LIFX and Alexa -use your voice to control your lights. Meet the all-new Echo Dot with clock - Our most popular smart speaker with Alexa. The sleek, compact design delivers crisp vocals and balanced bass for full sound. Perfect for your nightstand - See the time, alarms, and timers on the LED display. Tap…",smart_bulb:wrong_product:bundle with|smart_bulb:wrong_product:echo|smart_bulb:wrong_product:echo dot,wrong_product,title|features,bulb,alexa|lifx|smart_near_bulb|wi fi|wifi,exclude,high,wrong_device_type,Primary title/category identifies a prohibited product or accessory.,w3-v1.4.0-draft,175f7319791d523d437561136227b8e48bd661cbd8c244f6ddb7f24a7bd561f7
recovery_candidate,B0BLCJSJ3Y,smart_bulb,Electronics,Camera & Photo,"SAFEVANT Light Bulb Security Camera WiFi Outdoor,1080P Smart 360 Degree Screw in Light Socket Camera with Two Way Audio Color Night Vision Motion Detection Alarm",Electronics Camera & Photo Video Surveillance Surveillance Cameras Dome Cameras,"categories: Electronics Camera & Photo Video Surveillance Surveillance Cameras Dome Cameras | features: …rew in the light socket to power up the camera. Download the free app on your phone then connect the camera to your router.camera need to connet wifi to work, support 2.4G wifi(Can't work with 5G WiFi, 4G WiFi only).Super easy to set up, Suitble for home security - outdoor, indoor, home, front door, office and ect. Pan Tilt 360 Degree: With the horizontal movement of 355 ° and vertical of 90 ° view angle,It can reali… | details: Best Sellers Rank Dome Surveillance Cameras 392 Brand SAFEVANT Compatible Devices Smartphone Connectivity Technology Wireless Date First Available August 4, 2022 ",smart_bulb:approved_identity_phrase_absent|smart_bulb:wrong_product:camera|smart_bulb:wrong_product:cameras|smart_bulb:wrong_product:security camera|smart_plug:approved_identity_phrase_absent|smart_plug:wrong_product:camera|smart_plug:wrong_product:cameras|smart_plug:wrong_product:security camera,approved_identity_phrase_absent|multi-type conflict|wrong_product,title|features,bulb|light bulb,smart_near_bulb|wi fi|wifi,exclude,high,wrong_device_type,Primary title/category identifies a prohibited product or accessory.,w3-v1.4.0-draft,176a36f6beafe65edb38e85e20511c9b8ba748c98b9c20f353dba1fef0f1dec8
recovery_candidate,B08K4G6HG6,smart_bulb,Electronics,Amazon Devices,Echo Dot (4th Gen) | Charcoal with Sengled Bluetooth bulb | Alexa smart home starter kit,,"features: This bundle contains Echo Dot (4th Gen) Charcoal and Sengled Bluetooth bulb. Control your lights without getting up - Use your voice to control your smart light bulb by saying, ""Alexa, turn on the lights"" for a hands free experience. Simple to set up and use - To set up your bulb, plug in and set up your Echo device, plug in your bulb, and ask, “Alexa, discover my devices."" Use your voice to name your bulb and begin …",smart_bulb:approved_identity_phrase_absent|smart_bulb:wrong_product:echo|smart_bulb:wrong_product:echo dot|smart_plug:approved_identity_phrase_absent|smart_plug:identity_not_in_title_or_categories|smart_plug:wrong_product:echo|smart_plug:wrong_product:echo dot|smart_plug:wrong_product:starter kit,approved_identity_phrase_absent|multi-type conflict|wrong_product,title|features,bulb|light bulb,alexa|bluetooth|sengled|smart home|smart_near_bulb,exclude,high,wrong_device_type,Primary title/category identifies a prohibited product or accessory.,w3-v1.4.0-draft,17f325974caef8bec43800b23a27513b36814f84be444920730d8be118469f48
recovery_candidate,B0BZYHRDM9,smart_bulb,Electronics,Camera & Photo,"Aputure Amaran 300C RGBWW Full Color LED Video Light,300W Bi-Color 2500K to 7500K Bowens Mount Continuous Light Bluetooth App Control 9 System FX DC/AC Power Supply Silent Fan",Electronics Camera & Photo Lighting & Studio Lighting Continuous Output Lighting,"categories: Electronics Camera & Photo Lighting & Studio Lighting Continuous Output Lighting | features: 💡RGBWW Full-Color 300W Output Bowens Mount Point-Source LED 💡360° HSI Full Color Control,9 System FX: Paparazzi, Fireworks, Faulty Bulb, TV, Pulsing, Strobe, Explosion, & Fire 💡Redesigned Silent Active Cooling System,Built-in Umbrella Holder 💡Up to 26,580 lux @ 1m with Hyper Reflector @ 5,600K 💡2,500K to 7,500K CCT with G/M Adjustment,48V DC Power Input: AC & Battery Power Options | details: Best Sellers Rank Continuous Output Lighting 118 Country of Origin China Date First Available March 30, 2023 Item Weight 11.23 pounds Manufacturer Aputure Product Dimensions 17.32 x 13.39 x 8.66 inche",smart_bulb:approved_identity_phrase_absent|smart_bulb:identity_not_in_title_or_categories|smart_bulb:wrong_product:camera,approved_identity_phrase_absent|identity_not_in_title_or_categories|wrong_product,title|features,bulb,app control|bluetooth,exclude,high,accessory,Primary title/category identifies a prohibited product or accessory.,w3-v1.4.0-draft,184964323751c4a1f35b94884ae8346c5a59a8c5341bf1af68cc439206b3d03e
recovery_candidate,B0B3GZQDGR,smart_bulb,Electronics,Tools & Home Improvement,"Alexa Smart Home Starter Kit|WiZ A21 Smart Color Bulb with Echo Dot (4th Gen) Charcoal| Full Color and Tunable White 100 Watt Equivalent LED Smart Bulb, No Hub Required",Amazon Devices & Accessories Amazon Devices Device Bundles Echo Smart Speaker & Display Bundles,"categories: Amazon Devices & Accessories Amazon Devices Device Bundles Echo Smart Speaker & Display Bundles | features: Easy Setup: WiZ works with your existing Wi-Fi router, no additional gateway is needed. Simply plug in your new light, download the WiZ app and you're ready to go! Smart Control: Control from anywhere with the WiZ app or go hands-free with voice control. The app makes it easy to invite family members and guests to control the lights without changing your settings. Smart control is easy for everyone with WiZ.​ Smart F… | details: Best Sellers Rank Amazon Devices & Accessories 2205 Echo Smart Speaker & Display Bundles 165 Brand WiZ Connected Bulb Shape Size A21 Color Charcoal",smart_bulb:wrong_product:echo|smart_bulb:wrong_product:echo dot|smart_bulb:wrong_product:smart speaker|smart_plug:approved_identity_phrase_absent|smart_plug:identity_not_in_title_or_categories|smart_plug:wrong_product:echo|smart_plug:wrong_product:echo dot|smart_plug:wrong_product:smart speaker|smart_plug:wrong_product:starter kit,multi-type conflict|wrong_product,title|features|details,a21|bulb,alexa|google assistant|smart home|smart_near_bulb|voice control|wi fi|wifi|wiz connected,exclude,high,wrong_device_type,Primary title/category identifies a prohibited product or accessory.,w3-v1.4.0-draft,1878a532a2dfc152f2d2e40322f28c29d4d033c712d98d809222d6ab64c3ac2d
recovery_candidate,B0BP2C2GMR,smart_bulb,Home_and_Kitchen,Tools & Home Improvement,"Fiopet LED Night Light, Intelligent Atmosphere Lamp Bluetooth Speaker Wireless Charger Bedside Lamp Sunrise Wake-up Lamp Polar Lamp Alarm Clock, APP Control Wireless Charging Nightstand Lamp (Black)",Home & Kitchen Home Décor Products Clocks Alarm Clocks,"categories: Home & Kitchen Home Décor Products Clocks Alarm Clocks | features: 🌞【Multi-functional Wireless Charger Atmosphere Lamp】It is not only an atmosphere lamp, but also has 15W fast wireless charging, Bluetooth speaker, music, sleep lamp, sunrise wake-up lamp, atmosphere lamp, bedside lamp, dazzling light effect, bluetooth audio, clock, alarm clock, etc. You can use this great light when working, studying, reading and sleeping. 🌞【Technology Design】This lamp is both beautiful and functiona… | description: 🌟🌟🌟 LED Night Light, Intelligent Atmosphere Lamp Bluetooth Speaker Wireless Charger Bedside Lamp Sunrise Wake-up Lamp Polar Lamp Alarm Clock, APP Control Wireless Charging Nightstand L",smart_bulb:approved_identity_phrase_absent|smart_bulb:identity_not_in_title_or_categories,approved_identity_phrase_absent|identity_not_in_title_or_categories,title|features|description|details,bulb,app control|bluetooth,exclude,high,wrong_device_type,Primary title/category identifies a prohibited product or accessory.,w3-v1.4.0-draft,1880cdb87ba50cbfdcfe280b1441a209df364ce40e6da18f7ebdf5e314882e55
recovery_candidate,B0B5GM9F6L,smart_bulb,Electronics,Camera & Photo,"X W EI UNION Light Bulb Camera 360 Degree Wireless Home Security Camera Indoor Outdoor, Two-Way Audio Motion Detection Night Vision Video Record with Sound Cloud Support",Electronics Camera & Photo Video Surveillance Surveillance Cameras Dome Cameras,"categories: Electronics Camera & Photo Video Surveillance Surveillance Cameras Dome Cameras | features: 💡360 Degree Rotation: This light bulb camera is convenient to rotates 355° horizontally and 120° vertically. You can control this security cam to rotate in your phone app. Just see any place you want. 💡Motion Detection with Horn: When theft break in your house at night, your phone will receive alter notification, and the home camera will give off alarm sound. The intruders will be panic and run away. 💡Two-Audio: You … | details: Best Sellers Rank Dome Surveillance Cameras 2155 Brand X W EI UNION Connectivity Technology Wireless Date First Available June 30, 2022 Indoor/Outdoor Usage Outdoo",smart_bulb:approved_identity_phrase_absent|smart_bulb:smart_evidence_not_in_title_or_categories|smart_bulb:wrong_product:bulb camera|smart_bulb:wrong_product:camera|smart_bulb:wrong_product:cameras|smart_bulb:wrong_product:light bulb camera|smart_bulb:wrong_product:security camera,approved_identity_phrase_absent|smart_evidence_not_in_title_or_categories|wrong_product,title|features,bulb|e27|light bulb,wi fi|wifi,exclude,high,wrong_device_type,Primary title/category identifies a prohibited product or accessory.,w3-v1.4.0-draft,18e32f0eb11ffb7a31b9efeacb88d633d583cae98750cf2cb16fb9d50f7a742c
recovery_candidate,B09LRVPQRH,smart_bulb,Electronics,All Electronics,"Mini Projector with IPTV Apps Contain Global Live Channels, 5500 Lumens 1080P HD Protable Home Theater Support 150’’ Screen, Android 9.0 OS Builtin 2.4G/5G Dual WiFi and Bluetooth 4.1 (White)",,"features: …the needs of IPTV enthusiasts. This is a super function that other projectors on the market do not have. ???Screen Mirror Function: Mini projector adopt WIFI synchronize screen technology, easy share your iOS/Android device to big screen by simply connecting same WIFI signal. No need to buy extra cables or download apps will make screen mirroring come true. ???Builtin Speakers: No need any external device, this super… | description: …ip Lens: 3 pieces glass lens Aspect Ratio:16:9 & 4:3 Throw Ratio:1.37 Keystone Correction:Vertical ±15° Support 3D:NO Systerm Language:English, Chinese Bulb Life:6500Hrs Adjustment Mode:Manual focus Operation Mode:Button pannel and remote control Proj",smart_bulb:approved_identity_phrase_absent|smart_bulb:identity_not_in_title_or_categories|smart_bulb:wrong_product:projector,approved_identity_phrase_absent|identity_not_in_title_or_categories|wrong_product,title|features|description,bulb,bluetooth|wi fi|wifi,exclude,high,wrong_device_type,Primary title/category identifies a prohibited product or accessory.,w3-v1.4.0-draft,1985b44b3b17e947ccbdaa77c541a9eaae821b2f2f3ab0f474b8f1c8090c7a73
recovery_candidate,B00PWZ6HNC,smart_bulb,Electronics,Camera & Photo,"SleekLighting LED Solar Powered Motion Sensor Super Wall Mount- Light for Garden, Pathway, Yard, Fence, Deck-Stainless Steel - Includes Mounting Hardware",Electronics Security & Surveillance Motion Detectors,"categories: Electronics Security & Surveillance Motion Detectors | features: Light can go on up to about 10 hours at night on a full charge daytime Bulb type:1Pc 0.3W and 1pc 0.07W White Color/warm white color LED Recharges daytime and automatically turns on nightime Smart detector- light will automatically turn on when motion is detected at night Dimensions: Approx. 6 1/2 X 3, screw & battery included | description: Package Includes: A- 1 motion sensor light B- 1 screw for installation C-battery Material: Stainless steel-sufficient lightness and energy saving. Excellent for garden, yard, pathway,garage, fence... wherever more light is necessary. Wall switch: AUTO/OFF -wall mounted The light",global:accessory_primary_identity:mounting hardware|smart_bulb:approved_identity_phrase_absent|smart_bulb:identity_not_in_title_or_categories|smart_switch:approved_identity_phrase_absent|smart_switch:identity_not_in_title_or_categories,accessory|approved_identity_phrase_absent|identity_not_in_title_or_categories|multi-type conflict,features,bulb,,exclude,high,accessory,Primary title/category identifies a prohibited product or accessory.,w3-v1.4.0-draft,199640c956e4cfd59976da4636bcaf487247c195b5de466bdf2dcda31d4763ac
recovery_candidate,B08PZ8FT9N,smart_bulb,Electronics,Camera & Photo,"Full HD 1080P Light Bulb Camera,FISH-EYE LENS 360° Wireless Security IP Panoramic Camera, 2.4GHz WiFi Dome Surveillance Cameras, IR Motion Detection, Night Vision, Alarm for Office/Baby/Pet Monitor",Electronics Camera & Photo Video Surveillance Surveillance Cameras Dome Cameras,"categories: Electronics Camera & Photo Video Surveillance Surveillance Cameras Dome Cameras | features: [360° Full HD Light Bulb Camera with Night Vision]- The bulb camera can illuminate and keep an eye on your room. When a dark environment is detected, the camera will automatically turn on the light, and you can watch clear images even in total darkness. You won't miss any important moments. [Wireless connection] -only supports 2.4GHz WiFi. After connecting to the power source, download the application software and fo… | details: Batteries 1 Lithium Polymer batteries required. (included) Best Sellers Rank Dome Surveillance Cameras 2141 Brand HIJUNMI Connectivity Technology Wireless Date Fir",smart_bulb:approved_identity_phrase_absent|smart_bulb:wrong_product:bulb camera|smart_bulb:wrong_product:camera|smart_bulb:wrong_product:cameras|smart_bulb:wrong_product:light bulb camera,approved_identity_phrase_absent|wrong_product,title|features,bulb|e26|e27|light bulb,wi fi|wifi,exclude,high,wrong_device_type,Primary title/category identifies a prohibited product or accessory.,w3-v1.4.0-draft,19ae2f3d48ae72d009d53daf2151a2487e47dae0feb2a1150b705776377ba7e4
recovery_candidate,B00COHZPMK,smart_bulb,Electronics,All Electronics,ASUS B1M 700-lumen 1280 x 800 HDMI VGA USB SD card reader Short-Throw Ultra-bright Wireless LED Projector,Electronics Video Projectors,"categories: Electronics Video Projectors | features: …the screen Plug and play with built-in SD card reader, and USB 2.0 without a PC, dual 2-watt speakers with ASUS SonicMaster Technology Free ASUS Wi-Fi Projection app gives you access to drop box accounts 0.9 short throw ratio for projection size up to 51-inches at just a 1 meter distance from a display screen | description: …eader and USB port connects to storage drives directly to play and view common documents, pictures, videos, and audio files without needing a PC ASUS Wi-Fi Projection for wireless streaming from a smartphone or tablet directly to the projector ASUS Wi-Fi Projection for wireless streaming from a smartphone or tablet di",smart_bulb:approved_identity_phrase_absent|smart_bulb:identity_not_in_title_or_categories|smart_bulb:wrong_product:projector|smart_plug:approved_identity_phrase_absent|smart_plug:identity_not_in_title_or_categories,approved_identity_phrase_absent|identity_not_in_title_or_categories|multi-type conflict|wrong_product,features|description,bulb,wi fi|wifi,exclude,high,wrong_device_type,Primary title/category identifies a prohibited product or accessory.,w3-v1.4.0-draft,19c4798851ce9290d3d3dde6dda0eb5bddf0aa93c0fea13a6693e959f7c22f75
recovery_candidate,B07ZJV1B6Q,smart_bulb,Electronics,Camera & Photo,"Olympus OM-D E-M10 Mark II Mirrorless Micro Four Thirds Digital Camera w/M.Zuiko Digital 14-42mm II R Lens (Silver) + Olympus BLS-50 Lithium-Ion Battery & Charger, Viewer 3 Software CD-ROM & More",Electronics Camera & Photo Digital Cameras Mirrorless Cameras,categories: Electronics Camera & Photo Digital Cameras Mirrorless Cameras | features: …ble for working in a variety of day-to-day environments. A high-resolution 16.1MP 4/3 Live MOS sensor pairs with the TruePic VII image processor. Live Bulb and Live Time modes are well-suited to creative long exposure photography and a dedicated Live Composite mode. Built-in Wi-Fi allows you to pair the camera with your smartphone or tablet for wireless sharing Olympus M.Zuiko Digital 14-42mm f/3.5-5.6 II R Lens - A … | description: This bundle includes:Olympus OM-D E-M10 Mark II Mirrorless Micro Four Thirds Digital Camera (Silver) Olympus M.Zuiko Digital 14-42mm f/3.5-5.6 II R Lens (Silver) Olympus BLS-50,smart_bulb:approved_identity_phrase_absent|smart_bulb:identity_not_in_title_or_categories|smart_bulb:wrong_product:camera|smart_bulb:wrong_product:cameras,approved_identity_phrase_absent|identity_not_in_title_or_categories|wrong_product,features,bulb,wi fi|wifi,exclude,high,wrong_device_type,Primary title/category identifies a prohibited product or accessory.,w3-v1.4.0-draft,19c96c4b5bb46752d9915ac61d47c0162fc949303ff17309b8a40cc49f985224
recovery_candidate,B0B41MHJMF,smart_bulb,Electronics,,"Bihlra 2 Pack Light Bulb Camera, 360 Degree PTZ 2.4Ghz WiFi Camera, Wireless Home Indoor and Outdoor Camera + 32GB SD Card (Two), APP Access, Motion Detection Alarm, Local and Cloud Storage…",Electronics Camera & Photo Video Surveillance Surveillance Cameras Dome Cameras,"categories: Electronics Camera & Photo Video Surveillance Surveillance Cameras Dome Cameras | features: 【Easy installation】The bulb camera is suitable for ordinary E27 lamp head installation (110V~240V). Please remember to turn off the power before replacing Only supports 2.4GHz wifi, not 5GHz wifi. 【Easy to operate】The light bulb camera APP has a simple interface and supports remote viewing on iPhone, Android, and Windows anytime, anywhere. You can control the viewing angle of the camera through the APP to achieve 360… | details: Best Sellers Rank Dome Surveillance Cameras 1747 Brand Bihlra Connectivity Technology Wireless Date First Available June 14, 2022 Indoor/Outdoor Usage Indoor Item ",smart_bulb:approved_identity_phrase_absent|smart_bulb:wrong_product:bulb camera|smart_bulb:wrong_product:camera|smart_bulb:wrong_product:cameras|smart_bulb:wrong_product:light bulb camera,approved_identity_phrase_absent|wrong_product,title|features,bulb|e27|light bulb,wi fi|wifi,exclude,high,wrong_device_type,Primary title/category identifies a prohibited product or accessory.,w3-v1.4.0-draft,19d3aa1e0c43f82ba73dbc0bdf98a67efcc75a0fd8a6edc79d5c522fd06e7581
recovery_candidate,B078RFGB2M,smart_bulb,Electronics,All Electronics,"Dimmable Selfie Stick Ring Light with Adjust Tripod Stand,USB Plug,3200K~5500K Beauty Tabletop Lamps for YouTube Video/Makeup/Live Stream/Vlogs (8-inch 24W Ring Light)",Electronics Camera & Photo Flashes Macro & Ringlight Flashes,"categories: Electronics Camera & Photo Flashes Macro & Ringlight Flashes | features: …daytime lighting takes away all the unflattering shadows! 120 LEDs 100,000Hrs long life. No annoying humming or flickering common with fluorescent bulbs. No bulb broken. Easily pick it up and move it around without accidentally burning yourself. Smart Phone and DSLR Friendly. Comes with mount for your smart phone or DSLR Camera. Compatible with iPhone, Android and Works with any DSLR Camera with a tripod mount! Packa… | details: Brand TRUMAGINE Connectivity Technology USB Date First Available December 14, 2018 Hardware Interface USB Is Discontinued By Manufacturer No Item Weight 1.65 pounds Item model numbe",smart_bulb:approved_identity_phrase_absent|smart_bulb:identity_not_in_title_or_categories|smart_bulb:wrong_product:camera|smart_plug:approved_identity_phrase_absent|smart_plug:smart_evidence_not_in_title_or_categories|smart_plug:wrong_product:camera,approved_identity_phrase_absent|identity_not_in_title_or_categories|multi-type conflict|wrong_product,features,bulb|bulbs,,exclude,low,insufficient_evidence,Bulb identity is not explicit in title/categories.,w3-v1.4.0-draft,19d51b7f21a924212998e8b909a24fa7ca4a0af2f65ac12b78816945f2403ea7
recovery_candidate,B0CGQ5K6LC,smart_bulb,Electronics,Camera & Photo,WiFi Light Bulb Cameras for Home Security 2K 360° PTZ Motion Sound Tracking Light Socket Security Cameras Wireless Outdoor Indoor Shimmer Color Night Vision 2-Way Talk 24/7 SD Card/Cloud Storage 2PCS,Electronics Camera & Photo Video Surveillance Surveillance Cameras Dome Cameras,"categories: Electronics Camera & Photo Video Surveillance Surveillance Cameras Dome Cameras | features: 【2.4GHz WiFi IP Camera & Easy Installation Bulb Cam】 The light bulb security camera is true wireless cameras for home security outdoors indoors. Built-in enhanced antenna offers a stable WiFi connection. No drilling, wiring or technical expertise is required. Just simply screw it into an E27 light socket and download the free CloudEdge app. The provided adapter helps connect to 2.4GHz WiFi without climbing up and dow… | details: Best Sellers Rank Dome Surveillance Cameras 73 Brand PM POPMAKE Connectivity Technology Wireless Date First Available September 25, 2023 Indoor/Outdoor Usage Outdo",smart_bulb:wrong_product:camera|smart_bulb:wrong_product:cameras|smart_plug:approved_identity_phrase_absent|smart_plug:wrong_product:camera|smart_plug:wrong_product:cameras,multi-type conflict|wrong_product,title|features,bulb|e27|light bulb,wi fi|wifi,exclude,high,wrong_device_type,Primary title/category identifies a prohibited product or accessory.,w3-v1.4.0-draft,19ed9a1e0b6c378f29436f3e40d2210fd0c85f713df0d709c0e6a4ebc2951e5d
recovery_candidate,B0C558WCD7,smart_bulb,Electronics,Camera & Photo,"GVM 1500D RGB LED Video Light, 75W Video Lighting Kit with Bluetooth Control, 2 Packs Led Panel Light for Photography, YouTube Studio, Video Shooting, Conference, 1128 Led Beads",Electronics Camera & Photo Lighting & Studio Lighting Continuous Output Lighting,"categories: Electronics Camera & Photo Lighting & Studio Lighting Continuous Output Lighting | features: …ip and has a life of more than 300000 hours. Provide the true and natural color for Photography, YouTube Studio, Video Shooting, Broadcasting, etc. APP Bluetooth Control System: You can set the channel, adjust the color temperature(2300K-5600K)/brightness/HSI parameters/Scenes through the button and knob on the panel with clear LCD screen or by downloading GVM app in such as Apple Store/Google Play, etc through your … | details: Battery Life 300000 Hours Best Sellers Rank Continuous Output Lighting 246 Brand GVM Great Video Maker Connectivity Technology Bluetooth Date First Available Aug",smart_bulb:approved_identity_phrase_absent|smart_bulb:identity_not_in_title_or_categories|smart_bulb:wrong_product:camera,approved_identity_phrase_absent|identity_not_in_title_or_categories|wrong_product,features,bulb,bluetooth,exclude,low,insufficient_evidence,Bulb identity is not explicit in title/categories.,w3-v1.4.0-draft,1a3284832a6be30763b07d8cced30d4e85e4bb6c9b12ca7b2e473a12e478e02e
recovery_candidate,B0B7BHY16V,smart_bulb,Electronics,Camera & Photo,"Wireless Light Bulb Camera, 360°Panoramic Security Camera, 2.4GHz WiFi Smart 1080P Outdoor Surveillance Camera with Night Vision Motion Detection Alarm Two-Way-Talk Phone Remote View Indoor E27",Electronics Camera & Photo Video Surveillance Surveillance Cameras Dome Cameras,"categories: Electronics Camera & Photo Video Surveillance Surveillance Cameras Dome Cameras | features: 【1080P FULL HD & CLEAR NIGHT VISION】1080P Full HD security camera provides clear smooth live video and recordings. It also has clear night vision ,You can view clear images even in complete darkness. 【MOTION DETECTION & REAL-TIME ALERTS】 Build-in highly sensitive motion sensor detect moving object,moving picture will be save at the same time.If someone breaks into your home,The camera will follow him , sound an alar… | description: Light bulb camera | details: …eillance Cameras 1371 Brand Halapa Connectivity Technology Wired Date First Available July 31, 2022 Item Weight 9.4 ounces Item mo",smart_bulb:approved_identity_phrase_absent|smart_bulb:wrong_product:bulb camera|smart_bulb:wrong_product:camera|smart_bulb:wrong_product:cameras|smart_bulb:wrong_product:light bulb camera|smart_bulb:wrong_product:security camera,approved_identity_phrase_absent|wrong_product,title|description|details,bulb|e27|light bulb,wi fi|wifi,exclude,high,wrong_device_type,Primary title/category identifies a prohibited product or accessory.,w3-v1.4.0-draft,1a59fc70f14771545d09c061363cfd2438c752d320939df0ab7512553af1b412
recovery_candidate,B09KC89784,smart_bulb,Home_and_Kitchen,Amazon Home,"Snow Globe Christmas String_Lights 10 LED Mini Christmas Tree Snowflake Globe Bulb Lights Strand, Holiday String_Lights for Family Friends, Battery Operated (20 led)",Home & Kitchen Seasonal Décor Seasonal Lighting Indoor String Lights,"categories: Home & Kitchen Seasonal Décor Seasonal Lighting Indoor String Lights | features: 【Mini Snow Globe】-- The battery-operated strings feature snow and a miniature Christmas tree inside each bulb, making every light look like it holds a tiny holiday-esque world. 【Christmas String Light】-- Features warm white bulbs on silver copper wire. Look like snow globes with a pine tree inside — they are almost magical. it is not waterproof, Indoor use only. 【Battery Operated】-- Requires 2 x AA Batteries (Not Inc… | description: …se the person who received it. Specifications: Material: Plastic, PS Power supply: 2 AA batteries (not included) Waterproof level: IP44 Optional style: A: Christmas tree",smart_bulb:approved_identity_phrase_absent|smart_bulb:smart_evidence_not_in_title_or_categories|smart_plug:approved_identity_phrase_absent|smart_plug:identity_not_in_title_or_categories,approved_identity_phrase_absent|multi-type conflict|smart_evidence_not_in_title_or_categories,title|features|description,bulb|bulbs,,exclude,high,wrong_device_type,Primary title/category identifies a prohibited product or accessory.,w3-v1.4.0-draft,1a7c3a459e8f5eb4419b4a3f7a8960564eeda502d29d6d7198510f501f374eb1
recovery_candidate,B071GR24XB,smart_bulb,Electronics,All Electronics,"iDARS Pro Camera Remote Control, Smart Phone Bluetooth Shutter Release for Canon EOS Rebel T7i/SL2/SL3, EOS 77D/M50/RP/6D, PowerShot G5/G7, iPhone 12/11/11 Pro/XS/Max/XR, Samsung, Google, LG",Electronics Camera & Photo Accessories Remote Controls,"categories: Electronics Camera & Photo Accessories Remote Controls | features: [Control Your Camera through Bluetooth] Compatible with Canon EOS Rebel T7i/SL2/SL3, EOS 77D/M50/RP/6D and PowerShot G5/G7. [Take Photos from Your Phone] Fulfills the function of auto-focus, continuous shooting, long exposure, half-way pressing, full-way pressing and bulb on iOS and Android mobiles. [Control Your Camera from all directions] No need to straightly align your camera with the remote to control it. This r… | description: …oting: Clear remote controller connection information first if you have pair other remote before- select ""wireless communication setting ""- select ""bluetooth function""- select ""check ",smart_bulb:approved_identity_phrase_absent|smart_bulb:identity_not_in_title_or_categories|smart_bulb:wrong_product:camera,approved_identity_phrase_absent|identity_not_in_title_or_categories|wrong_product,features,bulb,bluetooth,exclude,high,wrong_device_type,Primary title/category identifies a prohibited product or accessory.,w3-v1.4.0-draft,1a87ab9761d7f91c755e8209d7c3446dcecea02b655d84b13960a8483d2fcdcd
recovery_candidate,B00P6Z13TQ,smart_bulb,Electronics,Cell Phones & Accessories,Ztylus LED Ring Light Attachment for Ztylus Smartphone Cases - Retail Packaging - Red/Black,Electronics Camera & Photo,"categories: Electronics Camera & Photo | features: Enhance the width, depth, and overall quality of your photos. Protect the lenses w/ the included revolver case Easily store and transport. Utilize metal kickstand for hands-free photography Compatible with all Ztylus Smartphone Cases Package includes: Ztylus RV-L1 LED Light ONLY | description: …L Plus,Color Temperature:Warm White: 3000-3500k,Neutral White:4000-4700k,Cool White: 5000-6000k,Dimming Control:3-color stepless dimming,Average Battery Time:2 Hours,LED Bulb Lifetime:50,000 Hours,Battery Type:3 AAA. | details: Color Red/Black Date First Available November 3, 2014 Department Unisex-adult^mens^womens Form Factor Flip Is Discontinued By",smart_bulb:approved_identity_phrase_absent|smart_bulb:identity_not_in_title_or_categories|smart_bulb:wrong_product:camera,approved_identity_phrase_absent|identity_not_in_title_or_categories|wrong_product,description,bulb|led bulb,,exclude,low,insufficient_evidence,Bulb identity is not explicit in title/categories.,w3-v1.4.0-draft,1a8ee2f1cfd35aadf8fa212f70d565a93027257f8128e111c6688929aed4d48b
recovery_candidate,B00NJYUIBK,smart_bulb,Electronics,Tools & Home Improvement,"GE Lighting 89954 Energy-Smart LED 5-watt (40-watt replacement), 350-Lumen G25 Bulb with Medium Base, Soft White, 1-Pack",Electronics Computers & Accessories Computer Components Internal Components,categories: Electronics Computers & Accessories Computer Components Internal Components | features: 2700K soft white light appearance G25 globe with E26 Medium base for use in vanity strips 40 watt replacement uses only 5 watts | details: Brand GE Bulb Base E26 Bulb Shape Size G25 Light Type LED Wattage 5,smart_bulb:approved_identity_phrase_absent|smart_bulb:wrong_product:energy smart,approved_identity_phrase_absent|wrong_product,title|features|details,bulb|e26,,exclude,high,accessory,Primary title/category identifies a prohibited product or accessory.,w3-v1.4.0-draft,1aa6f7b5b1b5fa49c173d3ee1b2577097720f04ee903ea78d52fcf31242f7af2
recovery_candidate,B092D37XBS,smart_bulb,Electronics,Tools & Home Improvement,CTBAIER BL-FU260B/1026952/NP34LP/SP.72701GC01 Projector Lamp Bulb for OPTOMA X320UST X320USTI and Smart Board U100 U100w and NEC NP-U321H NP-U321H-WK NP-U321Hi-TM NP-U321Hi-WK with Housing,Electronics Television & Video Accessories Projector Accessories Bulbs,"categories: Electronics Television & Video Accessories Projector Accessories Bulbs | details: Batteries Included? No Batteries Required? No Best Sellers Rank Projector Bulbs 7060 Brand CTBAIER Connectivity Technology Infrared Control Method Touch Controller Type Push Button Date First Available April 20, 2021 Item Weight 10.8 ounces Light Color Red Light Source Type Projector lamps Light Source Wattage 100 Watts Number of Items 1 Package Dimensions 5.24 x 4.49 x 4.41 inches; 10.86 Ounces Specific Uses For Pro…",smart_bulb:approved_identity_phrase_absent|smart_bulb:wrong_product:projector|smart_bulb:wrong_product:projector lamp|smart_bulb:wrong_product:smart board,approved_identity_phrase_absent|wrong_product,title|categories|details,bulb|bulbs,smart_near_bulb,exclude,high,wrong_device_type,Primary title/category identifies a prohibited product or accessory.,w3-v1.4.0-draft,1ae2797dcfd9ec3bff63c280d3bef4dbb9f0fc5d8e9122a004f47ddbfa035ccc
recovery_candidate,B086TZF2ZH,smart_bulb,Electronics,All Electronics,Acer AOPEN HD Wi-Fi Portable Home Theater LED Projector,Electronics Video Projectors,"categories: Electronics Video Projectors | description: …less projection options and wireless dongle design Enhanced LED color gamut allows you to enjoy a 1.2–1.4x wider NTSC color gamut and greater bulb durability than traditional lamps with LED lighting Mobile USB display and multimedia playback allows you to share content quickly and conveniently via the USB cable Two integrated 2W stereo speakers Instant on/off functionality Up to 20,000 hours; lifetime Inputs: HDMI, S… | details: …Portable Item Weight 4.03 pounds Package Dimensions 12.76 x 9.65 x 5.04 inches Speaker Type Stereo Special Feature Wireless, Portable, Built In Wi Fi Special Features Wireless, Portable, Built In Wi Fi",smart_bulb:approved_identity_phrase_absent|smart_bulb:identity_not_in_title_or_categories|smart_bulb:wrong_product:projector,approved_identity_phrase_absent|identity_not_in_title_or_categories|wrong_product,title|description|details,bulb,wi fi|wifi,exclude,high,wrong_device_type,Primary title/category identifies a prohibited product or accessory.,w3-v1.4.0-draft,1ae55f4e180e797886e2945ab816f83fed2cecc4716ae1f35e306c43a5348974
recovery_candidate,B09P8W684L,smart_bulb,Electronics,Camera & Photo,Light Bulb Security Camera 360 Pan Tilt Indoor Outdoor Camera 2022 New Upgrade Model WiFi Full-HD Smart Home Surveillance Cam with Motion Detection Alarm Night Vision Alarm Remote Viewing Two Way Talk,Electronics Camera & Photo Video Surveillance Surveillance Cameras Dome Cameras,"categories: Electronics Camera & Photo Video Surveillance Surveillance Cameras Dome Cameras | features: 💡【Fast Installation & Setup】- This camera can be installed using a normal E27 bulb base(110V~240V), and set up via QR code within 1 minute. Simple to control, and a breeze to maintain. Compatible with 2.4GHz WiFI network. 5GHz NOT SUPPORTED. Download the ""Tuya Smart"" app from the App Store or Google Play. 💡【1080P & Night Vision】- 1080P Full HD security camera provides crystal clear videos and recordings. Quality infr… | details: …tivity Technology Wireless Country of Origin China Date First Available April 20, 2022 Item Weight 10.2 ounces Manufacturer HeyLR Model Name Light Bulb Security C",smart_bulb:approved_identity_phrase_absent|smart_bulb:wrong_product:camera|smart_bulb:wrong_product:cameras|smart_bulb:wrong_product:security camera,approved_identity_phrase_absent|wrong_product,title|features|details,bulb|e27|light bulb,smart home|tuya|wi fi|wifi,exclude,high,wrong_device_type,Primary title/category identifies a prohibited product or accessory.,w3-v1.4.0-draft,1b11ca7735608083572a5c7bb4cc425a59a46e802e9a94d70bd32f1fdaf2c5b5
recovery_candidate,B0BT833T8H,smart_bulb,Electronics,Camera & Photo,"TASHI 1080P Light Bulb Camera, Wireless 5GHz & 2.4GHz WiFi Home Security Camera 360° Surveillance Cam with Motion Detection Alarm Night Vision Light Socket Camera",Electronics Camera & Photo Video Surveillance Surveillance Cameras Bullet Cameras,"categories: Electronics Camera & Photo Video Surveillance Surveillance Cameras Bullet Cameras | features: Wireless communication technology: Wi-Fi Mounting type: Ceiling Mount | details: Best Sellers Rank Bullet Surveillance Cameras 987 Brand Tashi Compatible Devices Smartphone Connectivity Technology Wireless Date First Available February 1, 2023 Manufacturer Tashi Recommended Uses For Product Surveillance Special Feature Night Vision, Motion Sensor",smart_bulb:approved_identity_phrase_absent|smart_bulb:wrong_product:bulb camera|smart_bulb:wrong_product:camera|smart_bulb:wrong_product:cameras|smart_bulb:wrong_product:light bulb camera|smart_bulb:wrong_product:security camera|smart_plug:approved_identity_phrase_absent|smart_plug:wrong_product:camera|smart_plug:wrong_product:cameras|smart_plug:wrong_product:security camera,approved_identity_phrase_absent|multi-type conflict|wrong_product,title|features,bulb|light bulb,wi fi|wifi,exclude,high,wrong_device_type,Primary title/category identifies a prohibited product or accessory.,w3-v1.4.0-draft,1b3d3d64ba24211f8b15c7a4412f704991eb2ac4e513412f0b294f9cae46cae0
recovery_candidate,B0B4P2W6W4,smart_bulb,Electronics,Camera & Photo,"Light Bulb Camera WiFi Outdoor, Pan Tilt Full HD 1080P Wireless Security IP Camera for Home Security, Indoor Outdoor Security Camera System, Motion Detection, Two-Way Audio (1 PCS)",Electronics Camera & Photo Video Surveillance Surveillance Cameras Dome Cameras,"categories: Electronics Camera & Photo Video Surveillance Surveillance Cameras Dome Cameras | features: 【1080P HD Color Night Vision】Light bulb camera adopts 4pcs IR LEDs and 4pcs white-light LEDs, captures 2MP(1920*1080P) HD images within 33 feet. Intelligent Night Vision provides ordinary night vision and color night vision, you can easily choose according to your own needs. 【Wireless & Easy To Install】Light bulb camera can be installed using a normal E27 bulb base(110V~240V), it is as easy to install as a bulb, Whic… | description: Power Supply : E27 High Definition : 1080P(Full) Audio : Two Way Audio Alert Notification : Yes Humanoid Movement Detection : Yes Siren & Light alarm : Yes SD ",smart_bulb:approved_identity_phrase_absent|smart_bulb:wrong_product:bulb camera|smart_bulb:wrong_product:camera|smart_bulb:wrong_product:cameras|smart_bulb:wrong_product:light bulb camera|smart_bulb:wrong_product:security camera,approved_identity_phrase_absent|wrong_product,title|features|description|details,bulb|e27|light bulb,wi fi|wifi,exclude,high,wrong_device_type,Primary title/category identifies a prohibited product or accessory.,w3-v1.4.0-draft,1baf95d1157521815df43c371dadbd714a5de76a6d07e337e7c5571f26cfccb8
recovery_candidate,B01D5XJUU4,smart_bulb,Electronics,All Electronics,"MiraTekk 2.4Inch Portable Mini Projector 16:9 4:3 50,000 Hours, 1000:1 Contrast with Max 1920x1080 Native 480x320 Resolution 60Lumen Multimedia LED Projector - Black",Electronics Video Projectors,"categories: Electronics Video Projectors | features: 1.Native resolution of 480 x 320, 60Lumen, Supports up to 1080p, contrast 1000:1, long lifespan up to 50000 hrs. Portable mini projector, EASY to carry. 2.VGA/HDMI/AV/SD/USB multimedia interface. You can use it on every digital device you own i.e. DVD player, laptop computer, TV set-top box, gaming console, etc. 3.Speakers built-in projector, no need connect with any extra speakers. 4.Manual focus adjusting,the Proj… | description: …ebook, tablet, DVD, WII, XBOX, MP5, digital camera to this projector.Long lamp lifeThe LED lamp works 20.000 hours. No need to think about a replacement bulb.Specifications:1. Input interface: USB, SD, VGA, HDM",smart_bulb:approved_identity_phrase_absent|smart_bulb:identity_not_in_title_or_categories|smart_bulb:wrong_product:projector|smart_plug:approved_identity_phrase_absent|smart_plug:identity_not_in_title_or_categories,approved_identity_phrase_absent|identity_not_in_title_or_categories|multi-type conflict|wrong_product,description,bulb,,exclude,high,wrong_device_type,Primary title/category identifies a prohibited product or accessory.,w3-v1.4.0-draft,1bd93885508d61206b5d4c846d3380d05e664585f14d2b473c1c8001e480e922
recovery_candidate,B09YD8YLHY,smart_bulb,Electronics,Camera & Photo,"crovis Light Bulb Wireless WiFi Security Camera,360 Degree Pan/Tilt Panoramic IP Camera,1080P Smart Home Surveillance Camera,Motion Detection Alarm,Night Vision,Two Way Audio",Electronics Camera & Photo Video Surveillance Surveillance Cameras Dome Cameras,"categories: Electronics Camera & Photo Video Surveillance Surveillance Cameras Dome Cameras | features: Easy to install and Wireless: Crovis camera can directly replace the bulb without extra wiring. E27 lamp holder can be used directly. Remember to turn off the power before replacement, which is convenient and fast.Angle 360 degree horizontal rotation, 90 degree vertical turnover Motion Detection and Real-time Alerts: The Light Bulb Camera Outdoor camera bulb camera system adopts a highly sensitive motion sensort,Conn… | description: Wifi Light Bulb Security Camera | details: Best Sellers Rank Dome Surveillance Cameras 2163 Brand crovis Connectivity Technology Wireless Date First Available ",smart_bulb:approved_identity_phrase_absent|smart_bulb:wrong_product:camera|smart_bulb:wrong_product:cameras|smart_bulb:wrong_product:security camera,approved_identity_phrase_absent|wrong_product,title|features|description,bulb|e27|light bulb,smart home|wi fi|wifi,exclude,high,wrong_device_type,Primary title/category identifies a prohibited product or accessory.,w3-v1.4.0-draft,1bddd141294d81dc35bb04db3659504d584488d5a0aa83f7fc69bb2a0a39de9a
recovery_candidate,B084VNLXTT,smart_bulb,Electronics,Camera & Photo,"WiFi Bulb Security Camera - Bonus 16GB Micro SD Card - Wireless Camera Night Vision Fisheye LED Light 360° Panoramic Remote View, Motion Detection for Home Baby Pet Monitor Support 2.4GHz",,"details: Brand MECO Compatible Devices Smartphone Connectivity Technology Wireless Date First Available February 18, 2020 Item Weight 6.4 ounces Manufacturer MECO CO.,LTD Product Dimensions 5.91 x 3.94 x 3.94 inches Recommended Uses For Product Baby Monitoring Special Feature Night Vision, Motion Sensor",smart_bulb:wrong_product:camera|smart_bulb:wrong_product:security camera,wrong_product,title,bulb,wi fi|wifi,exclude,high,wrong_device_type,Primary title/category identifies a prohibited product or accessory.,w3-v1.4.0-draft,1bec49bbbdd6c75a071e4e09519c88ff742da4ea2fbd2c8ce9c85d51cc8d6c55
recovery_candidate,B07Z4GMVK8,smart_bulb,Electronics,Amazon Devices,Philips Hue White Ambiance LED Smart Button Starter Kit bundle with Echo Dot (3rd Gen) Charcoal,,"features: This bundle contains the Philips Hue 553917 Starter Kit Smart light bulb, White Ambiance with Echo Dot (3rd Gen) Charcoal Certified for Humans – These Philips Hue Bulbs are Certified for Humans devices – Struggle-free, tinker-free, stress-free. No patience needed it's actually simple. Meet Echo Dot - Our most popular smart speaker with a fabric design. It is our most compact smart speaker that fits perfectly into sma…",smart_bulb:approved_identity_phrase_absent|smart_bulb:identity_not_in_title_or_categories|smart_bulb:wrong_product:bundle with|smart_bulb:wrong_product:echo|smart_bulb:wrong_product:echo dot,approved_identity_phrase_absent|identity_not_in_title_or_categories|wrong_product,features,a19|bulb|bulbs|light bulb,alexa|google assistant|homekit|philips hue|voice control|wi fi|wifi,exclude,high,wrong_device_type,Primary title/category identifies a prohibited product or accessory.,w3-v1.4.0-draft,1bee3a93ac7ac7b7086dcd3f96456f2ffe59f3172c7b26871b8a370b9c9f4276
recovery_candidate,B00HV6RJBO,smart_bulb,Electronics,Camera & Photo,Flashpoint SL-360K1 StreakLight 360 Watt-Seconds Flash with Blast Power Pack (Black),Electronics Camera & Photo Flashes Shoe Mount Flashes,"categories: Electronics Camera & Photo Flashes Shoe Mount Flashes | features: Powerful 360ws Guide Number 262 (ft. ISO 100) with standard reflector Super Soft and Even Light from Replaceable Bare Bulb Stable Color Temperature Fast Recycle Times from with Flashpoint BLAST POWER PACK or Quantum Turbo Precise output from 1/128 to Full in 1/3 stop increments | description: …anel. When energized by the new Flashpoint Blast Pack, it is capable of super rapid recycle in full power without overtaxing the components. The 360ws bare bulb tube delivers beautifully even and soft light from its standard stippled parabolic reflector, with or without the two included diffusion disks. The Lumedyne style sta",smart_bulb:approved_identity_phrase_absent|smart_bulb:identity_not_in_title_or_categories|smart_bulb:wrong_product:camera,approved_identity_phrase_absent|identity_not_in_title_or_categories|wrong_product,features|description,bulb,,exclude,low,insufficient_evidence,Bulb identity is not explicit in title/categories.,w3-v1.4.0-draft,1bf56edffcba499215c730bd6d83c7eae89da801367add3ae03023f02035fa7d
recovery_candidate,B0B2839B2B,smart_bulb,Electronics,Camera & Photo,"Light Bulb Camera 1080p Wireless Security Cameras for Home Outdoor/Indoor,360 Degree PTZ Smart Dome Surveillance Cam with 12 IR Night Vision,16 Floodlight,Two Way Talking Motion Detection & Alarm",Electronics Camera & Photo Video Surveillance Surveillance Cameras Dome Cameras,"categories: Electronics Camera & Photo Video Surveillance Surveillance Cameras Dome Cameras | features: 🏡No Wiring🏡Pan Tilt Camera:This WiFi bulb camera is suitable for E27 bulb socket. Screw in the socket and connect to the APP, without drilling and wiring. You can remotely adjust the wireless light bulb camera viewing angle, 355° pan and 90° tilt, see every corner (support 2.4G WiFi). 🏡1080P Night Vision:Watch your house day and night in 1080p Full HD, see up to 65.6"" in the dark. The security Light camera supports b… | details: Best Sellers Rank Dome Surveillance Cameras 3400 Brand AnyBook Connectivity Technology Wireless Date First Available May 30, 2022 Indoor/Outdoor Usage Outdoor, Ind",smart_bulb:approved_identity_phrase_absent|smart_bulb:wrong_product:bulb camera|smart_bulb:wrong_product:camera|smart_bulb:wrong_product:cameras|smart_bulb:wrong_product:light bulb camera|smart_plug:approved_identity_phrase_absent|smart_plug:identity_not_in_title_or_categories|smart_plug:wrong_product:camera|smart_plug:wrong_product:cameras,approved_identity_phrase_absent|multi-type conflict|wrong_product,title|features,bulb|e27|light bulb,wi fi|wifi,exclude,high,wrong_device_type,Primary title/category identifies a prohibited product or accessory.,w3-v1.4.0-draft,1c3cb71102710d2359b8c033b2df8596b712718f4d72ef16ad60ac7baf8c815e
recovery_candidate,B01M1BKYJ0,smart_bulb,Electronics,Computers,"Pluto Trigger A Versatile Camera Trigger - Remote, Timelapse, Startrail, HDR, Video, Lightning, Sound/Light/Motion Triggering, Waterdrop Collision, Smartphone Triggering and More…",Electronics Camera & Photo Accessories Remote Controls,"categories: Electronics Camera & Photo Accessories Remote Controls | features: 24 Modes; Controlled by Smartphone over Bluetooth; Compatible with iPhone 4s or later, iPad 3 or later, iPad Mini, Android 4.3 with Bluetooth 4.0 LE or later Remote Shutter Release and Intervalometer: Timelapse, HDR, Startrail, Video, Timer High-speed Photography and Camera Trap: Sound, Light, Lightning, Infrared, Droplet, Aux, Fusion Smart Trigger: Sound, Vibrate, Motion, Distance, Voice and Smile | description: Features Intervalometer - Shutter Release: Single, Focus, Hold, Lock, Bulb, Burst, Timed - Timelapse: Start-Delay, Presets, Bulb-Ramping - HDR: Up to 19 HDR images (Fastest shutter speed is limited to 1/2",smart_bulb:approved_identity_phrase_absent|smart_bulb:identity_not_in_title_or_categories|smart_bulb:wrong_product:camera,approved_identity_phrase_absent|identity_not_in_title_or_categories|wrong_product,description,bulb,bluetooth,exclude,high,wrong_device_type,Primary title/category identifies a prohibited product or accessory.,w3-v1.4.0-draft,1c59f35b0c8bcc9f644e1ea9434e44357acc372f1795ab2dd4a379b132b49c12
recovery_candidate,B00YB5R56M,smart_bulb,Electronics,Home Audio & Theater,ION Audio Sound Shine | Dimmable Light Bulb & Wireless Speaker with Bluetooth & App Control (Pair),Electronics Portable Audio & Video MP3 & MP4 Player Accessories,"categories: Electronics Portable Audio & Video MP3 & MP4 Player Accessories | features: Streams Music Wirelessly From Bluetooth-enabled Smartphone, Tablet, Music Player Or Computer Speakers Link Wirelessly For Stereo Sound With No Wires Required Full-range High-excursion Speakers Deliver Rich, Room-filling Sound Led Lights Provide Pleasing White Illumination Equivalent To A 60w Light Bulb Compatible With Android, IPhone, IPad, Kindle Fire Hd & More | description: Sound Shine speakers are the simple way to bring music and light to any room in your house, and installation is as simple as screwing in a light bulb. Featuring integrated Bluetooth technology, Sound Shine speakers let you stream mu",smart_bulb:approved_identity_phrase_absent|smart_plug:approved_identity_phrase_absent|smart_plug:identity_not_in_title_or_categories,approved_identity_phrase_absent|multi-type conflict,title|features|description,bulb|light bulb,app control|bluetooth,include,high,correct_target,Primary bulb identity and specific connected-control evidence are both present.,w3-v1.4.0-draft,298d96d22601c6cb50fee43d08697ad5870ca2cbf24b94a37dfb9cacdc62d608
recovery_candidate,B00KLPFJR8,smart_bulb,Electronics,Cell Phones & Accessories,"PLAYBULB BTL100 Bluetooth Dimmable LED Light Bulb with Wireless Speaker, White",Electronics Portable Audio & Video MP3 & MP4 Player Accessories,"categories: Electronics Portable Audio & Video MP3 & MP4 Player Accessories | features: LED Bluetooth speaker light 4.0 and Bluetooth Smart Remotely controlled via the MiPow App Fits into most light fixtures. It has an E27 screw base and operates just like a normal light. Compatible with most Bluetooth enabled devices. | description: MIPOW PLAYBULB is a fresh new Bluetooth Smart LED speaker light, allowing you to combine your light with music and control, both from your mobile device. Compatible with most Bluetooth wireless enabled devices. For music playback, most devices with Bluetooth wireless capability and A2DP. The advanced acoustic technology delivers a clear and big sound. Controllin",smart_bulb:approved_identity_phrase_absent|smart_bulb:smart_evidence_not_in_title_or_categories,approved_identity_phrase_absent|smart_evidence_not_in_title_or_categories,title|features|details,bulb|e27|light bulb,app control|bluetooth|playbulb,include,medium,correct_target,Primary bulb identity and specific connected-control evidence are both present.,w3-v1.4.0-draft,4b298c9ccfe4e46ea4c6b7b1a21cd9f77577c5b421e96781498d6bc4682daea8
recovery_candidate,B00W6YEMMU,smart_bulb,Electronics,Cell Phones & Accessories,"PLAYBULB BTL100 Bluetooth Dimmable LED Light Bulb with Wireless Speaker, White",Electronics Portable Audio & Video MP3 & MP4 Player Accessories,"categories: Electronics Portable Audio & Video MP3 & MP4 Player Accessories | features: LED Bluetooth speaker light 4.0 and Bluetooth Smart Remotely controlled via the MiPow App Fits into most light fixtures. It has an E27 screw base and operates just like a normal light. Compatible with most Bluetooth enabled devices. | description: MIPOW PLAYBULB is a fresh new Bluetooth Smart LED speaker light, allowing you to combine your light with music and control, both from your mobile device. Compatible with most Bluetooth wireless enabled devices. For music playback, most devices with Bluetooth wireless capability and A2DP. The advanced acoustic technology delivers a clear and big sound. Controllin",smart_bulb:approved_identity_phrase_absent|smart_bulb:smart_evidence_not_in_title_or_categories,approved_identity_phrase_absent|smart_evidence_not_in_title_or_categories,title|features|details,bulb|e27|light bulb,app control|bluetooth|playbulb,include,medium,correct_target,Primary bulb identity and specific connected-control evidence are both present.,w3-v1.4.0-draft,56eb66b3f012d610b97fc2b952a791fadc15d0a739ac3ec7ff501e796285283d
recovery_candidate,B00YRRVTPM,smart_bulb,Electronics,Home Audio & Theater,ION Audio Sound Shine | Dimmable Light Bulb & Wireless Speaker with Bluetooth & App Control (Single),,"features: Streams Music Wirelessly From Bluetooth-enabled Smartphone, Tablet, Music Player Or Computer Speakers Link Wirelessly For Stereo Sound no Wires Required Full-range High-excursion Speakers Deliver Rich, Room-filling Sound Led Lights Provide Pleasing White Illumination Equivalent To A 60w Light Bulb Compatible With Android, IPhone, IPad, Kindle Fire Hd & More | description: Sound Shine speakers are the simple way to bring music and light to any room in your house, and installation is as simple as screwing in a light bulb. Featuring integrated Bluetooth technology, Sound Shine speakers let you stream music wirelessly from any Bluetooth-enabled device. The built-in speakers can be used",smart_bulb:approved_identity_phrase_absent|smart_plug:approved_identity_phrase_absent|smart_plug:identity_not_in_title_or_categories,approved_identity_phrase_absent|multi-type conflict,title|features|description,bulb|light bulb,app control|bluetooth,include,high,correct_target,Primary bulb identity and specific connected-control evidence are both present.,w3-v1.4.0-draft,5b9cffcd8a2b7b94c0ca3baaf143b4c783767fefcd051d5ba9049c31105c3685
recovery_candidate,B01MS9L9K2,smart_bulb,Electronics,Camera & Photo,"TP-Link LB130(E27) v1. 0, Smart Wi-Fi LED Bulb with Color Changing Hue",,"description: smart wi-fi led bulb with color changing hue. | details: Brand TP-Link Bulb Base E27 Connectivity Protocol wi-fi Connectivity Technology Wi-Fi Controller Type Vera Date First Available October 3, 2017 Frequency 60 Hz Incandescent Equivalent Wattage 60 Watts Is Discontinued By Manufacturer No Item Weight 6.3 ounces Item model number LB130 Light Type LED Manufacturer TP-Link Number of Items 1 Product Dimensions 2.56 x 2.56 x 5.28 inches Special Feature Color Changing Unit Co…",smart_bulb:approved_identity_phrase_absent,approved_identity_phrase_absent,title|description|details,bulb|e27|led bulb,smart_near_bulb|wi fi|wifi,include,high,correct_target,Primary bulb identity and specific connected-control evidence are both present.,w3-v1.4.0-draft,5c8eea9928319e2e8a41e5e161fad5d048e87f2500d1f3ba6a68c7ce0a55cc38
recovery_candidate,B00KLPFEXW,smart_bulb,Electronics,Home Audio & Theater,MiPow BTL100-SR-WW PLAYBULB Bluetooth Wireless Smart LED Speaker Light Bulb,Electronics Portable Audio & Video MP3 & MP4 Player Accessories,"categories: Electronics Portable Audio & Video MP3 & MP4 Player Accessories | features: Fits E26 light bulb socket Built-in Bluetooth speaker Advanced mobile apps control | description: PlayBulb is a fresh new BluetoothÂ® Smart LED speaker light allowing you to combine your light with music and control via app from your mobile device. BluetoothÂ® Smart enabled wireless light and speaker is ideal for student dorms, apartments or around the house. Own it, live your life with fewer limits. | details: Best Sellers Rank MP3 & MP4 Player Accessories 52790 Brand PLAYBULB Bulb Base E26 Color Rendering Index 100 Connectivity Protocol Bluetooth Controller Type Vera Date First Available April 3, 2014 I",smart_bulb:approved_identity_phrase_absent|smart_plug:approved_identity_phrase_absent|smart_plug:identity_not_in_title_or_categories,approved_identity_phrase_absent|multi-type conflict,title|features|details,bulb|e26|light bulb,bluetooth|playbulb|smart_near_bulb,include,high,correct_target,Primary bulb identity and specific connected-control evidence are both present.,w3-v1.4.0-draft,5fbdff00462f36dda7e06df533f914d465a7aca6b2c53019d9f0d48cc5d8b3ec
recovery_candidate,B01M0PAZA7,smart_bulb,Electronics,All Electronics,SHARPER IMAGE SBT5007WH Switcher Bluetooth Wireless Smart Speaker Bulb,Electronics Portable Audio & Video MP3 & MP4 Player Accessories,"categories: Electronics Portable Audio & Video MP3 & MP4 Player Accessories | features: The LED bulb may appear to be a regular lightbulb, but Switcher by Sharper Image is anything but ordinary. Switcher is a responsive light, a speaker, a timer, and an app-controlled bulb, contained in one easy-to-use package. Use the app to access your playlist and set Switcher to change the light color and tempo. Download the accompanying Switcher app to control the light intensities and color schemes from your smart… | description: The LED bulb may appear to be a regular lightbulb, but Switcher by Sharper Image is anything but ordinary. Switcher is a responsive light, a speaker, a timer, and an app-contr",smart_bulb:approved_identity_phrase_absent|smart_bulb:wrong_product:smart speaker,approved_identity_phrase_absent|wrong_product,title|features|description|details,bulb|led bulb,app control|app controlled|bluetooth|smart_near_bulb,include,high,correct_target,Primary bulb identity and specific connected-control evidence are both present.,w3-v1.4.0-draft,5fcae1c8308b515c90ac394bb36570d983028f077ac37f21df624a9dd2267907
recovery_candidate,B00V9091EG,smart_bulb,Electronics,Home Audio & Theater,"Top Race Fun Disco Smart LED BLUETOOTH LIGHT BULB 6W (60 Watt Replacement) - Works with ALL Smartphones; Apple iPhone, iPad, Android Phones And Tablets",,"details: Brand Kraiovim Date First Available March 19, 2017 Incandescent Equivalent Wattage 60 Watts Item Weight 0.353 ounces Package Dimensions 5.9 x 2.6 x 2.4 inches Wattage 6 watts",smart_bulb:approved_identity_phrase_absent,approved_identity_phrase_absent,title,bulb|light bulb,bluetooth|smart_near_bulb,include,high,correct_target,Primary bulb identity and specific connected-control evidence are both present.,w3-v1.4.0-draft,880bad4bd1a3b861be130d04072c4b79aa25d6fe418ca935212832f8cbaccb04
recovery_candidate,B0BN7YPZKP,smart_bulb,Electronics,Tools & Home Improvement,"WiZ Connected 6-Pack Color 60W Candle B11 Smart WiFi Light Bulb, 16 Million Colors, Compatible with Alexa and Google Home Assistant, No Hub Required, 6 Bulbs",Amazon Devices & Accessories Amazon Devices Device Bundles Echo Smart Speaker & Display Bundles,"categories: Amazon Devices & Accessories Amazon Devices Device Bundles Echo Smart Speaker & Display Bundles | features: Easy Setup: WiZ full color smart bulbs work with your existing Wi-Fi router; No additional gateway is needed. Simply plug in your new light, download the WiZ app and you're ready to go! Smart Control: Use the app to invite other people to control your smart WiFi lights such as guests and family members without being able to change light settings - Simply go to Settings>Members and Invite. You can also control from an… | description: The WiZ LED full color candle-shape bulb brings smart lighting for your daily living. Perfect for any decorative fixtures with E26 medium base.",smart_bulb:wrong_product:echo|smart_bulb:wrong_product:smart speaker|smart_plug:approved_identity_phrase_absent|smart_plug:identity_not_in_title_or_categories|smart_plug:wrong_product:echo|smart_plug:wrong_product:smart speaker,multi-type conflict|wrong_product,title|features|description|details,b11|bulb|bulbs|e12|e26|light bulb,alexa|google assistant|google home|smart_near_bulb|voice control|wi fi|wifi|wiz connected,include,high,correct_target,Primary bulb identity and specific connected-control evidence are both present.,w3-v1.4.0-draft,94e788e791624c220f8dc8147fcaac97067b622c3b3da869b5be4a8dee891618
recovery_candidate,B00UMA45KY,smart_bulb,Electronics,Tools & Home Improvement,PLAYBULB Color Bluetooth Smart LED Light Bulb with built in Speaker for iPhone and Android,Electronics Portable Audio & Video Portable Speakers & Docks Portable Bluetooth Speakers,"categories: Electronics Portable Audio & Video Portable Speakers & Docks Portable Bluetooth Speakers | features: Instant connection to your Smartphone via Bluetooth Built in Bluetooth speaker - stream music from your smartphone or tablet Chose from Millions of colors and shades of white light or use special effects and program on / off times Free PLAYBULB X App for IOS & Android - control single, multiple bulbs or create groups Fits any E26 / E27 (standard) light socket | description: PLAYBULB Color is so much more than an energy-efficient light bulb. Now you can let color and music fill up your living space. Playbulb lights up a room in any combo of colors and includes a fully functional wi",smart_bulb:approved_identity_phrase_absent|smart_plug:approved_identity_phrase_absent|smart_plug:identity_not_in_title_or_categories,approved_identity_phrase_absent|multi-type conflict,title|features|description|details,a21|bulb|bulbs|e26|e27|light bulb,bluetooth|playbulb|smart_near_bulb,include,high,correct_target,Primary bulb identity and specific connected-control evidence are both present.,w3-v1.4.0-draft,ae351d319827c9a61f19ef86ecdd39e44d22a06965296cb83739bde8f5582c20
recovery_candidate,B00PJH16UC,smart_bulb,Electronics,Camera & Photo,"GoControl Z-Wave Dimmable LED Light Bulb, LB60Z-1",Electronics Amazon Cloud Drive T&C Offer,"categories: Electronics Amazon Cloud Drive T&C Offer | features: 60 Watt Equivalent LED Dimming Light Bulb with Z-Wave Compatible with any certified Z-Wave based system such as Nexia Home Intelligence Instant on and fully dimmable 22.8 year life at 3 hrs per day average use 60W equivalent, 9 Watt usage. 2700k pleasant soft white | description: The LB60Z-1 is a Z-Wave controllable and fully-dimmable, instant-on LED screw-in light bulb that provides pleasant soft-white illumination equivalent to a 60-watt incandescent bulb, yet uses only 9 watts of energy. The LB60Z offer great value and convenience with an estimated 22+ year life (3 hrs/day avg), and remote control through a compatible Z-Wave",smart_bulb:approved_identity_phrase_absent,approved_identity_phrase_absent,title|features|description,bulb|light bulb,gocontrol|z wave,include,high,correct_target,Primary bulb identity and specific connected-control evidence are both present.,w3-v1.4.0-draft,b91a25a660560a7d1eca45dec3696e5408b5d4b87908dea2b037a31ef1381d39
recovery_candidate,B01AKOY5FG,smart_bulb,Electronics,Camera & Photo,"GoControl Z-Wave Dimmable LED Light Bulb, LB60Z-1",Electronics Amazon Cloud Drive T&C Offer,"categories: Electronics Amazon Cloud Drive T&C Offer | features: 60 Watt Equivalent LED Dimming Light Bulb with Z-Wave Compatible with any certified Z-Wave based system such as Nexia Home Intelligence Instant on and fully dimmable 22.8 year life at 3 hrs per day average use 60W equivalent, 9 Watt usage. 2700k pleasant soft white | description: The LB60Z-1 is a Z-Wave controllable and fully-dimmable, instant-on LED screw-in light bulb that provides pleasant soft-white illumination equivalent to a 60-watt incandescent bulb, yet uses only 9 watts of energy. The LB60Z offer great value and convenience with an estimated 22+ year life (3 hrs/day avg), and remote control through a compatible Z-Wave",smart_bulb:approved_identity_phrase_absent,approved_identity_phrase_absent,title|features|description,bulb|light bulb,gocontrol|z wave,include,high,correct_target,Primary bulb identity and specific connected-control evidence are both present.,w3-v1.4.0-draft,c3b5df3de96e8e6b871f6d675a80ce6b46c4c3dda819d7c9d1c80e88fc498856
recovery_candidate,B00S036GN4,smart_bulb,Electronics,Cell Phones & Accessories,"Sengled Boost, Dimmable LED Bulb with Integrated Wi-Fi Repeater",Electronics Computers & Accessories Networking Products Repeaters,"categories: Electronics Computers & Accessories Networking Products Repeaters | features: Install like any other light bulb. Easy to setup and enjoy the extended Wi Fi signal coverage evenly Supports two Wi Fi network mode: Client / Access Point (AP) Two build in antennas for high throughput data exchange rate of maximum 300Mbps Compatible with most smart phones, tablets and computers that support Wi Fi IEEE 802.11b/g/n standard at 2.4GHz. Download the free Boost Android or iOS App to explore even greater… | description: Boost gives you Wi-Fi where you want it, combined with high-efficiency, dimmable LED light. End Internet dead zones for good, as each bulb you connect increases the range of",smart_bulb:approved_identity_phrase_absent,approved_identity_phrase_absent,title|features|description,a19|br30|bulb|led bulb|light bulb|par38,sengled|wi fi|wifi,include,high,correct_target,Primary bulb identity and specific connected-control evidence are both present.,w3-v1.4.0-draft,d8a65bfa9b1760e592110d5e68b0b7af3b13f466b40b06222def87e08efd5611
recovery_candidate,B00JCE14AU,smart_bulb,Electronics,All Electronics,"Sengled Pulse Dimmable LED Light Bulb with a Built-In Wireless Bluetooth JBL Speaker, Master + Satellite (Pair), Pewter",Electronics Home Audio Wireless & Streaming Audio Wireless Multiroom Systems,"categories: Electronics Home Audio Wireless & Streaming Audio Wireless Multiroom Systems | features: STREAM EFFORTLESSLY: Bluetooth speaker connects with Amazon Echo & Echo Dot for voice control; ask Alexa to play music from Amazon Music, Spotify, Pandora, iHeartRadio, TuneIn and SiriusXM EASY SET UP: install into standard E26 light sockets or fixtures, download the iOS/Android app and set up; Suitable for 5 to 6 inch recessed can lighting (socket extender required for 4 inch) HIGH FIDELITY SOUND: 13 watt (at 8 ohms… | description: …out of the box. No need to worry about wires, cords or remotes. Best of all, you can customize your Pulse system to suit your needs. A Pulse Master bulb can be p",smart_bulb:approved_identity_phrase_absent|smart_bulb:smart_evidence_not_in_title_or_categories|smart_plug:approved_identity_phrase_absent|smart_plug:identity_not_in_title_or_categories,approved_identity_phrase_absent|multi-type conflict|smart_evidence_not_in_title_or_categories,title|features|description,bulb|bulbs|e26|light bulb,alexa|app controlled|bluetooth|sengled|voice control,include,medium,correct_target,Primary bulb identity and specific connected-control evidence are both present.,w3-v1.4.0-draft,e829d776e89ad6db7aaafb33d664ff3c223edf884250b6c0a822bfebe7c770a8
recovery_candidate,B00S036GQQ,smart_bulb,Electronics,Cell Phones & Accessories,"Sengled Boost, Dimmable LED Bulb with Integrated Wi-Fi Repeater",Electronics Computers & Accessories Networking Products Repeaters,"categories: Electronics Computers & Accessories Networking Products Repeaters | features: Install like any other light bulb; Easy to setup and enjoy the extended Wi Fi signal coverage evenly Supports two Wi Fi network mode: Client / Access Point (AP) Two build in antennas for high throughput data exchange rate of maximum 300Mbps Compatible with most smart phones, tablets and computers that support Wi Fi IEEE 802.11b/g/n standard at 2.4GHz; Download the free Boost Android or iOS App to explore even greater… | description: Boost gives you Wi-Fi where you want it, combined with high-efficiency, dimmable LED light. End Internet dead zones for good, as each bulb you connect increases the range of",smart_bulb:approved_identity_phrase_absent,approved_identity_phrase_absent,title|features|description,a19|br30|bulb|led bulb|light bulb|par38,sengled|wi fi|wifi,include,high,correct_target,Primary bulb identity and specific connected-control evidence are both present.,w3-v1.4.0-draft,e8de3dad514c845a279be788c741a7e47ae719dd2aacd8e2c76ec74db3466ac8
recovery_candidate,B00S036GUC,smart_bulb,Electronics,Cell Phones & Accessories,"Sengled Boost, Dimmable LED Bulb with Integrated Wi-Fi Repeater",Electronics Computers & Accessories Networking Products Repeaters,"categories: Electronics Computers & Accessories Networking Products Repeaters | features: Install like any other light bulb. Easy to setup and enjoy the extended Wi Fi signal coverage evenly Supports two Wi Fi network mode: Client / Access Point (AP) Two build in antennas for high throughput data exchange rate of maximum 300 Mbps Compatible with most smart phones, tablets and computers that support Wi Fi IEEE 802.11b/g/n standard at 2.4 GigaHertz Download the free Boost Android or iOS App to explore even … | description: Boost gives you Wi Fi where you want it, combined with high efficiency, dimmable LED light. End Internet dead zones for good, as each bulb you connect increases the range of",smart_bulb:approved_identity_phrase_absent,approved_identity_phrase_absent,title|features|description|details,a19|br30|bulb|led bulb|light bulb|par38,sengled|wi fi|wifi,include,high,correct_target,Primary bulb identity and specific connected-control evidence are both present.,w3-v1.4.0-draft,f600a34916392016ef6a50e9aae092e572052c0d048646b93187aa48131388c4
recovery_candidate,B00IRQ6T22,smart_bulb,Electronics,Cell Phones & Accessories,MiPow PLAYBULB Bluetooth SMART LED Wireless Speaker Light Bulb for use with Apple iPhone/ iPad/ iPod and Android devices - Chrome,"Electronics Headphones, Earbuds & Accessories Headphones & Earbuds","categories: Electronics Headphones, Earbuds & Accessories Headphones & Earbuds | features: LED Bluetooth speaker light 4.0 and Bluetooth Smart Remotely controlled via the MiPow App Fits into most light fixtures. It has an E27 screw base and operates just like a normal light. Compatible with most Bluetooth enabled devices. | description: MIPOW PLAYBULB is a fresh new Bluetooth Smart LED speaker light, allowing you to combine your light with music and control, both from your mobile device. Compatible with most Bluetooth wireless enabled devices. For music playback, most devices with Bluetooth wireless capability and A2DP. The advanced acoustic technology delivers a clear and big sound. Control",smart_bulb:approved_identity_phrase_absent,approved_identity_phrase_absent,title|features|details,bulb|e27|light bulb,app control|bluetooth|playbulb|smart_near_bulb,include,high,correct_target,Primary bulb identity and specific connected-control evidence are both present.,w3-v1.4.0-draft,fbead726c047a7c85f628b94d1a829dfb4b75b7083277c7340150b1e6db2a965
strong_exclusion_control,B079Z2XLCG,smart_bulb,Electronics,Amazon Devices,Echo Dot (2nd Generation) - White with Element by Sengled 2 Bulb Kit,,"features: This bundle contains the Echo Dot (2nd Generation) and the Element Classic by Sengled Starter Kit. Connect your smart lights to Alexa for easy voice control. Just ask, ""Alexa, turn on the living room light"". Echo connects to Alexa to play music, make calls, set music alarms and timers, ask questions, control smart home devices, and more—instantly. Just ask for a song, artist, or genre from Amazon Music, Spotify, Pand…",smart_bulb:approved_identity_phrase_absent|smart_bulb:smart_evidence_not_in_title_or_categories|smart_bulb:wrong_product:echo|smart_bulb:wrong_product:echo dot,approved_identity_phrase_absent|smart_evidence_not_in_title_or_categories|wrong_product,title|features,bulb,alexa|sengled|voice control,exclude,high,wrong_device_type,Primary title/category identifies a prohibited product or accessory.,w3-v1.4.0-draft,1c7de6e71c5449cbb7e8ce0a50456b83480d13e962308c34e7e05196b051e383
strong_exclusion_control,B0B4P2TR5S,smart_bulb,Electronics,Camera & Photo,"Light Bulb Camera WiFi Outdoor, Pan Tilt Full HD 1080P Wireless Security IP Camera for Home Security, Indoor Outdoor Security Camera System, Motion Detection, Two-Way Audio (2 PCS)",Electronics Camera & Photo Video Surveillance Surveillance Cameras Dome Cameras,"categories: Electronics Camera & Photo Video Surveillance Surveillance Cameras Dome Cameras | features: 【1080P HD Color Night Vision】Light bulb camera adopts 4pcs IR LEDs and 4pcs white-light LEDs, captures 2MP(1920*1080P) HD images within 33 feet. Intelligent Night Vision provides ordinary night vision and color night vision, you can easily choose according to your own needs. 【Wireless & Easy To Install】Light bulb camera can be installed using a normal E27 bulb base(110V~240V), it is as easy to install as a bulb, Whic… | description: Power Supply : E27 High Definition : 1080P(Full) Audio : Two Way Audio Alert Notification : Yes Humanoid Movement Detection : Yes Siren & Light alarm : Yes CD ",smart_bulb:approved_identity_phrase_absent|smart_bulb:wrong_product:bulb camera|smart_bulb:wrong_product:camera|smart_bulb:wrong_product:cameras|smart_bulb:wrong_product:light bulb camera|smart_bulb:wrong_product:security camera,approved_identity_phrase_absent|wrong_product,title|features|description,bulb|e27|light bulb,wi fi|wifi,exclude,high,wrong_device_type,Primary title/category identifies a prohibited product or accessory.,w3-v1.4.0-draft,31ce43d56414d897ae3c53d4299ac151faf5093893addaf584c64aeffd69f4f8
strong_exclusion_control,B0938F67JJ,smart_bulb,Electronics,Amazon Devices,Echo Dot (4th Gen) | Smart speaker with Alexa | Twilight Blue with TP-Link Color Bulb,,"features: This bundle contains the Echo Dot (4th Gen) Twilight Blue and TP-Link WiFi Smart Color bulb (KL135) Automate your home set up with Alexa and TP-Link -use your voice to control your lights Link to Alexa Account for Simple Set Up: Download the latest Amazon Alexa app. Screw in the smart light bulb and open the Alexa app, then power on. Say,"" Alexa, Discover my devices."" Meet the all-new Echo Dot - Our most popular smar…",smart_bulb:approved_identity_phrase_absent|smart_bulb:wrong_product:echo|smart_bulb:wrong_product:echo dot|smart_bulb:wrong_product:smart speaker,approved_identity_phrase_absent|wrong_product,title|features,bulb|bulbs|light bulb,alexa|voice control|wi fi|wifi,exclude,high,wrong_device_type,Primary title/category identifies a prohibited product or accessory.,w3-v1.4.0-draft,346569e2a55a75bd46840bfd37c7d054d3105bcda7cf8ae05ae2b71da3c4aa39
strong_exclusion_control,B0BMK6DC5W,smart_bulb,Electronics,Amazon Devices,Echo Studio | Glacier White with Sengled Bluetooth Color Bulb | Alexa smart home starter kit,,"features: This bundle contains Echo Studio Glacier White and Sengled Bluetooth Color bulb. Control your lights without getting up - Use your voice to control your smart light bulb by saying, ""Alexa, turn on the lights"" for a hands free experience. Simple to set up and use - To set up your bulb, plug in and set up your Echo device and plug in your bulb. Alexa may automatically connect your device for you. If not, you can say “A…",smart_bulb:approved_identity_phrase_absent|smart_bulb:wrong_product:echo|smart_bulb:wrong_product:echo studio|smart_plug:approved_identity_phrase_absent|smart_plug:identity_not_in_title_or_categories|smart_plug:wrong_product:echo|smart_plug:wrong_product:echo studio|smart_plug:wrong_product:starter kit,approved_identity_phrase_absent|multi-type conflict|wrong_product,title|features,bulb|light bulb,alexa|bluetooth|sengled|smart home|smart_near_bulb,exclude,high,wrong_device_type,Primary title/category identifies a prohibited product or accessory.,w3-v1.4.0-draft,36e422c9ab135a618108159cd9df4a1b066c07c04a3d142e005b7e97fe36882c
strong_exclusion_control,B0BR1CZJT3,smart_bulb,Electronics,Camera & Photo,"5G Light Bulb Security Camera,2.4/5ghz Wifi Smart Wireless E27 Lightbulb Camera,3MP HD Security Camera for House Indoor/Outdoor/Two Way Talk/360° Motion Detection/Night Vision,Light Socket Bulb Camera",Electronics Camera & Photo Video Surveillance Surveillance Cameras Dome Cameras,"categories: Electronics Camera & Photo Video Surveillance Surveillance Cameras Dome Cameras | features: 【Light Bulb Security Camera | Wireless & Easy To Install】2.4/5ghz Wifi Smart Wireless Lightbulb Camera Comes with a E27 Socket, which is Convenient for You Based on the Wall Socket to Connect the Camera to 2.4G or 5G Wifi.After the Lightbulb Camera and Mobile Phone Paired, You can Install the Camera Light Bulb to the other E27 Bulbs Base without Connecting the Bulb Camera to the Mobile Phone Again. 【Security Camera L… | details: Best Sellers Rank Dome Surveillance Cameras 2695 Brand YGHSZ Connectivity Technology Wireless Date First Available December 24, 2022 Indoor/Outdoor Usage Indoor It",smart_bulb:approved_identity_phrase_absent|smart_bulb:wrong_product:bulb camera|smart_bulb:wrong_product:camera|smart_bulb:wrong_product:cameras|smart_bulb:wrong_product:security camera|smart_plug:approved_identity_phrase_absent|smart_plug:wrong_product:camera|smart_plug:wrong_product:cameras|smart_plug:wrong_product:security camera,approved_identity_phrase_absent|multi-type conflict|wrong_product,title|features,bulb|bulbs|e27|light bulb,smart_near_bulb|wi fi|wifi,exclude,high,wrong_device_type,Primary title/category identifies a prohibited product or accessory.,w3-v1.4.0-draft,3ed762905ea6c14e00aa0d122363b9af0eba1025c96f037326b77c32e5428002
strong_exclusion_control,B0BPB16XX6,smart_bulb,Home_and_Kitchen,Amazon Home,"Nitin Hollywood Lighted Vanity Mirror, Tabletop Makeup Mirror with 12 Dimmer LED Bulbs, Large Dressing Cosmetic Mirror (Black)",Home & Kitchen Bath Bathroom Accessories Bathroom Mirrors Wall-Mounted Vanity Mirrors,"categories: Home & Kitchen Bath Bathroom Accessories Bathroom Mirrors Wall-Mounted Vanity Mirrors | features: …9""(W) x26.2""(H) and overall frame, the perfect size for makeup, grooming or dressing. The Frame size is 33.5'' x 26.9'' x 5.9''. True Replaceable LED Light Bulbs: The black vanity mirro has free 13 Dimmable LED bulbs. It is ture replaceable design, therefore you could replace the led bulbs anytime if a bulb is not working. Support 2 USB Ports for Charging: There are 2 USB charging ports on the light up hollywood mirr… | description: *12 LED bulbs available in daylight. *Smart touch sensor design, simply turn on/off light and adjust the brightness on the screen. *Sturdy metal constru",smart_bulb:approved_identity_phrase_absent|smart_bulb:conditional_without_specific_smart_control_evidence|smart_bulb:identity_not_in_title_or_categories|smart_plug:approved_identity_phrase_absent|smart_plug:conditional_without_specific_smart_control_evidence|smart_plug:identity_not_in_title_or_categories|smart_switch:approved_identity_phrase_absent|smart_switch:conditional_without_specific_smart_control_evidence|smart_switch:smart_evidence_not_in_title_or_categories|smart_switch:wrong_product:mirror,approved_identity_phrase_absent|conditional_without_specific_smart_control_evidence|identity_not_in_title_or_categories|multi-type conflict,title|features|description,bulb|bulbs,,exclude,high,wrong_device_type,Primary title/category identifies a prohibited product or accessory.,w3-v1.4.0-draft,40445ce1eb98b87b7e02e4637b901bf589931bff48e9d322c4f0795ae3125bc6
strong_exclusion_control,B07QW2GJTN,smart_bulb,Electronics,All Electronics,"Mini Projector 3600 Lumens, Native 720P Full HD Ifmeyasi Portable Video Projector for Home Outdoor Movie, Support 1080P, 2HDMI, 2USB, AV, VAG for Smartphones PC Laptop Video Games",Electronics Video Projectors,"categories: Electronics Video Projectors | features: …ling system with heat dispersion that made lower noise. Adopted powerful stereo speaker bring you better movie game experiences. Meanwhile, this home projector adopts new 50000 hours LED light bulb and diffuse reflection light, which won't do harm for your eyes, especially for little kids. WIDELY APPLICATION: Purchase this mini projector, it is not only a great addition for your home entertainment, photos sharing, pl… | details: Brand Name ifmeyasi Color Name Silver Date First Available April 18, 2019 Item Weight 4.24 pounds Item model number WLT-0418VP Package Dimensions 12.6 x 8.03 x 5.04 inches Speaker Type Stereo Special Features Port",smart_bulb:approved_identity_phrase_absent|smart_bulb:identity_not_in_title_or_categories|smart_bulb:wrong_product:projector,approved_identity_phrase_absent|identity_not_in_title_or_categories|wrong_product,features,bulb|light bulb,,exclude,high,wrong_device_type,Primary title/category identifies a prohibited product or accessory.,w3-v1.4.0-draft,43870b2969953a240a3d62a08fc0514ad167e17dad62ce910b38533fe838ca3a
strong_exclusion_control,B0BKZ5GZDV,smart_bulb,Electronics,Camera & Photo,"Light Bulb Camera, with 360°Panoramic Surveillance and Motion Detection Alarm Light Bulb Camera, Support 5GHz/2.4GHz WiFi, Remote Voice Intercom/HD/Night Vision/Wireless Light Bulb Security Camera",Electronics Camera & Photo Video Surveillance Surveillance Cameras Dome Cameras,"categories: Electronics Camera & Photo Video Surveillance Surveillance Cameras Dome Cameras | features: 【Camera Light Bulb Is Easy To Install】: This camera can be installed directly using an E27 bulb base, without extra wiring. Remember To Turn Off The Power Before Replacement. The light bulb security camera supports both 2.4GHz & 5GHz Wifi connections. The scan is included with the product The QR Code On The Manual To Download The App and The Connection Is Convenient And Fast, The camera light bulb has a 360-degree ho… | details: …Cameras 3237 Brand LiHuiBin Connectivity Technology Wireless Date First Available November 16, 2022 Item Weight 9.6 ounces Item model number Light Bulb Camera Man",smart_bulb:approved_identity_phrase_absent|smart_bulb:wrong_product:bulb camera|smart_bulb:wrong_product:camera|smart_bulb:wrong_product:cameras|smart_bulb:wrong_product:light bulb camera|smart_bulb:wrong_product:security camera,approved_identity_phrase_absent|wrong_product,title|features|details,bulb|e27|light bulb,wi fi|wifi,exclude,high,wrong_device_type,Primary title/category identifies a prohibited product or accessory.,w3-v1.4.0-draft,447db2d42b8b003f90a21c36f380cf0216d930536c63428b04243f561d8dc8eb
strong_exclusion_control,B0BB97DGHG,smart_bulb,Electronics,Camera & Photo,ratolo Security Camera Indoor Wireless with 64GB Memory Card(2 Packs) 1080P WiFi Outdoor Home E27 360 Degree Panoramic Home Security Cameras IP Camera Motion Detection and Alarm Two-Way Audio,Electronics Camera & Photo Video Surveillance Surveillance Cameras Dome Cameras,"categories: Electronics Camera & Photo Video Surveillance Surveillance Cameras Dome Cameras | features: Wireless & Easy Installation: This outdoor camera wirelesscan be installed using a normal E27 bulb base(110V~240V), NO MORE EXTRA INSTALLATION STEPS. then you just need to connect the light bulb camera to the router, open the app to setup the camera within minutes. HD 1080P & Pan Tilt: This Pan Tilt WiFi security camera can provide you with a clear vision (Full HD 1080P resolution) at any time,You can use the APP to … | details: Best Sellers Rank Dome Surveillance Cameras 1272 Brand ratolo Connectivity Technology Wireless Date First Available August 20, 2022 Indoor/Outdoor Usage Outdoor It",smart_bulb:approved_identity_phrase_absent|smart_bulb:identity_not_in_title_or_categories|smart_bulb:wrong_product:camera|smart_bulb:wrong_product:cameras|smart_bulb:wrong_product:security camera,approved_identity_phrase_absent|identity_not_in_title_or_categories|wrong_product,title|features,bulb|e27|light bulb,wi fi|wifi,exclude,high,wrong_device_type,Primary title/category identifies a prohibited product or accessory.,w3-v1.4.0-draft,47433ae9c00d4ffa16615d976c3b222bde89947bac3fc59eb6fd3c2696ad89dc
strong_exclusion_control,B0C3939QJF,smart_bulb,Electronics,Camera & Photo,pafyh Light Bulb Security Camera Outdoor Indoor 360° WiFi Cameras for Home Security Full Color Night Vision Motion Detection Siren Two-Way Talk Based E27 Light Bulb Socket 2PK safecam,Electronics Camera & Photo Video Surveillance Surveillance Cameras Dome Cameras,"categories: Electronics Camera & Photo Video Surveillance Surveillance Cameras Dome Cameras | features: More Convenient & Simpler: The light bulb security camera is easy to install, just plug the security camera directly and screw it into your E27 bulb base (110V~240V), as easy as installing the bulb. Just use the APP to check the situation at home anytime, anywhere. Simplest cameras for home security. Motion Detection & Real-time Alerts: The wireless security camera adopts a highly sensitive motion sensor. Connect The… | details: Best Sellers Rank Dome Surveillance Cameras 113 Brand Pafyh Connectivity Technology Wireless Date First Available March 28, 2023 Indoor/Outdoor Usage Indoor Manufa",smart_bulb:approved_identity_phrase_absent|smart_bulb:wrong_product:camera|smart_bulb:wrong_product:cameras|smart_bulb:wrong_product:security camera|smart_plug:approved_identity_phrase_absent|smart_plug:wrong_product:camera|smart_plug:wrong_product:cameras|smart_plug:wrong_product:security camera,approved_identity_phrase_absent|multi-type conflict|wrong_product,title|features,bulb|e27|light bulb,app control|wi fi|wifi,exclude,high,wrong_device_type,Primary title/category identifies a prohibited product or accessory.,w3-v1.4.0-draft,556e8a9dd3b05f83c8bbb7b0eb1ed731c3de32a2538064ba76e6b11602c40fec
strong_exclusion_control,B0BLT2C772,smart_bulb,Electronics,Camera & Photo,"2.4G WiFi Light Socket Security Cameras Wireless Outdoor,Light Bulb Security Camera,security camera light bulb outdoor,Motion Tracking, Color Night Vision, Full Hd 1080p Wireless Security Camera",Electronics Camera & Photo Video Surveillance Surveillance Cameras Bullet Cameras,"categories: Electronics Camera & Photo Video Surveillance Surveillance Cameras Bullet Cameras | description: 2PCS Light Bulb Camera,2.4G WiFi Security Cameras Wireless Outdoor,Cameras for Home Security,Motion Tracking, Color Night Vision, Full Hd 1080p Wireless Security Camera【Specification of Light Bulb Camera】:PTZ angle: horizontal 355 vertical 90Resolution: 1920×1080P Full HDNight Vision: 33ft/10mPower: bulb socketOperating Voltage: AC 110V-220V/Output DC 12VFunction : 2-Way Talk/Smart Tracking/Real-time Alerts/Motion De… | details: Best Sellers Rank Bullet Surveillance Cameras 2167 Brand Topiacam Connectivity Technology Wireless Date First Available November 17, 2022 Indoor/Outdoor Usage",smart_bulb:approved_identity_phrase_absent|smart_bulb:wrong_product:camera|smart_bulb:wrong_product:cameras|smart_bulb:wrong_product:security camera|smart_plug:approved_identity_phrase_absent|smart_plug:wrong_product:camera|smart_plug:wrong_product:cameras|smart_plug:wrong_product:security camera,approved_identity_phrase_absent|multi-type conflict|wrong_product,title|description,bulb|e27|light bulb,wi fi|wifi,exclude,high,wrong_device_type,Primary title/category identifies a prohibited product or accessory.,w3-v1.4.0-draft,559c5916176250de7cb92b41f27395faecef26b98e9c2975bcfa063a9781bf91
strong_exclusion_control,B09QPTHPC5,smart_bulb,Electronics,Camera & Photo,"YCWG Tuya Smart 5G IP Camera, E26 Bulb Base Indoor 1080P PTZ Home Security Motion Detect Two-way Audio 2MP CCTV Surveillance",Electronics Camera & Photo Video Surveillance Surveillance Cameras Dome Cameras,"categories: Electronics Camera & Photo Video Surveillance Surveillance Cameras Dome Cameras | features: Easy installation, just screw it like a bulb, no need break wall and no more screws required. 1. Connect the camera with bulb socket; 2. connect the camera with APP; 3. connect successfully, welcome to use cloud camera. APP: ''Tuya Smart''. The camera is also an bulb. Support humanoid intelligent alert double light. When camera detects someone pass by, it will light up and guide way in darknss. You can set whether to… | description: Tuya Smart 1080P PTZ 5G IP Camera Description: Product name: HD video camera Platform: Tuya smart Image sensor:1/3″ HD CMOS 2 megapixel CMOS sensor Manual vide",smart_bulb:approved_identity_phrase_absent|smart_bulb:wrong_product:camera|smart_bulb:wrong_product:cameras|smart_plug:approved_identity_phrase_absent|smart_plug:identity_not_in_title_or_categories|smart_plug:wrong_product:camera|smart_plug:wrong_product:cameras|smart_plug:wrong_product:ip camera,approved_identity_phrase_absent|multi-type conflict|wrong_product,title|features|description,bulb|e26,smart_near_bulb|tuya,exclude,high,wrong_device_type,Primary title/category identifies a prohibited product or accessory.,w3-v1.4.0-draft,5ad30584f14e5964dfe4facfea80c95edfa275e2c357f1f6822f06e06fa0df22
strong_exclusion_control,B0BM8R7P62,smart_bulb,Electronics,Camera & Photo,"3PCS Wireless WiFi Light Socket Security Camera Outdoor, 1080P Lightbulb Camera for Home Security with Alexa, Color Night Vision, Two-Way Audio, Motion Tracking, Color Night Vision Detection Alarm",Electronics Camera & Photo Video Surveillance Surveillance Cameras Dome Cameras,"categories: Electronics Camera & Photo Video Surveillance Surveillance Cameras Dome Cameras | features: 💡【Easy Installation & WiFi Connect】The bulb camera is directly installed on the lampholder (110V~240V), completed within a minute, easy and fast. The wireless wifi security camera supports 2.4G WiFi (5G WiFi is not supported), scan the QR code, quickly match, and remotely view or control the monitoring angle of the bulb camera via APP on IOS/Android devices anytime, anywhere to protect your family. 💡【Two-way Voice an… | description: Easy to install It is very easy to install this light bulb camera. Just screw the camera into the lamp holder, connect to the wi&fi, no drilling, no wiring, no",smart_bulb:approved_identity_phrase_absent|smart_bulb:identity_not_in_title_or_categories|smart_bulb:wrong_product:camera|smart_bulb:wrong_product:cameras|smart_bulb:wrong_product:security camera|smart_plug:approved_identity_phrase_absent|smart_plug:wrong_product:camera|smart_plug:wrong_product:cameras|smart_plug:wrong_product:security camera,approved_identity_phrase_absent|identity_not_in_title_or_categories|multi-type conflict|wrong_product,title|features|description|details,bulb|light bulb,alexa|wi fi|wifi,exclude,high,wrong_device_type,Primary title/category identifies a prohibited product or accessory.,w3-v1.4.0-draft,5b14dc9d051ecd9896ba857b79986ed5ec1578fa81ab07b1ac324cb880154af0
strong_exclusion_control,B0BW3QZXWD,smart_bulb,Electronics,Camera & Photo,"HELMOP Light Bu lb Security Camera Wireless Outdoor/Indoor, 2.4G 1080P Wireless Light Bu lb Security for Home Security with Motion Detection,Two-Way Audio, Night Vision",Electronics Camera & Photo Video Surveillance Surveillance Cameras Dome Cameras,"categories: Electronics Camera & Photo Video Surveillance Surveillance Cameras Dome Cameras | features: 🧸【Easy Installation & Remote Control】The light bulb camera is directly installed on E27 Socket (110V~240V). Connect the wifi light bulb camera to a 2.4G router (Not Support 5G WiFi), scan the QR code, quickly match,Bulb camera anytime, anywhere via app iCSee on IOS/Android device,Keep your home safe. 🧸【Full HD 1080P Color Night Vision】The security light bulb camera equipped with 4 IR LEDs and 4 white LEDs. The IR lig… | description: HELMOP Bulb Camera ,2MP Full HD Panoram For Both Day and Night 355°complete coverage,crystal clear image quality won't miss any details Main Features: 1.Megapi",smart_bulb:approved_identity_phrase_absent|smart_bulb:identity_not_in_title_or_categories|smart_bulb:wrong_product:camera|smart_bulb:wrong_product:cameras|smart_bulb:wrong_product:security camera|smart_plug:approved_identity_phrase_absent|smart_plug:identity_not_in_title_or_categories|smart_plug:wrong_product:camera|smart_plug:wrong_product:cameras|smart_plug:wrong_product:security camera,approved_identity_phrase_absent|identity_not_in_title_or_categories|multi-type conflict|wrong_product,features|description,bulb|bulbs|e27|light bulb,wi fi|wifi,exclude,high,wrong_device_type,Primary title/category identifies a prohibited product or accessory.,w3-v1.4.0-draft,5c48bc9780106537934456cc8e83b80881538ac5d383460bee71f93be3ce9c21
strong_exclusion_control,B0BBWMZ7TC,smart_bulb,Electronics,Camera & Photo,"LIGUHAY Light Bulb Security Cameras - Easy Installation 2.4Ghz WiFi 360° Pan/tilt Panoramic Wireless Outdoor/Home Light Socket Cameras,Use for Home Security,Motion Detection,Two-Way Audio",Electronics Camera & Photo Video Surveillance Surveillance Cameras Bullet Cameras,"categories: Electronics Camera & Photo Video Surveillance Surveillance Cameras Bullet Cameras | features: 【Very Important】When you connect the camera for the first time, if you can't find the built-in wifi of the camera, press and hold the [RESET] on the top of the camera with a toothpick for 5 seconds when the camera is turned on, and release it when you hear the prompt tone. When you reset the camera, you can find the built-in wifi of the camera. The unified name format of the built-in wifi is: ""BCCQXXXXX"" 【1080P and I… | description: …ll be gradually printed with LIGUHAY trademark,【Very Important】When you connect the camera for the first time, if you can't find the built-in wifi of the ca",smart_bulb:approved_identity_phrase_absent|smart_bulb:wrong_product:camera|smart_bulb:wrong_product:cameras|smart_plug:approved_identity_phrase_absent|smart_plug:wrong_product:camera|smart_plug:wrong_product:cameras,approved_identity_phrase_absent|multi-type conflict|wrong_product,title|features|description,bulb|e27|light bulb,wi fi|wifi,exclude,high,wrong_device_type,Primary title/category identifies a prohibited product or accessory.,w3-v1.4.0-draft,5cac016020a58b59b3dbf0e37921a987c4e9d061418a1f69f965d3f78e7b33e2
strong_exclusion_control,B0BFXDRHDF,smart_bulb,Electronics,Camera & Photo,XKYPIN Security Camera Wireless WiFi 1080P HD IP Camera Pan Tilt 360 Degree Panoramic Surveillance Cam Color Night Vision Floodlight Motion Detection Alarm E27 Indoor,Electronics Camera & Photo Video Surveillance Surveillance Cameras Dome Cameras,"categories: Electronics Camera & Photo Video Surveillance Surveillance Cameras Dome Cameras | features: 💡Easy to Setup: Replace E27 bulb directly and easily, Set up quickly in 1~2 minutes, Upgraded WiFi module is compatible with 5GHz & 2.4GHz, no need to worry about whether it fits your home WiFi band. Compatible with Alexa echo and Google Assistant device, realize intelligent interaction and make the security camera smarter. 💡Advanced Night Vision: HD1080P camera is equipped with night vision infrared LED, which can m… | details: Best Sellers Rank Dome Surveillance Cameras 3933 Brand XKYPIN Connectivity Technology Wireless Date First Available September 20, 2022 Item Weight 8 ounces Item mo",smart_bulb:approved_identity_phrase_absent|smart_bulb:identity_not_in_title_or_categories|smart_bulb:wrong_product:camera|smart_bulb:wrong_product:cameras|smart_bulb:wrong_product:security camera,approved_identity_phrase_absent|identity_not_in_title_or_categories|wrong_product,title|features,bulb|e27,alexa|google assistant|wi fi|wifi,exclude,high,wrong_device_type,Primary title/category identifies a prohibited product or accessory.,w3-v1.4.0-draft,654d73c4fd78864fb773187c6526adcc9a884b69b4a9ae427b859ae944bf2c11
strong_exclusion_control,B0BCQ221CZ,smart_bulb,Electronics,Camera & Photo,"Light Bulb Security Camera 3MP—Only Connect 2.4GHz WiFi Wireless Indoor Surveillance Camera, 1080p HD 355° Pan/Tilt Baby Monitor Auto Tracking/Night Vision/2-Way Talk/Alerts/TF/Cloud(No 5GHz WiFi)",Electronics Camera & Photo Video Surveillance Surveillance Cameras Dome Cameras,"categories: Electronics Camera & Photo Video Surveillance Surveillance Cameras Dome Cameras | details: Best Sellers Rank Dome Surveillance Cameras 375 Brand Axirata Connectivity Technology Wireless Date First Available September 1, 2022 Indoor/Outdoor Usage Indoor Item Weight 8.8 ounces Manufacturer USICSEE-AX Product Dimensions 5.8 x 2.7 x 2.7 inches Recommended Uses For Product Baby Monitor,Indoor,Outdoor Special Feature Night Vision, Motion Sensor",smart_bulb:approved_identity_phrase_absent|smart_bulb:wrong_product:camera|smart_bulb:wrong_product:cameras|smart_bulb:wrong_product:security camera,approved_identity_phrase_absent|wrong_product,title,bulb|light bulb,wi fi|wifi,exclude,high,wrong_device_type,Primary title/category identifies a prohibited product or accessory.,w3-v1.4.0-draft,67f6f81e15217f5d1de7cc07c85d89172cd06a9bac8404f05974b4fb75648a16
strong_exclusion_control,B01AJV7IHM,smart_bulb,Electronics,All Electronics,"Projector, Syhonic S5 Portable Mini 1080P Full HD Home Media Player Cinema Theater DVDs HDMI VGA USB AV LED Projector with Remote Control for iPhone Mac Laptop Galaxy (Black)",Electronics Video Projectors,"categories: Electronics Video Projectors | features: Profession appearance design: The profession appearance design for ventilation has largely improved the stability and life time for the projector. Input: VGA/AV/USB/SD/HDMI(Support PC Laptop). Native Resolution: 320 x 240; Supported resolution: 1024 x 768. Brightness: 60 Lumens. Contrast: 300:1. Aspect Ratio: 4:3/16:9. Long lamp life: Led light, Up to 20,000 hours. Smart and affordable, easy to carry it anywhere wit… | description: …put, 1 x audio output, 1 x SD card, 1 x USB input (built-in media player), 1 x Power and built-in speakers No need to spend hundreds of dollars on a replacement bulb after only a few years!",smart_bulb:approved_identity_phrase_absent|smart_bulb:identity_not_in_title_or_categories|smart_bulb:wrong_product:projector,approved_identity_phrase_absent|identity_not_in_title_or_categories|wrong_product,description,bulb,,exclude,high,wrong_device_type,Primary title/category identifies a prohibited product or accessory.,w3-v1.4.0-draft,7227769b92fb51e1ae057260bb4c623a245341f1d8a86165c1f8d83d16c3696f
strong_exclusion_control,B07ZH72ZGJ,smart_bulb,Electronics,Camera & Photo,"E-XVIM 4PCS Light Bulb Camera, 2.4Ghz WiFi Camera, 1080P 355 Degree Panoramic Home Surveillance Camera with Night Vision, Two -Way Audio, APP Access",Electronics Camera & Photo Video Surveillance Surveillance Cameras Dome Cameras,"categories: Electronics Camera & Photo Video Surveillance Surveillance Cameras Dome Cameras | features: [355 degree swivel/tilt view camera] - Bulb camera, panoramic view, you can see the corners you need. [Easy Installation & Setup] - Our bulb camera is suitable for E26/E27 bulb holder, just plug and screw it into the bulb holder, then download the APP with your phone and use the APP to help the bulb camera connect to WIFI. [WiFi Bulb Camera & Full Color Night Vision] - 1080P bulb camera with 360 degree panoramic view… | description: 1 | details: Brand E-XVIM Compatible Devices Personal Computers, TV, Cameras, Tablet, Smartphone Connectivity Technology Wireless Date First Available October ",smart_bulb:approved_identity_phrase_absent|smart_bulb:wrong_product:bulb camera|smart_bulb:wrong_product:camera|smart_bulb:wrong_product:cameras|smart_bulb:wrong_product:light bulb camera|smart_plug:approved_identity_phrase_absent|smart_plug:identity_not_in_title_or_categories|smart_plug:wrong_product:camera|smart_plug:wrong_product:cameras,approved_identity_phrase_absent|multi-type conflict|wrong_product,title|features,bulb|e26|e27|light bulb,wi fi|wifi,exclude,high,wrong_device_type,Primary title/category identifies a prohibited product or accessory.,w3-v1.4.0-draft,7b8fec6b4cb5eb825251557c52008e1206d33d6c32dc6ff1183e4b4a2bd39714
strong_exclusion_control,B088B7T35Q,smart_bulb,Electronics,Camera & Photo,Fujifilm Instax Mini 90 Neo Classic Instant Film Camera Black with 20 Instant Film Accessory Bundle,Electronics Camera & Photo Film Photography Film Cameras Instant Cameras,"categories: Electronics Camera & Photo Film Photography Film Cameras Instant Cameras | features: …film Instax Mini 90 Neo Classic Instant Film Camera (Black) with 20 Instant Film.The Fujifilm instax mini 90 offers advanced features, such as bulb and double exposures, that are attractions of traditional analog cameras and offer an enhanced capability to capture light creatively The instax mini 90 is also equipped with new functions and features like macro mode and high performance flash, making this an instant cam… | description: Items included: Fujifilm Instax Mini 90 Neo Classic Instant Film Camera Black Fujifilm Instax Mini Instant Film Twin Pack 20 Sheets (10 x 2) • Camera Case - Bag With",smart_bulb:approved_identity_phrase_absent|smart_bulb:identity_not_in_title_or_categories|smart_bulb:wrong_product:camera|smart_bulb:wrong_product:cameras,approved_identity_phrase_absent|identity_not_in_title_or_categories|wrong_product,features,bulb,,exclude,high,accessory,Primary title/category identifies a prohibited product or accessory.,w3-v1.4.0-draft,7c721cb39c1201ba0263f996555280f887359fd53e49abf66957e74b7ef663ed
strong_exclusion_control,B00A2WKDJE,smart_bulb,Home_and_Kitchen,Tools & Home Improvement,14.42-ft Multi-Color Mini Bulb Solar Patio String Lights Item# 136556 Model#XQC006 UPC#736916612012,Home & Kitchen Seasonal Décor Seasonal Lighting Indoor String Lights,"categories: Home & Kitchen Seasonal Décor Seasonal Lighting Indoor String Lights | features: …ack Chinese lanterns. Great colors for Halloween Being powered by a separate amorphous solar panel allows lights to be placed in shady areas. Twenty bulbs illuminate up to eight hours when fully charged. 20 LED lanterns | description: …ing umbrellas, pergolas, trees, and doorways. Being powered by a separate amorphous solar panel allows lights to be placed in shady areas. Twenty bulbs illuminate up to eight hours when fully charged. | details: …r Bel air lighting Number of Light Sources 20 Occasion Halloween Package Dimensions 10.5 x 3.5 x 3.5 inches Power Source Solar Powered Type of Bulb LED",smart_bulb:approved_identity_phrase_absent|smart_bulb:smart_evidence_not_in_title_or_categories,approved_identity_phrase_absent|smart_evidence_not_in_title_or_categories,title|features|description|details,bulb|bulbs,,exclude,high,wrong_device_type,Primary title/category identifies a prohibited product or accessory.,w3-v1.4.0-draft,83c5a50faed1e6d03a6c05ceb75e84b3d181a77066128a5aaae723dff26e2344
strong_exclusion_control,B0BVVYNB6Q,smart_bulb,Electronics,Camera & Photo,"Noonkey 2K/3MP Light Bulb Security Camera 2 Pieces Alexa Light Bulb E27 Home WiFi Security Cameras with Automatic Human Tracking,Motion Zones Detection Alarm,Color Night Vision,Wireless 360° Pan/Tilt",Electronics Camera & Photo Video Surveillance Surveillance Cameras Dome Cameras,"categories: Electronics Camera & Photo Video Surveillance Surveillance Cameras Dome Cameras | features: …quality is clearer.which are 40% better than other 1080P pixel security camera images. 𝐖𝐢𝐫𝐞𝐥𝐞𝐬𝐬 𝐚𝐧𝐝 𝐄𝐚𝐬𝐲 𝐭𝐨 𝐈𝐧𝐬𝐭𝐚𝐥𝐥:You can directly use a common E27 bulb base (110V~240V) to install cameras for home security , no need to fix it with nails,security cameras wireless, more flexible and simple , can install anywhere you want . 𝐀𝐈 𝐈𝐧𝐭𝐞𝐥𝐥𝐢𝐠𝐞𝐧𝐜𝐞:The chips of our motion bulb camera has AI functions, humanoid framing functio… | details: Best Sellers Rank Dome Surveillance Cameras 106 Brand Noonkey Connectivity Technology Wireless Country of Origin China Date First Available November 11, 2022 Item",smart_bulb:approved_identity_phrase_absent|smart_bulb:wrong_product:camera|smart_bulb:wrong_product:cameras|smart_bulb:wrong_product:security camera,approved_identity_phrase_absent|wrong_product,title|features,bulb|e27|light bulb,alexa|wi fi|wifi,exclude,high,wrong_device_type,Primary title/category identifies a prohibited product or accessory.,w3-v1.4.0-draft,856b0613e297b97fe3ef33a5b028408ca76befa098a1f35a54e896421b51ef21
strong_exclusion_control,B0B46C1LXV,smart_bulb,Electronics,Camera & Photo,"KOWVOWZ 2PCS 2.4GHz & 5GHz Wireless WiFi Light Bulb 1080P Outdoor, 360° Indoor Socket Security Cameras for Home Security with 2-Way Audio, Smart Motion Detection",Electronics Camera & Photo Video Surveillance Surveillance Cameras Dome Cameras,"categories: Electronics Camera & Photo Video Surveillance Surveillance Cameras Dome Cameras | features: 🎦【2.4GHz and 5GHz Double-band WiFi】 This wireless wifi light bulb security camera supports 2.4GHz and 5GHz Double-band network routers.Compared with other cameras on the market that only support 2.4Ghz, our camera can give you more wireless wifi options and control your camera more smoothly. You can use the APP to control the wireless wifi light bulb security camera viewing angle to achieve 360-degree viewing without… | details: Best Sellers Rank Dome Surveillance Cameras 116 Brand KOWVOWZ Connectivity Technology Wireless Date First Available June 1, 2022 Indoor/Outdoor Usage Indoor Item W",smart_bulb:wrong_product:camera|smart_bulb:wrong_product:cameras|smart_plug:approved_identity_phrase_absent|smart_plug:wrong_product:camera|smart_plug:wrong_product:cameras,multi-type conflict|wrong_product,title|features,bulb|light bulb,wi fi|wifi,exclude,high,wrong_device_type,Primary title/category identifies a prohibited product or accessory.,w3-v1.4.0-draft,8666abc914a84f0d47e11f5adc6ea1e7d688e737059df77b48ccc92c7010c579
strong_exclusion_control,B0B24ZQNHY,smart_bulb,Electronics,Camera & Photo,"INQMEGA 2K 3.0MP Light Bulb Camera with E27 Connector, Wireless PTZ Security Camera Motion Auto Tracking, Two Way Audio, Night Vision, Tuya 360 Degree Panoramic WiFi IP Camera",Electronics Camera & Photo Video Surveillance Surveillance Cameras Dome Cameras,"categories: Electronics Camera & Photo Video Surveillance Surveillance Cameras Dome Cameras | features: [Wireless & Easy Installation] : Compatible with E26 / E27 light socket makes it quite easy to installl this security camera, simply screw this camera into a light socket(110V~240V),NO DRILL, NO WIRING, NO POWER CABLE, The camera compatible with 2.4GHz WiFi(5GHz Not Support) [2K 3MP Ultra HD Video Resolution] : This security surveillance camera is built-in 2pcs IR LEDs+6pcs white LEDs with 31ft w/b and 65.6ft FULL-CO… | details: Best Sellers Rank Dome Surveillance Cameras 2371 Brand INQMEGA Connectivity Technology Wireless Country of Origin China Date First Available February 24, 2022 Item",smart_bulb:approved_identity_phrase_absent|smart_bulb:wrong_product:bulb camera|smart_bulb:wrong_product:camera|smart_bulb:wrong_product:cameras|smart_bulb:wrong_product:light bulb camera|smart_bulb:wrong_product:security camera|smart_plug:approved_identity_phrase_absent|smart_plug:identity_not_in_title_or_categories|smart_plug:wrong_product:camera|smart_plug:wrong_product:cameras|smart_plug:wrong_product:ip camera|smart_plug:wrong_product:security camera,approved_identity_phrase_absent|multi-type conflict|wrong_product,title|features,bulb|e26|e27|light bulb,tuya|wi fi|wifi,exclude,high,wrong_device_type,Primary title/category identifies a prohibited product or accessory.,w3-v1.4.0-draft,88fd8887a541db271319896e399ae51fa3b1f5a67d440316e9410ead67d955e2
strong_exclusion_control,B08J3PCF7K,smart_bulb,Electronics,All Electronics,"5G WiFi Bluetooth Projector, 7200L Native 1080P Smart Outdoor Projector Home Theater Support 4k 200"" Display, Wireless Screen Mirror Airplay Zoom for iOS/Android/PS4/Fire Stick/HDMI/USB/DVD/Laptop",Electronics Video Projectors,"categories: Electronics Video Projectors | features: …s from your USB flash drive and HDD. External speakers can be added via headphone jack. Innovative Lighting & Cooling System - High-efficiency energy-saving LED lighting technology, LED bulbs have a service life of up to 50,000 hours, and are environmentally friendly, without the need for bulb replacement. A more advanced magnetic levitation fan cooling system can reduce noise and prolong the life of the projector wh… | description: 2021 NEW FULL HD 1080P PROJECTOR - BRINGS EVERYTHING TO LIFE This is a dazzling 1080p Full HD projector. Excellent image quality, powerful sound, and wide compatibility make it the best choice for your home en",smart_bulb:approved_identity_phrase_absent|smart_bulb:identity_not_in_title_or_categories|smart_bulb:wrong_product:projector,approved_identity_phrase_absent|identity_not_in_title_or_categories|wrong_product,title|features,bulb|bulbs,bluetooth|wi fi|wifi,exclude,high,wrong_device_type,Primary title/category identifies a prohibited product or accessory.,w3-v1.4.0-draft,9426222f750516cbd442352e7e269eb7502653cb9ccc1e14b3cb66bce2e61ac2
strong_exclusion_control,B0BT45PXZ3,smart_bulb,Home_and_Kitchen,Amazon Home,"Pure Enrichment® PureZone™ Elite True HEPA Large Room Tower Air Purifier with Air Quality Monitor, 4 Stage Filtration and UV-C Light, Helps Destroy Bacteria, Smoke, Pollen & Dust (White)","Home & Kitchen Heating, Cooling & Air Quality Air Purifiers HEPA Air Purifiers","categories: Home & Kitchen Heating, Cooling & Air Quality Air Purifiers HEPA Air Purifiers | features: …s time to change the activated carbon pre-filter and medical-grade true HEPA filter. 5-YEAR WARRANTY: Pure Enrichment’s guaranteed 5-Year Warranty, 4-in-1 powerful air purifier, 2-in-1 filter, UV-C light bulb. Our customer support team provides daily quality service and peace of mind to millions worldwide all from a brand you can trust. | details: Filter Type Pre-Filter Brand Pure Enrichment Color White Control Method Touch Date First Available February 11, 2018 Floor Area 190 Square Feet Is Discontinued By Manufacturer No Item model number PEAIRTWR Manufacturer Pure Enrichment Noise Level",smart_bulb:approved_identity_phrase_absent|smart_bulb:identity_not_in_title_or_categories,approved_identity_phrase_absent|identity_not_in_title_or_categories,features,bulb|light bulb,,exclude,high,wrong_device_type,Primary title/category identifies a prohibited product or accessory.,w3-v1.4.0-draft,a0e27e62b18354315fb622366e8cee83dce442e182cca06558a2d522361e5207
strong_exclusion_control,B0C2VY3MQB,smart_bulb,Electronics,Camera & Photo,Security Camera 1080P Pan Tilt Light Socket Security Camera WiFi Bulb Camera Motion Detection Night Vision for Outdoor Indoor (1 Pcs),Electronics Camera & Photo Video Surveillance Surveillance Cameras Dome Cameras,"categories: Electronics Camera & Photo Video Surveillance Surveillance Cameras Dome Cameras | features: 【Wireless & Quick Installation】Light-bulb camera can be installed using a normal E27 bulb base(110V~240V), it is as easy to install as a bulb, Which supports 24/7 continuous recording and will automatically overwrite once the SD card is full (This package not included SD card,MAX 32GB). And support 2.4G WiFi, NOT work with 5G WiFi. 【1080P Full HD & Color Night Vision】The WiFi wireless Lightbulb camera adopts 4pcs IR … | description: APP：JXLCAM Power Supply : E27 High Definition : 1080P(Full) Alert Notification : Yes Humanoid Movement Detection : Yes Siren & Light alarm : Yes SD Card : Supp",smart_bulb:wrong_product:bulb camera|smart_bulb:wrong_product:camera|smart_bulb:wrong_product:cameras|smart_bulb:wrong_product:security camera|smart_plug:approved_identity_phrase_absent|smart_plug:wrong_product:camera|smart_plug:wrong_product:cameras|smart_plug:wrong_product:security camera,multi-type conflict|wrong_product,title|features|description,bulb|e27|light bulb,wi fi|wifi,exclude,high,wrong_device_type,Primary title/category identifies a prohibited product or accessory.,w3-v1.4.0-draft,a956a57d667f26fc5bc03c693e9fe482a42b3c59440d86b0a6b5a70e3f500dc7
strong_exclusion_control,B09Q82FV9T,smart_bulb,Electronics,Camera & Photo,"XVIM Wireless WiFi Light Bulb Camera, 3MP Light Bulb Security Camera, 360° Pan/Tilt Indoor Outdoor Security Camera, Motion Detection, Night Vision",Electronics Camera & Photo Video Surveillance Surveillance Cameras Dome Cameras,"categories: Electronics Camera & Photo Video Surveillance Surveillance Cameras Dome Cameras | features: [Wireless Connection & Easy Installation] - XVIM bulb security camera supports 2.4Ghz WiFi (5Ghz WiFi is not supported). 2.4Ghz WiFi is more stable and the distance of connection is longer than 5Ghz WiFi. Also, equipped with an adapter, XVIM light bulb security camera can be easily used by being screwed into the adapter and plugged into the power supply. You can easily use the bulb camera even if there is no light so… | details: Best Sellers Rank Dome Surveillance Cameras 213 Brand XVIM Connectivity Technology Wireless Country of Origin China Date First Available January 12, 2022 Indoor/Ou",smart_bulb:wrong_product:bulb camera|smart_bulb:wrong_product:camera|smart_bulb:wrong_product:cameras|smart_bulb:wrong_product:light bulb camera|smart_bulb:wrong_product:security camera|smart_plug:approved_identity_phrase_absent|smart_plug:identity_not_in_title_or_categories|smart_plug:wrong_product:camera|smart_plug:wrong_product:cameras|smart_plug:wrong_product:security camera,multi-type conflict|wrong_product,title|features,bulb|light bulb,wi fi|wifi,exclude,high,wrong_device_type,Primary title/category identifies a prohibited product or accessory.,w3-v1.4.0-draft,a9adfdd913f43c9d3a36186141f2c442bb6ffd9286874769c45cef7f1b084100
strong_exclusion_control,B09KYBCP9J,smart_bulb,Electronics,Camera & Photo,"COSULAN WiFi Light Bulb Camera, 360 Degree Panoramic Security Camera,1080P Surveillance Lamp Camera with Floodlight/Motion Detection/Night Vision/Cloud & SD Card Storage/Alert events/V380/B9",Electronics Camera & Photo Video Surveillance Surveillance Cameras Dome Cameras,"categories: Electronics Camera & Photo Video Surveillance Surveillance Cameras Dome Cameras | features: 【Easy to Install and Setup】It’s very easy and quick to install this bulb security camera in your house, just screw it into your light power socket E27. And this camera comes with one E27 socket also. Network setup and configuration are very simple and easy too. Just install our App and do following the steps on app or instructions in user manual to finish all settings. This bulb camera only supports 2.4G Hz WiFi conn… | description: 2.4G Hz WiFi SMART LIGHT BULB CAMERA A9 Easy Setup: 1. Download the APP ""V380 Pro"".Following the manual instructions. 2. Set-up is as simple as screwing in a l",smart_bulb:wrong_product:bulb camera|smart_bulb:wrong_product:camera|smart_bulb:wrong_product:cameras|smart_bulb:wrong_product:light bulb camera|smart_bulb:wrong_product:security camera|smart_plug:approved_identity_phrase_absent|smart_plug:identity_not_in_title_or_categories|smart_plug:wrong_product:camera|smart_plug:wrong_product:cameras|smart_plug:wrong_product:security camera,multi-type conflict|wrong_product,title|features|description,bulb|e27|light bulb,wi fi|wifi,exclude,high,wrong_device_type,Primary title/category identifies a prohibited product or accessory.,w3-v1.4.0-draft,b33ea0d6589f483c55632ce8acbca4ace1893ac2bed0249f157e9354a67e98ed
strong_exclusion_control,B0B1DGN6F5,smart_bulb,Electronics,Camera & Photo,"EBAKIN Wireless WiFi Light Bulb Camera Home Security Camera, 360° Panoramic Camera with Night Vision/2-Way Audio/Smart Human Motion Detection,1080P Dome Cameras for Home,Baby,Pet (White)",Electronics Camera & Photo Video Surveillance Surveillance Cameras Dome Cameras,"categories: Electronics Camera & Photo Video Surveillance Surveillance Cameras Dome Cameras | features: Easy to Install and Setup:Light bulb wifi camera compatible work with E27 power sockets,easy to install.Scan the QR code for ""WiFi connection‘’ or “Hotspot config to wifi” connection,easy to setup successfully. Motion Detection and Alarm:This surveillance camera uses a high-sensitivity motion sensor,once the camera detects the motion of an object after it is connected to the Internet,it will record the motion and not… | details: Best Sellers Rank Dome Surveillance Cameras 2417 Brand EBAKIN Connectivity Technology Wireless Date First Available May 16, 2022 Indoor/Outdoor Usage Indoor Item W",smart_bulb:wrong_product:bulb camera|smart_bulb:wrong_product:camera|smart_bulb:wrong_product:cameras|smart_bulb:wrong_product:light bulb camera|smart_bulb:wrong_product:security camera,wrong_product,title|features,bulb|e27|light bulb,wi fi|wifi,exclude,high,wrong_device_type,Primary title/category identifies a prohibited product or accessory.,w3-v1.4.0-draft,b89f84e3bb8111216d31caacce9fe52617907e46c6a4d973bf4255f3c118f729
strong_exclusion_control,B07BHHNBJC,smart_bulb,Electronics,Amazon Devices,Echo (2nd Generation) - Oak Finish with 2 Smart Bulb Kit by Sengled,,"features: This bundle contains the Echo (2nd Generation) and the Element Classic by Sengled Starter Kit. Connect your smart lights to Alexa for easy voice control. Just ask, ""Alexa, turn on the living room light"" Echo connects to Alexa to play music, make calls, set music alarms and timers, ask questions, control smart home devices, and more—instantly. Just ask for a song, artist, or genre from Amazon Music, Spotify, Pandora, …",smart_bulb:wrong_product:echo,wrong_product,title|features,bulb,alexa|sengled|smart_near_bulb|voice control,exclude,high,wrong_device_type,Primary title/category identifies a prohibited product or accessory.,w3-v1.4.0-draft,bce51aace65fbecbe20f5314fcbfcdea5510483a17411e1144e62b685232e38e
strong_exclusion_control,B01HZML53Q,smart_bulb,Home_and_Kitchen,Amazon Home,Songmics Lighted Makeup Mirror LED Two-Side 5x Swivel Magnifying Cosmetic w/ Drawer Black UBBM01B,Home & Kitchen Bath Bathroom Accessories Bathroom Mirrors,"categories: Home & Kitchen Bath Bathroom Accessories Bathroom Mirrors | features: … detail of your hair and makeup are in place LED LIGHTS MIRROR: Both side with LED light, provide the most natural light and never need to replace bulb 360° SWIVEL DESIGN: Swivel smoothly between normal and magnifying mirror, can be fixed at any angle you like USB RECHARGEABLE: Standard USB port (cable included). Using for days on a single full charge. Batteries not required | description: SONGMICS LED lighted desktop makeup mirror, made of environment protective ABS material, features a smooth 360-degree swivel design that is adjustable to view at any angle. The powerful 5x magnification can provide you with ",smart_bulb:approved_identity_phrase_absent|smart_bulb:identity_not_in_title_or_categories,approved_identity_phrase_absent|identity_not_in_title_or_categories,features,bulb,,exclude,high,wrong_device_type,Primary title/category identifies a prohibited product or accessory.,w3-v1.4.0-draft,be457a534e34e0804da1ab709baa77f9f687721b5feb4ef3c8c25f8427a91157
strong_exclusion_control,B0BPNHXM5T,smart_bulb,Electronics,Camera & Photo,"Hoibampu 2PCS WiFi Socket Light Bulb Camera Security Outdoor, 1080P 360 Degree Socket Outdoor Lightbulbs Camera Wireless Outdoor Surveillance Blubs Camera Work with Alexa, white 2,",Electronics Camera & Photo Video Surveillance Surveillance Cameras Dome Cameras,"categories: Electronics Camera & Photo Video Surveillance Surveillance Cameras Dome Cameras | features: 💡【HD Pan Tilt&WiFi Wireless Connection 】This Pan Tilt WiFi camera can provide you with a clear vision (Full HD 1080P(1920*1080) resolution) at any time, You can use the APP to control the camera viewing angle to achieve without blind spots. The maximum horizontal rotation angle of the bulb security camera is 355 degrees, not 360 degrees cyclically. 💡【Work on Alexa & Qucik Connection】Our camera supports Alexa voice as… | details: Best Sellers Rank Dome Surveillance Cameras 2519 Brand Hoibampu Connectivity Technology Wireless Date First Available December 13, 2022 Indoor/Outdoor Usage Outdoo",smart_bulb:approved_identity_phrase_absent|smart_bulb:wrong_product:bulb camera|smart_bulb:wrong_product:camera|smart_bulb:wrong_product:cameras|smart_bulb:wrong_product:light bulb camera|smart_plug:wrong_product:camera|smart_plug:wrong_product:cameras,approved_identity_phrase_absent|multi-type conflict|wrong_product,title|features,bulb|e27|light bulb,alexa|wi fi|wifi,exclude,high,wrong_device_type,Primary title/category identifies a prohibited product or accessory.,w3-v1.4.0-draft,c541826f6b9cad3bec245b4c4ba61e4f1599eea509081c65edcb7f8c4accfb74
strong_exclusion_control,B0BML8G12Y,smart_bulb,Electronics,Camera & Photo,"2PCS Light Socket Security Camera,Light Bu LB Security Camera WiFi Outdoor,Light Camera for Home Security Camera with Motion Detection, Two-Way Audio, Color Night Vision,Auto Tracking,2.4G WiFi",Electronics Camera & Photo Video Surveillance Surveillance Cameras Dome Cameras,"categories: Electronics Camera & Photo Video Surveillance Surveillance Cameras Dome Cameras | features: 【Wireless &Easy Installation】This light bulb security camera only needs to be directly installed in a light socket (110V~240V), and use the mobile phone to download the APP""CloudEye"" on IOS/Android devices. No other operations are required. (Notes: Only work with 2.4G WiFi,5G WiFi is not supported). 【1080P FHD&Color night vision】Equipped with a high-resolution sensor to provide you with clear vision within 60 feet. T… | details: Best Sellers Rank Dome Surveillance Cameras 3791 Brand VAKATAKA Connectivity Technology Wireless Date First Available November 16, 2022 Indoor/Outdoor Usage Outdoo",smart_bulb:approved_identity_phrase_absent|smart_bulb:identity_not_in_title_or_categories|smart_bulb:wrong_product:camera|smart_bulb:wrong_product:cameras|smart_bulb:wrong_product:security camera|smart_plug:approved_identity_phrase_absent|smart_plug:wrong_product:camera|smart_plug:wrong_product:cameras|smart_plug:wrong_product:security camera,approved_identity_phrase_absent|identity_not_in_title_or_categories|multi-type conflict|wrong_product,title|features,bulb|light bulb,wi fi|wifi,exclude,high,wrong_device_type,Primary title/category identifies a prohibited product or accessory.,w3-v1.4.0-draft,c96fbf93c88c6537909bc410250c4615619bee37db5964b8781fc18d61e159d7
strong_exclusion_control,B0B45FNVTH,smart_bulb,Electronics,Camera & Photo,"Eversecu 2MP 1080P Wireless Lightbulb Powered PTZ Security Camera with E27 Bulb Connector, Motion Auto Tracking, Two Way Audio, Night Vision, 2.4ghz WiFi IP PTZ CCTV Camera (Renewed)",Electronics Camera & Photo Video Surveillance Surveillance Cameras Dome Cameras,"categories: Electronics Camera & Photo Video Surveillance Surveillance Cameras Dome Cameras | features: <b>[Wireless & Easy Installation] : </b>Compatible with E26 / E27 light socket makes it quite easy to installl this security camera, simply screw this camera into a light socket(110V~240V),NO DRILL, NO WIRING, NO POWER CABLE, NO HARD SETUP, then open the ICAM365 app to setup the camera within minutes. please note this camera doesn't support 5g WIFI. <b>[2K 3MP Ultra HD Video Resolution] : </b>This IP surveillance cam… | description: This pre-owned or refurbished product has been professionally inspected and tested to work and look like new. How a product becomes part of Amazon Renewed, you",smart_bulb:approved_identity_phrase_absent|smart_bulb:wrong_product:camera|smart_bulb:wrong_product:cameras|smart_bulb:wrong_product:security camera|smart_plug:approved_identity_phrase_absent|smart_plug:identity_not_in_title_or_categories|smart_plug:wrong_product:camera|smart_plug:wrong_product:cameras|smart_plug:wrong_product:security camera,approved_identity_phrase_absent|multi-type conflict|wrong_product,title|features,bulb|e26|e27,wi fi|wifi,exclude,high,wrong_device_type,Primary title/category identifies a prohibited product or accessory.,w3-v1.4.0-draft,cc47e3983b57912557c4f06fc9084800f811c618704204ed1c891e3848a306b1
strong_exclusion_control,B0B67QZZ4N,smart_bulb,Electronics,Camera & Photo,SC2000 Light Bulb Security Camera: Wireless 5G Indoor Outdoor Lightbulb Panoramic Dome Smart Camera with 1080P App Control Motion Detection Night Vision for Home Garden Baby Pet,Electronics Camera & Photo Video Surveillance Surveillance Cameras Dome Cameras,"categories: Electronics Camera & Photo Video Surveillance Surveillance Cameras Dome Cameras | features: 【1080P & Color Night Vision】- This 1080P PTZ smart bulb security camera provides a clear vision at any time, day or night. And a security camera system with 355°pan and 90°tilt function which allows you to cover 360-degree monitoring! 【Easy Installation & Setup】- Directly replace the camera like a light bulb on an E27 socket.This wifi surveillance camera support 2.4G and 5G WiFi, you just need to connect the security… | details: …ity Technology Wireless Country of Origin China Date First Available July 11, 2022 Item Weight 10.8 ounces Item model number security camera light bulb Manufactur",smart_bulb:approved_identity_phrase_absent|smart_bulb:wrong_product:camera|smart_bulb:wrong_product:cameras|smart_bulb:wrong_product:security camera|smart_plug:approved_identity_phrase_absent|smart_plug:identity_not_in_title_or_categories|smart_plug:wrong_product:camera|smart_plug:wrong_product:cameras|smart_plug:wrong_product:security camera,approved_identity_phrase_absent|multi-type conflict|wrong_product,title|features|details,bulb|e27|light bulb,app control|wi fi|wifi,exclude,high,wrong_device_type,Primary title/category identifies a prohibited product or accessory.,w3-v1.4.0-draft,d001b2f4e2cff615c28fffb85011335dce805f25ee7c37630988d3f904c19a37
strong_exclusion_control,B07HBMF7ZB,smart_bulb,Electronics,All Electronics,"Projector, Spacekey LED Mini Video Projector for Multimedia Home Theater, Supports 1080P, Laptops, Smartphones, Amazon Fire TV Stick & DVDs via HDMI, USB, VGA & AV (RD815)",Electronics Video Projectors,"categories: Electronics Video Projectors | features: …projector supports smartphones, tablets, PCs, laptops, DVD players, USB drives, Xbox, Apple TV, ROKU and Fire TV Stick, NOTE: When use with smartphones, a Wi-Fi display dongle or HDMI adapter is not included. OPTIMUM DISTANCE: The optimum projector distance is 2-2. 5m and the display is about 120''. If you want the image size of 32"" to 170'', the distance is 1-5m. LOW NOISE & EFFICIENT ENERGY: This projector has impr… | details: Best Sellers Rank Video Projectors 2496 Brand Spacekey Connectivity Technology VGA, USB, HDMI Date First Available September 14, 2018 Display Resolution Maximum 1920 x 1080 Display resolution 1920 x 1080 Form Fact",smart_bulb:approved_identity_phrase_absent|smart_bulb:identity_not_in_title_or_categories|smart_bulb:wrong_product:projector,approved_identity_phrase_absent|identity_not_in_title_or_categories|wrong_product,features,bulb,wi fi|wifi,exclude,high,wrong_device_type,Primary title/category identifies a prohibited product or accessory.,w3-v1.4.0-draft,d0a07a9c1ff925682848a1813553d610b7da2ae98bba8347b1ca216756015ad0
strong_exclusion_control,B0BS8ZS3W7,smart_bulb,Electronics,Camera & Photo,WiFi Plug-in Indoor Security Camera 360-degree Wireless 1080P 2.4GHz Pan Tilt Home Smart Surveillance Camera for Pet/Baby Monitor with Night Vision Motion Detection Dog Camera,Electronics Camera & Photo Video Surveillance Surveillance Cameras Dome Cameras,"categories: Electronics Camera & Photo Video Surveillance Surveillance Cameras Dome Cameras | features: Easy Installation: This wireless security bulb camera can be installed with USB charge cable, just connect camera and WiFi through APP (in the same WIFI network environment), which is convenient and fast. If the initial connection is unsuccessful, you can try to reset the device and reconnect. Please turn off the power before replacement 1080P and Intelligent Night Vision:Light Bulb Camera Outdoor Wifi 1080P HD Bulb … | details: Best Sellers Rank Dome Surveillance Cameras 279 Brand FOUAVRTEL Date First Available December 6, 2022 Focus Type Auto Focus Item Weight 9.6 ounces Lens Coating Des",smart_bulb:approved_identity_phrase_absent|smart_bulb:identity_not_in_title_or_categories|smart_bulb:wrong_product:camera|smart_bulb:wrong_product:cameras|smart_bulb:wrong_product:security camera|smart_plug:wrong_product:camera|smart_plug:wrong_product:cameras|smart_plug:wrong_product:security camera,approved_identity_phrase_absent|identity_not_in_title_or_categories|multi-type conflict|wrong_product,title|features,bulb|light bulb,wi fi|wifi,exclude,high,wrong_device_type,Primary title/category identifies a prohibited product or accessory.,w3-v1.4.0-draft,d757ef516a9b3130795ac52bbcb4bdc7a9de113ca3e66e8a663d908d0aa61666
strong_exclusion_control,B0C32S4LHM,smart_bulb,Electronics,Camera & Photo,Fabbay 1080P Light Bulb Security Camera Compatible with WiFi 5G and 2.4GHz 360 Panoramic Camera Outdoor Wireless Camera with E27 Socket Extender Night Vision Two Way Audio Motion Detection (2 Pcs),Electronics Camera & Photo Video Surveillance Surveillance Cameras Dome Cameras,"categories: Electronics Camera & Photo Video Surveillance Surveillance Cameras Dome Cameras | features: 5G Wireless Camera compatible with WiFi: the package comes with 2 pieces of compatible with 2.4GHz/ 5GHz WiFi wireless outdoor bulb cameras with universal light heads; The light base extender can adjust the neck and head vertical angle up to 90 degrees; The head can be rotated 360 degrees horizontally, suitable for 110-250V and up to 150W lighting, it has a 4.5 inches extension to visually see from almost angles you … | description: Features: Our light bulb cameras are ideal for you to send to your family members, colleagues and more. They will feel your concern and love, and your relation",smart_bulb:approved_identity_phrase_absent|smart_bulb:wrong_product:camera|smart_bulb:wrong_product:cameras|smart_bulb:wrong_product:security camera|smart_plug:approved_identity_phrase_absent|smart_plug:wrong_product:camera|smart_plug:wrong_product:cameras|smart_plug:wrong_product:security camera,approved_identity_phrase_absent|multi-type conflict|wrong_product,title|features|description|details,bulb|e27|light bulb,wi fi|wifi,exclude,high,wrong_device_type,Primary title/category identifies a prohibited product or accessory.,w3-v1.4.0-draft,db0442724969c19700b9b563d7c213701a2772c62ec3fdc4e5414ab06a97e7a3
strong_exclusion_control,B07Z738R1K,smart_bulb,Electronics,Amazon Devices,Echo Show (2nd Gen) with Philips Hue Bulb - Alexa smart home starter kit - Charcoal,,,smart_bulb:approved_identity_phrase_absent|smart_bulb:wrong_product:echo|smart_bulb:wrong_product:echo show,approved_identity_phrase_absent|wrong_product,title,bulb,alexa|philips hue|smart home|smart_near_bulb,exclude,high,wrong_device_type,Primary title/category identifies a prohibited product or accessory.,w3-v1.4.0-draft,de715a5f6be03d3a25ff05a61a7d0a6058c005ee125b7bbbf9aab4fad781751a
strong_exclusion_control,B0B3VHPTB9,smart_bulb,Electronics,Camera & Photo,"LUHWYJA 2PC Wireless Light Bulb Security Camera, 5G WiFi 1080p 360 Degree Dome Surveillance Camera Night Vision Light Socket Camera, Smart Home Security Wireless Camerafor Indoor and Outdoor (2PC)",Electronics Camera & Photo Video Surveillance Surveillance Cameras Dome Cameras,"categories: Electronics Camera & Photo Video Surveillance Surveillance Cameras Dome Cameras | details: Best Sellers Rank Dome Surveillance Cameras 5390 Brand LUHWYJA Compatible Devices Smartphone Connectivity Protocol Wi-Fi Controller Type Android Date First Available September 1, 2022 Manufacturer LUHWYJA Recommended Uses For Product Indoor,Outdoor",smart_bulb:approved_identity_phrase_absent|smart_bulb:wrong_product:camera|smart_bulb:wrong_product:cameras|smart_bulb:wrong_product:security camera|smart_plug:approved_identity_phrase_absent|smart_plug:wrong_product:camera|smart_plug:wrong_product:cameras|smart_plug:wrong_product:security camera,approved_identity_phrase_absent|multi-type conflict|wrong_product,title|details,bulb|light bulb,smart home|wi fi|wifi,exclude,high,wrong_device_type,Primary title/category identifies a prohibited product or accessory.,w3-v1.4.0-draft,e002cb06fdf8ea2a1a03b622a128cdd268dbe02a0d5d384bfd2cd57a05b39dd9
strong_exclusion_control,B0B17KB9ZW,smart_bulb,Electronics,Camera & Photo,Birdeem 360-degree Panoramic HD View Smart High-Definition Bulb-Type Surveillance Camera Home Remote Surveillance Camera (A),Electronics Camera & Photo Video Surveillance Surveillance Cameras Dome Cameras,"categories: Electronics Camera & Photo Video Surveillance Surveillance Cameras Dome Cameras | features: ✵✵【1080P Pan Tilt WiFi Security Camera】 This Pan Tilt WiFi camera can provide you with a clear vision (Full HD 1080P resolution) at any time, day or night. The Pan & Tilt allows you to cover 360 monitoring with 1 Single camera!With 1080P HD resolution, home camera displays a crystal clear smooth live video, you can keep an eye on your home anytime anywhere. Camera works with 2.4G WiFi ✵✵【Easy Installation & Wi-Fi Set… | description: … difference caused by different monitors and lights. Product name: Home Remote Surveillance Camera 360-degree Panoramic View Smart High-definition Bulb-type S",smart_bulb:approved_identity_phrase_absent|smart_bulb:wrong_product:camera|smart_bulb:wrong_product:cameras,approved_identity_phrase_absent|wrong_product,title|features|description,bulb|e27|light bulb,smart_near_bulb|wi fi|wifi,exclude,high,wrong_device_type,Primary title/category identifies a prohibited product or accessory.,w3-v1.4.0-draft,e59e2b487356982c5cdc3272b833eb3cd1848517f8a16472661a6e62f3490215
strong_exclusion_control,B01GKN8Y2G,smart_bulb,Home_and_Kitchen,Tools & Home Improvement,"Amagle Led Motion Activated Night Light, Flexible LED Strip Sensor Automatic Bed Light for Bedroom (Dual Sensor)",Home & Kitchen Home Décor Products Home Fragrance Light Bulb Rings,"categories: Home & Kitchen Home Décor Products Home Fragrance Light Bulb Rings | features: Smart Nightlight -- （Only work at Dark environment）Warm soft glow of bed light will turn on to guide you safely across the room in the dark, no disturbing glare to wake others. Energy saving that Only light up when it picks up your movement, auto shut-off, further improve power efficiency and save energy. Motion Sensor- Built-in human body passive infrared motion sensor & light activated sensor, with automatic shut-… | details: Batteries required No Finish types Waterproof Is Discontinued By Manufacturer No Item Weight 12.3 ounces Manufacturer Amagle Number of pieces 2 Package Dimensions 7.8 x 6 x 3 in",smart_bulb:approved_identity_phrase_absent|smart_bulb:smart_evidence_not_in_title_or_categories,approved_identity_phrase_absent|smart_evidence_not_in_title_or_categories,categories,bulb|light bulb,,exclude,high,wrong_device_type,Primary title/category identifies a prohibited product or accessory.,w3-v1.4.0-draft,e7b5664db74f98f3cced0264804b734356fd3f43a18b222133d92c7280352b74
strong_exclusion_control,B0B48WQBS6,smart_bulb,Electronics,Camera & Photo,"Light Bulb Camera, 5G Wireless Home Security Camera,PTZ WiFi Surveillance Camera with E27 Bulb Connector,Two Way Audio,Night Vision,Smart Motion Detection and Instant Alerts,Smart Pan/Tilt/Zoom Lamp",Electronics Camera & Photo Video Surveillance Surveillance Cameras Dome Cameras,"categories: Electronics Camera & Photo Video Surveillance Surveillance Cameras Dome Cameras | features: 【2.4Ghz and 5G Double-band WiFi】 This wireless lightbulb camera outdoor supports 2.4Ghz and 5G Double-band network routers. Connect it to an E27 bulb base, the PTZ lightbulb security camera will auto power on, click add device on the APP and enter your router's password, click ""next"" and the device will generate a QR code, hold it in front of the camera lens, the camera will scan the QR code and start connecting, wai… | details: Best Sellers Rank Dome Surveillance Cameras 3042 Brand Highbrain Connectivity Technology Wireless Date First Available June 16, 2022 Indoor/Outdoor Usage Indoor It",smart_bulb:approved_identity_phrase_absent|smart_bulb:wrong_product:bulb camera|smart_bulb:wrong_product:camera|smart_bulb:wrong_product:cameras|smart_bulb:wrong_product:light bulb camera|smart_bulb:wrong_product:security camera,approved_identity_phrase_absent|wrong_product,title|features,bulb|e27|light bulb,wi fi|wifi,exclude,high,wrong_device_type,Primary title/category identifies a prohibited product or accessory.,w3-v1.4.0-draft,e862f5957abdcb5dce46f157b160de76872e8027cfd639f952aae527e12d5ce1
strong_exclusion_control,B0C6QNV7T7,smart_bulb,Electronics,All Electronics,"Projector with WiFi and Bluetooth, HOMPOW Native 1080P Bluetooth Projectors for Outdoor or Indoor, 7500 Lumen Mini Portable Phone Movie Projector for Laptop, Smartphone, TV Stick, Xbox, PS5",Electronics Video Projectors,"categories: Electronics Video Projectors | features: 【Cellular Network and WIFI Connection】 The smart projector adopt the latest cellular network connection technology, the small projector can realize wireless connection without connecting to a WiFi network. This technology enables wireless connections even outdoors. The WIFI projector is also equipped with a 2.4+5G dual-band WiFi connection, which can realize fast and smooth screen mirroring and airplay functions with… | details: Best Sellers Rank Video Projectors 2193 Brand HOMPOW Brand Name HOMPOW Connectivity Technology Wi-Fi Date First Available March 14, 2023 Display resolution 1920 x 1080 Item Weight 4.11 pounds Package Dimensions 12.",smart_bulb:approved_identity_phrase_absent|smart_bulb:identity_not_in_title_or_categories|smart_bulb:wrong_product:projector,approved_identity_phrase_absent|identity_not_in_title_or_categories|wrong_product,title|features|details,bulb|bulbs|led bulb,bluetooth|wi fi|wifi,exclude,high,wrong_device_type,Primary title/category identifies a prohibited product or accessory.,w3-v1.4.0-draft,e8799e64e49ddf6fd67b81fae5023b93de48daa02c82a2f4ef3ba8442c868856
strong_exclusion_control,B0C5JSJLTR,smart_bulb,Electronics,Camera & Photo,"QAMY 3MP Light Bulb Security Camera 2.4GHz,Bulb 360 Degree Wifi Outdoor Indoor Full Color Day And Night, Lightbulb Motion Detection Alarm, 1-Month Free Trial Of Cloud Services 2PCS",Electronics Camera & Photo Video Surveillance Surveillance Cameras Dome Cameras,"categories: Electronics Camera & Photo Video Surveillance Surveillance Cameras Dome Cameras | features: 💡🎦 【3mp Hd Image & Color Night Vision】 The Camera Light Bulb Can Support 3mp Hd, Which Is Much Clearer Than 1080p, Ensuring You Can See Ultra-Clear Details Both Day And Night. The Outdoor Security Camera Supports Color/Smart/Infrared Night Vision, Giving You The Best Night Vision Experience Whether In Faint Starlight Or Complete Darkness. Bulb Security Camera You Can Easily Access The Camera Bulb From Your Phone/Tabl… | details: Alert Type Motion Only Best Sellers Rank Dome Surveillance Cameras 119 Color 2pc bulb camera Compatible Devices Smartphone Connectivity Protocol Wi-Fi Controller T",smart_bulb:approved_identity_phrase_absent|smart_bulb:wrong_product:camera|smart_bulb:wrong_product:cameras|smart_bulb:wrong_product:security camera|smart_plug:approved_identity_phrase_absent|smart_plug:identity_not_in_title_or_categories|smart_plug:wrong_product:camera|smart_plug:wrong_product:cameras|smart_plug:wrong_product:security camera,approved_identity_phrase_absent|multi-type conflict|wrong_product,title|features|details,bulb|e27|light bulb,alexa|wi fi|wifi,exclude,high,wrong_device_type,Primary title/category identifies a prohibited product or accessory.,w3-v1.4.0-draft,e967a633112a9cd3d8cab18e60cebe75db1e02a4f872422596b15c49d14eaaee
strong_exclusion_control,B01KKK7FJS,smart_bulb,Electronics,All Electronics,FAVI 3T LED LCD (SVGA) Ultra-Bright Video Projector - US Version (Includes Warranty) - Black (RIOHDLED3T),Electronics Video Projectors,"categories: Electronics Video Projectors | features: US Version (Includes Warranty) - Only products shipped from and sold by authorized resellers such as Amazon.com can ensure that you will be receiving products that have a valid warranty Ultra-Bright Home Theater Projector; 60 to 150-inch Image Native Resolution- SVGA (854*540). Supports VGA, SVGA, XGA, 720p, 1080i, 1080p and 4K input resolutions Brightness- 100 Lumen (US) / 10000 Lumen (International) Reverse Imagin… | description: … projector's audio output or the source's audio output to connect to an external surround sound/speaker system).No need to spend hundreds of dollars on a replacement bulb after only a few years of use. The FAVI",smart_bulb:approved_identity_phrase_absent|smart_bulb:identity_not_in_title_or_categories|smart_bulb:wrong_product:projector,approved_identity_phrase_absent|identity_not_in_title_or_categories|wrong_product,description,bulb|led bulb,,exclude,high,wrong_device_type,Primary title/category identifies a prohibited product or accessory.,w3-v1.4.0-draft,ee5e33c86438cb71cb98d0ef6ac1b6d31009a24955b874e6ea6649b7447fa571
strong_exclusion_control,B01LCE8H7A,smart_bulb,Home_and_Kitchen,Amazon Home,"SCOPOW Night Light for Kid, Baby Lighting Moon Star Projector Lamp 360 Degree Rotation Novelty Gift Home LED Bulb 9 Light Color Changing with USB Cable for Men Women Girl Boy",Home & Kitchen Home Décor Products Kids' Room Décor Lamps & Lighting,categories: Home & Kitchen Home Décor Products Kids' Room Décor Lamps & Lighting | features: UNIVERSAL COSMOS & STAR SKY MOON COVER: You would find 2 world in this light. The cosmos and sky night light projector is an incredibly smart night lamp that projects the cosmos or star sky light on the ceiling of your room. These 2 great for arousing curiosity in the kids for universe and astronomical science. You can even locate the galaxy you are living in and a number of stars. 3 MODES: A mode: The Nightlight li… | details: Batteries required No Is Discontinued By Manufacturer No Item Weight 10.5 ounces Item model number 1B201B03H8 Manufacturer SCOPOW Product Dimensions 4.7 x 4.7 x 5.3 inches,smart_bulb:approved_identity_phrase_absent|smart_bulb:smart_evidence_not_in_title_or_categories|smart_bulb:wrong_product:projector|smart_bulb:wrong_product:projector lamp,approved_identity_phrase_absent|smart_evidence_not_in_title_or_categories|wrong_product,title,bulb|led bulb,,exclude,high,wrong_device_type,Primary title/category identifies a prohibited product or accessory.,w3-v1.4.0-draft,f6c462d180a04bed685b7266656e1d9f039c2ccbe68689b7c3bc8df03abeffd6
strong_exclusion_control,B09V52F5H4,smart_bulb,Electronics,Camera & Photo,"Godox LA150Bi Bi-Color LED Video Light 190W 2800K-6500K CRI96+ TLCI97+ 11 FX Light Effects Bowens Mount for Youtubers, Live Streamers, Videomakers, Commercial Producers (Litemons LA150Bi)",Electronics Camera & Photo Lighting & Studio Lighting Continuous Output Lighting,"categories: Electronics Camera & Photo Lighting & Studio Lighting Continuous Output Lighting | features: …, is well prepared to fit in various environments and make creative scenes. A high CRI/TLCI rating of 96+/97+ ensures natural and faithful colors in any application. 【APP Control at Ease & 11 FX light effects】With Godox Light APP, all the adjustments are only a finger-tap away, making it so easy for LA Series to change brightness, color temperature, FX effects, and cooperate with other LED members belonging to the Go… | details: Best Sellers Rank Continuous Output Lighting 681 Brand GODOX Connectivity Technology Bluetooth Country of Origin China Date First Available March 11, 2022 Hardwa",smart_bulb:approved_identity_phrase_absent|smart_bulb:identity_not_in_title_or_categories|smart_bulb:wrong_product:camera,approved_identity_phrase_absent|identity_not_in_title_or_categories|wrong_product,features,bulb,app control|bluetooth,exclude,high,accessory,Primary title/category identifies a prohibited product or accessory.,w3-v1.4.0-draft,fc246568610f567c527a08145eaed526ba7e90e6ad44fa5634b20853f2b7fbe7
strong_exclusion_control,B0BKZW58B4,smart_bulb,Electronics,Camera & Photo,"Tuck Light Bulb Security Camera, 1080P Wireless WiFi Light Bulb Camera, 355 Degree Pan/Tilt Panoramic Surveillance Camera, Smart Motion Detection, Two-Way Audio, 2.4Ghz Only",Electronics Camera & Photo Video Surveillance Surveillance Cameras Dome Cameras,"categories: Electronics Camera & Photo Video Surveillance Surveillance Cameras Dome Cameras | features: 1080P FHD & Night Vision: 1080P HD light bulb camera wifi outdoor provides crystal clear videos and pictures. Built-in infrared Sensor extend the range of night vision reach up to 33 ft. You can also turn on the lights through APP when it's dark. 355 Degree Pan/Tilt Panoramic Security Camera: light bulb security camera are able to rotate 355°horizontally and flip 90°vertically, which allows you to control the viewing… | details: Best Sellers Rank Dome Surveillance Cameras 1609 Date First Available October 31, 2022 Item Weight 8.5 ounces Item model number HT50 Manufacturer Tuck Product Dime",smart_bulb:wrong_product:bulb camera|smart_bulb:wrong_product:camera|smart_bulb:wrong_product:cameras|smart_bulb:wrong_product:light bulb camera|smart_bulb:wrong_product:security camera,wrong_product,title|features,bulb|e27|light bulb,wi fi|wifi,exclude,high,wrong_device_type,Primary title/category identifies a prohibited product or accessory.,w3-v1.4.0-draft,fde5ba56007f4b187abb0623a835bb123a868aa3fc7b8ff97977d79cfef0c64d
