sample_role,parent_asin,proposed_device_type,source_domains,main_category,title,categories_evidence,limited_metadata_evidence,original_exclusion_reason,exclusion_gate_categories,supporting_metadata_fields,matched_device_terms,matched_smart_terms,proposed_decision,confidence,audit_label,audit_notes,draft_version,sampling_rank
positive_control,B07DFNM96Z,smart_switch,Electronics,All Electronics,"ZLINK Z-Wave Plus Smart Light Dimmer with S2 and SmartStart, Amazon Alexa Ready - ZL-WD-100",,,,,title,,,retain_baseline,baseline,correct_target,Positive control retained from frozen W3 v1.3.2.,w3-v1.4.0-draft,0b692a0db474fd8198ce3dc4d1204878f8dba46c186bd3be73bcf6af3156b8c8
positive_control,B07HHR1FZP,smart_switch,Electronics,Tools & Home Improvement,"Smart-Wall-Switch Smart-WiFi-Switch, Meross Remote Control and Timer switches Compatible with Alexa/Google Assistant/IFTTT Fit for US/CA Wall Switches No Hub Needed(2 Packs)",Electronics Accessories & Supplies Power Strips & Surge Protectors Power Strips,,,,title,,,retain_baseline,baseline,correct_target,Positive control retained from frozen W3 v1.3.2.,w3-v1.4.0-draft,a6b807ccf958d82e902675f66b5131178ae58b3b9f4bc787885175d5ea4bad8c
positive_control,B08K46NTDD,smart_switch,Electronics,Tools & Home Improvement,"Legrand - Pass & Seymour Radiant WWRL10LACCV2 Enabled, Light Almond Smart Wi-Fi Switch",Amazon Devices & Accessories Amazon Devices Smart Home Security & Lighting Smart Lighting Smart Light Switches,,,,title,,,retain_baseline,baseline,correct_target,Positive control retained from frozen W3 v1.3.2.,w3-v1.4.0-draft,fa45dc0602ce71ba18b8f6305f3d68ab574b9c58df2b971053e45acbebb22025
recovery_candidate,B081JLKNGW,smart_switch,Home_and_Kitchen,Amazon Home,"Zemismart WiFi Electric Curtain Motor,DIY Tracks with Self-Power Kinetic Switch No Need Battery Wireless Remote Control,Tuya Smart Life WiFi Voice Control Alexa Google Home Control (316)",Home & Kitchen Home Décor Products Window Treatments Curtains & Drapes,"categories: Home & Kitchen Home Décor Products Window Treatments Curtains & Drapes | details: Brand zemismart Date First Available November 25, 2019 Item Weight 11.77 pounds Number of Items 1 Opacity Blackout Package Weight 5.35 Kilograms Pattern Solid Style Modern",smart_switch:approved_identity_phrase_absent|smart_switch:required_target_context_absent,approved_identity_phrase_absent|required_target_context_absent,title,switch,alexa|google home|tuya|voice control|wi fi|wifi,hold,low,insufficient_evidence,Metadata does not clearly establish wall-lighting control.,w3-v1.4.0-draft,001c14e23ff8a91a4c2fa0d9971c419b8645e71b7de2112ccd5f50f824f67a1f
recovery_candidate,B00KOHEPZU,smart_switch,Electronics,,"NETGEAR GS716T 16-Port Gigabit Smart Managed Switch - Switch - L3 Lite - smart - 16 x 10/100/1000 + 2 x Gigabit SFP - desktop, rack-mountable",Electronics Computers & Accessories Networking Products Switches,categories: Electronics Computers & Accessories Networking Products Switches | features: Dynamic VLAN assignment for easy user authentication and location independent access to network | description: ProSafe Gigabit 16 Port Smart Managed Switch with 2 SFP Ports Auto Voice VLAN and Auto Video VLAN help deploy VoIP systems and IP-based surveillance systems Static routing helps to route internal traffic for more efficient use of network resources Energy Efficient Ethernet () support for more energy saving Dynamic VLAN assignment for easy user authentication and location-independent access to network Total Ports: 18 …,smart_switch:approved_identity_phrase_absent|smart_switch:required_target_context_absent|smart_switch:wrong_product:port,approved_identity_phrase_absent|required_target_context_absent|wrong_product,title|description,switch,smart_near_switch,hold,low,insufficient_evidence,Metadata does not clearly establish wall-lighting control.,w3-v1.4.0-draft,003c32f39e538231fcde3f9dfab68722c49e9596f04b162f291102ee3dd00bb8
recovery_candidate,B08BZPVJ2X,smart_switch,Electronics,All Electronics,"Syntech USB to Ethernet Adapter, USB 3.0 to RJ45 10/100/1000 Gigabit LAN Network Adapter Compatible with MacOS[Driver Needed], Windows 10/8.1/8/7/Vista/XP, Chrome OS, Linux, Switch and More.",Electronics Computers & Accessories Networking Products Network Adapters USB Network Adapters,"categories: Electronics Computers & Accessories Networking Products Network Adapters USB Network Adapters | features: 【Stable and Fast】This USB LAN Adapter allows you to connect a faster-wired network to resolve a weak Wi-Fi connection or no ethernet port problem. The firm connection provides a stable network connection. It supports 10/100/1000 Ethernet at USB 3.0 speed for data transfer, game, and video streaming, which is faster and more reliable than most wireless connections. 【Universal Compatibility】The USB male to ethernet fem… | details: Best Sellers Rank USB Computer Network Adapters 1015 Date First Available August 12, 2020 Item Weight 0.634 ounces Item model number USB-C 3.5mm Spli",smart_plug:approved_identity_phrase_absent|smart_plug:identity_not_in_title_or_categories|smart_switch:approved_identity_phrase_absent|smart_switch:required_target_context_absent|smart_switch:smart_evidence_not_in_title_or_categories|smart_switch:wrong_product:ethernet|smart_switch:wrong_product:network,approved_identity_phrase_absent|multi-type conflict|required_target_context_absent|smart_evidence_not_in_title_or_categories|wrong_product,title|features,switch,wi fi|wifi,hold,low,insufficient_evidence,Metadata does not clearly establish wall-lighting control.,w3-v1.4.0-draft,00c6d88ceac6fa2d6cc39949b0bf17e280bbb16d6929859fcdc8cc92587d9be8
recovery_candidate,B08MLDY159,smart_switch,Electronics,Cell Phones & Accessories,"Tihoo Cell Phone Stand for Desk, Portable Tablet Phone Holder Stand with Weighted Base, Angle Height Adjustable Mobile Phone Stand, Phone Stand for All Smart Phone, iPad, Kindle, Switch (Black)",Electronics Computers & Accessories Tablet Accessories Stands,"categories: Electronics Computers & Accessories Tablet Accessories Stands | features: WIDE COMPATIBILITY: Fit all cell phones and tablets, Tihoo universal cell phone stand for desk is compatible with all 4-11” Smart phones, iPad, tablet, kindle, and e-reader. ERGONOMIC DESIGN: This cell phone holder stand for desk is angle and height adjustable. Ergonomics stand design allow you adjust the height and keep it at an appropriate angle for operating and watching phones, iPad and Kindle comfortable, relie… | details: Best Sellers Rank Tablet Stands 588 Brand Tihoo Color Black Compatible Devices Smartphones Compatible Phone Models Cell Phone, Smartphone, iPad, Kindle, Mobile Phone, Smart Phone, Ta",smart_switch:approved_identity_phrase_absent|smart_switch:required_target_context_absent,approved_identity_phrase_absent|required_target_context_absent,title,switch,smart_near_switch,hold,low,insufficient_evidence,Metadata does not clearly establish wall-lighting control.,w3-v1.4.0-draft,01042639110b597f32a1e83e86df784c6e929aebb29246f6074f65c010cd217e
recovery_candidate,B0057P36IQ,smart_switch,Electronics,All Electronics,"Beastron Remote Control Electrical Outlet Switch for Lights and Household Appliances with A 100 ft.Range, White (1Pack)",Electronics Accessories & Supplies Power Strips & Surge Protectors Power Strips,"categories: Electronics Accessories & Supplies Power Strips & Surge Protectors Power Strips | features: Build your smart home: learning functions allows you to programmer one outlet with more Remotes or one Remote with more outlets, extra remote control switch can be also purchased from Beastron and matched to existing units, build your smart home system. Home Appliance assistant: remotely control hard-to-reach appliances and devices from the comfort of your bed or sofa at the push of a button, A great assistant to the…",smart_plug:approved_identity_phrase_absent|smart_plug:smart_evidence_not_in_title_or_categories|smart_switch:approved_identity_phrase_absent|smart_switch:smart_evidence_not_in_title_or_categories,approved_identity_phrase_absent|multi-type conflict|smart_evidence_not_in_title_or_categories,title|features,switch,smart home,hold,low,insufficient_evidence,Metadata does not clearly establish wall-lighting control.,w3-v1.4.0-draft,01eb09afa724034c09facb2261711b84f9299d2fad01ca961319c1c8f9c59dfd
recovery_candidate,B00U3UNDN8,smart_switch,Electronics,Computers,"Zyxel 10 Port 1000/10G-BASE-T Smart Managed Switch Plus 2 Combo SFP+/RJ45, 12 Total Ports [XS1920-12]",Electronics Computers & Accessories Networking Products Switches,"categories: Electronics Computers & Accessories Networking Products Switches | features: Upgrades your network to 10GbE connectivity easily and economically Simplified configuration with user-friendly web-based management GUI Flexible 10G connection to 10G servers and network storage through both copper and fiber ZyXEL One Network experience enables simple network management and maintenance Dual firmware imaging and configuration ensure network availability Future-proofed with IPv6 support Limited life-… | description: …sly faster and more reliable, as well as easy to set up and maintain. To help meet these challenges, ZyXEL has introduced the XS1920-12, a 10GbE smart switch for SMB that eco",smart_switch:approved_identity_phrase_absent|smart_switch:required_target_context_absent|smart_switch:wrong_product:port,approved_identity_phrase_absent|required_target_context_absent|wrong_product,title|description,switch,smart_near_switch,hold,low,insufficient_evidence,Metadata does not clearly establish wall-lighting control.,w3-v1.4.0-draft,03c9163165e98d6f359c65475dd203d4811f8d0857f1534d3ccebf367c1f4f53
recovery_candidate,B0938YJ1LS,smart_switch,Electronics,,"HP Envy 13 Laptop, 13.3"" FHD 1080p Touchscreen, i7-1165G7 EVO, 8GB DDR4 RAM, 1TB SSD, Webcam with Shutter Switch, Backlit Keyboard, Fingerprint Reader, WiFi 6, Bluetooth 5, Windows 10 Home",Electronics Computers & Accessories Computers & Tablets Laptops Traditional Laptops,"categories: Electronics Computers & Accessories Computers & Tablets Laptops Traditional Laptops | features: … 1 x Headphone/Microphone Combo Jack; 1 x Media card reader; HP Wide Vision HD Camera with shutter key; Backlit Keyboard; Fingerprint Reader; B&O Audio with dual speakers; WiFi 6 AX (2x2) and Bluetooth 5.0 combo, Windows 10 Home 64-bit 【Included in the package】128GB MicroSD Card and Mousepad from PConline365 | description: … Media card reader 1 x Power Jack 1 x Power Jack Graphics: Intel Iris Xe Graphics with shared graphics memory Audio: B&O Audio with dual speakers Wireless Connectivity: WiFi 6 AX (2x2) and Bluetooth® 5.0 combo Camera: HP Wide Vision HD Camera with integrated dual a",smart_switch:approved_identity_phrase_absent|smart_switch:required_target_context_absent,approved_identity_phrase_absent|required_target_context_absent,title|features|description,switch,wi fi|wifi,hold,low,insufficient_evidence,Metadata does not clearly establish wall-lighting control.,w3-v1.4.0-draft,0505e33ce61789a797d715342ed9fac9dd54472193b84de11c02948f177272fe
recovery_candidate,B07FXLPCHM,smart_switch,Electronics,All Electronics,"Wireless HDMI Transmitter and Receiver - HDMI 4K @30Hz HD Extender Converter Adapter Kit for 4K Player Streaming Video Audio from Laptop/PC/Tablet/Phone to TV/Projector for Conference,Education, Game",Electronics Home Audio Home Audio Accessories Distribution Selector Switch Boxes,"categories: Electronics Home Audio Home Audio Accessories Distribution Selector Switch Boxes | features: ➤ HDMI TRANSFER ADAPTER - Built-in 2.4GHz/5GHz dual-band WiFi module, high-sensitivity dual antennas, our HDMI dongle wireless transmitter has a transmission distance up to 30M (98.4 ft) and in very small delay, which helps improve the efficiency when sending uncompressed FULL HD 1080p signal from your HDMI devices for meeting rooms and home theater systems. NOTE: This kit only supports 1920*1080P resolution when use… | details: Best Sellers Rank Audio & Video Selector Boxes 800 Brand KIMIOX Cable Type HDMI Color HDMI Switch Compatible Devices Projector, Laptop, Monitor, PC, Television, D",smart_plug:approved_identity_phrase_absent|smart_plug:identity_not_in_title_or_categories|smart_switch:approved_identity_phrase_absent|smart_switch:required_target_context_absent|smart_switch:smart_evidence_not_in_title_or_categories,approved_identity_phrase_absent|multi-type conflict|required_target_context_absent|smart_evidence_not_in_title_or_categories,categories|features|details,switch,wi fi|wifi,hold,low,insufficient_evidence,Metadata does not clearly establish wall-lighting control.,w3-v1.4.0-draft,05911861b23b709c8eb23c7e022dd5736097f30b6354f4de56c3e83649eb31e2
recovery_candidate,B07DWYWCQQ,smart_switch,Electronics,All Electronics,Switchmate KIT6SWMRSRS SimplySmart Rocker Switch Starter Bundle and Rocker Switch Kit,Electronics Home Audio Home Audio Accessories Distribution,"categories: Electronics Home Audio Home Audio Accessories Distribution | features: Includes 2 rocker switches, 1 power outlet and 6 batteries Easy, quick setup of a basic home automation system that can be accessed anywhere Rocker switches automatically turn on lights when someone enters the room All accessories have easy 1-second installation without tools Power outlet can be activated by timer | description: The Switchmate simplysmart rocker switch Starter bundle and rocker switch kit is a fantastic home automation accessory. The smart switches let the user Flip lights on and off from anywhere and control a wall plug. With easy Snap-On design and timers to create the illusion someone's hom",smart_plug:approved_identity_phrase_absent|smart_plug:identity_not_in_title_or_categories|smart_switch:approved_identity_phrase_absent|smart_switch:required_target_context_absent|smart_switch:smart_evidence_not_in_title_or_categories|smart_switch:wrong_product:rocker switch,approved_identity_phrase_absent|multi-type conflict|required_target_context_absent|smart_evidence_not_in_title_or_categories|wrong_product,title|description|details,switch,smart home,hold,low,insufficient_evidence,Metadata does not clearly establish wall-lighting control.,w3-v1.4.0-draft,0606075798d8dd678bbc0f06f01f540edb3e657285a7b2cdf4d2d5d742e4774c
recovery_candidate,B08SBXMLJZ,smart_switch,Home_and_Kitchen,Amazon Home,"2 Pcs 10"" Acrylic Wall Shelf Speaker Stand with Rubbery Surface, Solid Nursery Wall Bookshelf, Invisible Spice Rack, Display Floating Corner Shelf with Cable Clips for Speaker, Webcam, Switch",Home & Kitchen Home Décor Products Home Décor Accents Floating Shelves,"categories: Home & Kitchen Home Décor Products Home Décor Accents Floating Shelves | features: …alarm clock on it. Modern Stylish: Convenient and attractive to hold Small Wireless Speakers/Smartphones/Mirrorless Camera/Baby Monitor/Alarm Clock/for Alexa/Smart Devices in room, kitchen,office etc. USB cord access hole with slot to position and conveniently retain plugs and cords Solid Acrylic Wall Shelve With Rubbery Surface: Made of high quality Acrylic, these shelves are sturdy enough to hold your favorite item… | description: …ightstand? If stray wires are cluttering up your desktop, it's time to pick up a new shelf for your electronics. It's better to show your webcam/Switch etc. Multi-fun",smart_switch:approved_identity_phrase_absent|smart_switch:smart_evidence_not_in_title_or_categories,approved_identity_phrase_absent|smart_evidence_not_in_title_or_categories,title|features|description,switch,alexa,hold,low,insufficient_evidence,Metadata does not clearly establish wall-lighting control.,w3-v1.4.0-draft,06b88370bdf9c8d3f127c3b8945c19c496635527b32dabe821d51c0b6571b12f
recovery_candidate,B00MYXEJ12,smart_switch,Electronics,Office Products,ZMART ZS18-C Smart Switch with Timer Feature,Electronics Security & Surveillance,"categories: Electronics Security & Surveillance | details: Actuator Type Push Button Brand Zmart Connectivity Protocol Wi-Fi Date First Available September 17, 2014 International Protection Rating IP54 Item Dimensions LxWxH 9.75 x 7.25 x 1.5 inches Item Weight 1 pounds Item model number 857000004121 Manufacturer DH-Viatek Manufacturer Part Number ZS18C Mounting Type Wall Mount Product Dimensions 9.75 x 7.25 x 1.5 inches Unit Count 1.0 Count",smart_switch:required_target_context_absent|smart_switch:wrong_product:zmart,required_target_context_absent|wrong_product,title|details,switch,smart_near_switch|wi fi|wifi,hold,low,insufficient_evidence,Metadata does not clearly establish wall-lighting control.,w3-v1.4.0-draft,0760597176bb8f1ab9e20ade2b26fc5588a1c6b20a0ba75c23d3e67a87a5ab1f
recovery_candidate,B07QLGXM59,smart_switch,Electronics,Computers,4 Port Smart Charging hub with Switch on/Off Feature per Port,Electronics Computers & Accessories Computer Accessories & Peripherals USB Hubs,"categories: Electronics Computers & Accessories Computer Accessories & Peripherals USB Hubs | features: … computer to use it as a data/charging hub Automatically handles the charging request when B.C. compliant devices are detected. Per port on/off switch with light indicator Supports fasting charging for tablets and phones. | description: Unique design with switch on/off per port feature. Simultaneously charge four devices at the same time or it can act as a hub when connected to a computer. Product works well with iPAD, tablets and phones. Compliant with USB battery charging specification documented under revision 1.2(BC1.2).",smart_switch:approved_identity_phrase_absent|smart_switch:required_target_context_absent|smart_switch:wrong_product:port,approved_identity_phrase_absent|required_target_context_absent|wrong_product,title|features|description,switch,smart_near_switch,hold,low,insufficient_evidence,Metadata does not clearly establish wall-lighting control.,w3-v1.4.0-draft,07eecd84dcc236885b080cf3354560344c7d7788acccbac26d738010d0314ede
recovery_candidate,B0BN5RG1TD,smart_switch,Electronics,Computers,"Samsung Galaxy Tab A8 10.5” 32GB Android Tablet w/LCD Screen, Long Lasting Battery, Kids Content, Smart Switch, Expandable Memory, US Version, Dark Gray, w/128GB Micro SD Card",Electronics Computers & Accessories Computers & Tablets Tablets,"categories: Electronics Computers & Accessories Computers & Tablets Tablets | features: …brary of safe and fun games, books and videos that are kid friendly and parent approved Easiest. Transfer. Ever: No matter what operating system you're using, Smart Switch makes it a breeze to move your data and favorite files in three easy steps | description: …ry Expandable Memory Compatibility: microSD Compatibility Operating System: Android 11 Operating System Compatibility: Android 11 Works With: Bixby, Google Assistant, SmartThings Connectivity Wireless Connectivity: Wi-Fi Network Connectivity: None Headphone Jack: Yes Power Power Supply Input: USB Type C Charging Interface(s): USB Type C Battery F",smart_switch:required_target_context_absent,required_target_context_absent,title|features|description,switch,google assistant|smart_near_switch|smartthings|wi fi|wifi,hold,low,insufficient_evidence,Metadata does not clearly establish wall-lighting control.,w3-v1.4.0-draft,0888cc78ca0c6e02a23cb637ce6b54396a4d483e399721061ad6ac5337d2c767
recovery_candidate,B01929Y0YQ,smart_switch,Electronics,Computers,TRENDnet Home Smart Switch (with Wireless Extender) THA-101,Electronics Computers & Accessories Networking Products Switches,"categories: Electronics Computers & Accessories Networking Products Switches | features: Quick app based setup Turn a device on/off from any mobile internet connection Powerful N300 wireless repeater extends your existing wireless network Create a weekly on/off schedule Free Apple & Android App Compact form factor stays off the ground by plugging directly into an outlet Remote Power Control Quick app-based setup Turn a device on/off from any mobile internet connection Powerful N300 wireless repeater ext… | description: TREND net's Home Smart Switch with Wireless Extender, model THA-101,is a combination smart electrical outlet and powerful N300 wireless extender. Use the free Apple or Android",smart_plug:approved_identity_phrase_absent|smart_plug:identity_not_in_title_or_categories|smart_switch:required_target_context_absent,multi-type conflict|required_target_context_absent,title|description,switch,smart_near_switch|wi fi|wifi,hold,low,insufficient_evidence,Metadata does not clearly establish wall-lighting control.,w3-v1.4.0-draft,08b1c03e10858e549129bee2e8f181bfa7dcf3e74299db790525f5625c5ffe9d
recovery_candidate,B08YB2K9PD,smart_switch,Electronics,All Electronics,"JVC Gumy Gamer, in Ear Earbud Headphones with Mic, Remote, and Mute Switch for Gaming and Chatting, Powerful Sound, Comfortable and Secure Fit, Silicone Ear Pieces S/M/L - HAFX7GW (White)","Electronics Headphones, Earbuds & Accessories Headphones & Earbuds Earbud Headphones","categories: Electronics Headphones, Earbuds & Accessories Headphones & Earbuds Earbud Headphones | features: …ute and voice chat COLOR CORD - 3. 3 Foot Cord for easy connection with the fear of running out of a battery charge OPTOMIZED SOUND FOR GAMING - Great sound and voice control makes this a great addition to your gaming experience | description: JVC Gumy Gamer, In Ear Earbud Headphones with Mic, Remote, and Mute Switch for Gaming and Chatting, Powerful Sound, Comfortable and Secure Fit, Silicone Ear Pieces S/M/L - HAFX7GW (White) | details: Best Sellers Rank Earbud & In-Ear Headphones 4100 Brand JVC Color White Connectivity Technology Wired Country of Origin Switzerland Date First Avai",smart_switch:approved_identity_phrase_absent|smart_switch:required_target_context_absent|smart_switch:smart_evidence_not_in_title_or_categories,approved_identity_phrase_absent|required_target_context_absent|smart_evidence_not_in_title_or_categories,title|features|description,switch,voice control,hold,low,insufficient_evidence,Metadata does not clearly establish wall-lighting control.,w3-v1.4.0-draft,08e88b985e3f9425a0eeec3685db80c565c746edb88d4b17b71269543c18fad7
recovery_candidate,B00BLXH8NM,smart_switch,Electronics,Computers,"Devicewear Rotating Google Nexus 7 Case First Generation/2012 with Multi-angle Stand, Smart On/Off switch, Black vegan leather","Electronics Computers & Accessories Tablet Accessories Bags, Cases & Sleeves Cases","categories: Electronics Computers & Accessories Tablet Accessories Bags, Cases & Sleeves Cases | features: Leather style case for the Nexus 7 Tablet that doubles as a rotating stand with Smart On/Off switch. Protective outer casing in sturdy, PU with soft, gray microfiber interior. Case held closed magnetically (no clasp or strap). The Nexus 7 Tablet slips into the framed pocket easily and can be rotated horizontally/vertically in one motion. Case provides two convenient viewing/typing angles in landscape mode and two ang… | description: … is a versatile folio case for the Nexus 7 Tablet offering a variety of viewing angles, vertical-horizontal screen rotation and smart On/Off switch when cl",smart_switch:approved_identity_phrase_absent|smart_switch:required_target_context_absent,approved_identity_phrase_absent|required_target_context_absent,title|features|description,switch,smart_near_switch,hold,low,insufficient_evidence,Metadata does not clearly establish wall-lighting control.,w3-v1.4.0-draft,0905217e6d5dede3d8680d61945fd75c30cb5beab9e88769a3fcbbe265649ee4
recovery_candidate,B079Z2SHCX,smart_switch,Electronics,Computers,"TRENDnet 10-Port 2.5GBASE-T Web Smart Switch, 8 x 2.5GBASE-T RJ-45 Ports, 2 x 10G SFP+ Slots, Lifetime Protection, TEG-30102WS, Black",Electronics Computers & Accessories Networking Products Switches,"categories: Electronics Computers & Accessories Networking Products Switches | features: …GMP Snooping, IEEE 802.1p QoS with queue scheduling support Per port MAC restriction and dynamic ARP inspection, Bandwidth control per port 80Gbps switching capacity, 1U rack mountable (brackets included) | description: TRENDnet’s 10-Port 2.5GBASE-T Web Smart Switch with eight 2.5GBASE-T ports and two 10G SFP+ slots, model TEG-30102WS, delivers advanced management features with an 80Gbps switching capacity. The TEG-30102WS is equipped with 2.5GBASE-T RJ-45 ports that provide higher gigabit speeds capable of up to 2.5Gbps over existing Cat5e or better cabling. This rack mountable IPv6 ready switch comes ",smart_switch:required_target_context_absent|smart_switch:wrong_product:port,required_target_context_absent|wrong_product,title|description,switch,smart_near_switch,hold,low,insufficient_evidence,Metadata does not clearly establish wall-lighting control.,w3-v1.4.0-draft,090c11309e788297154cedc14370d3c195607a3ecc9f73334cc4b657355b5501
recovery_candidate,B01MF85F09,smart_switch,Electronics,,Dual DC Power Smart Selection Switch - 2 Inputs to 1 Output,Electronics Computers & Accessories Computer Accessories & Peripherals Uninterruptible Power Supply (UPS),"categories: Electronics Computers & Accessories Computer Accessories & Peripherals Uninterruptible Power Supply (UPS) | features: This Dual DC power smart selection switch has two input ports and one output port. Its output will select from one of two inputs: If Input A port has power, the output will always select Input A. If Input A port has no power, it will automatically switch to Input B port. When Input A port power comes back, it will automatically switch back to Input A ( if Input A is 12V or higher). Features: Wide input range: 9V ~ 30… | description: This Dual DC power smart selection switch has two input ports and one output port. Its output will select from one of two inputs: If ",smart_switch:approved_identity_phrase_absent|smart_switch:required_target_context_absent|smart_switch:wrong_product:power supply,approved_identity_phrase_absent|required_target_context_absent|wrong_product,title|features|description,switch,smart_near_switch,hold,low,insufficient_evidence,Metadata does not clearly establish wall-lighting control.,w3-v1.4.0-draft,0922a1c749dfef285fa63568fac90259262fa9aa6d7dd0f2f3658dcb0721311d
recovery_candidate,B01M0H9IJT,smart_switch,Electronics,Computers,"Netis ST3105GS 5 Port Unmanaged Gigabit Desktop Switch, Energy Saver and Smart Plug & Play",Electronics Computers & Accessories Networking Products Switches,"categories: Electronics Computers & Accessories Networking Products Switches | features: …00Mbps RJ45 ports, Auto-Negotiation & Auto MDI/MDIX IEEE 802.3x flow control for Full Duplex mode and backpressure for Half Duplex mode 10Gbps switching fabric capacity/backplane bandwidth Support 9216-byte jumbo packet length forwarding at wired speed Supports 2K MAC address table, MAC address auto-learning & auto-aging | details: Best Sellers Rank Computer Networking Switches 3500 Brand Netis Color Gigabit 5 Port Compatible Devices Desktop Date First Available September 16, 2016 Included Components 1* ST3105GS Item Dimensions LxWxH 5 x 4 x 3 inches Item Weight 8.5 ounces Item model number ST3105GS Man",smart_plug:wrong_product:plug and play|smart_switch:approved_identity_phrase_absent|smart_switch:required_target_context_absent|smart_switch:wrong_product:port,approved_identity_phrase_absent|multi-type conflict|required_target_context_absent|wrong_product,title|details,switch,smart_near_switch,hold,low,insufficient_evidence,Metadata does not clearly establish wall-lighting control.,w3-v1.4.0-draft,0b3767b550f051e55d4f6dd73fe1bbd0883b0b2766dec7001fef9e735791063e
recovery_candidate,B087FGKBRZ,smart_switch,Home_and_Kitchen,Amazon Home,"YestBuy Acrylic Floating Wall Shelves, 4 Pack Clear Display Shelf, Floating Corner Shelves, Small Display Shelf with Cable Clips for Smart Speaker, Webcam, Switch, Electronics",Home & Kitchen Home Décor Products Home Décor Accents Floating Shelves,"categories: Home & Kitchen Home Décor Products Home Décor Accents Floating Shelves | features: …crylic wall shelf can freestyle decor design and extend storage space. Perfect decor starts from this wall shelves to display Smart Speaker/webcam/Switch/Electronics Pop Figures, for living room, bedroom, bathroom. 【EASY TO INSTALL】The floating Shelf more convenient installation, metope is more beautiful. Equipped with 2 cable clamps and 4 3M adhesive strips. 【MODERN STYLISH】Keep item away from clutter and within tou… | details: Assembly Required Yes Best Sellers Rank Floating Shelves 2929 Home & Kitchen 1029389 Brand YestBuy Date First Available August 3, 2020 Installation Type Wall Mount Item We",smart_switch:approved_identity_phrase_absent,approved_identity_phrase_absent,title|features,switch,smart_near_switch,hold,low,insufficient_evidence,Metadata does not clearly establish wall-lighting control.,w3-v1.4.0-draft,0c41e0da35bdb3fb40e49c135df9c4c31d8c55e0c7bc46332d5a0bfca4f43de5
recovery_candidate,B002D0TL5A,smart_switch,Electronics,Home Audio & Theater,"Netopia® 2247 ADSL2+ Modem, 4-PORT Managed Switch",Electronics Computers & Accessories Networking Products Modems,"categories: Electronics Computers & Accessories Networking Products Modems | features: The affordable, reliable residential gateway for optimized data, video and voice Wi-Fi Protected Setup enables typical users to automatically configure new wireless networks, add new devices and enable security Multiple LAN networking options supports single-user households and home networking Configured to support VoIP and streaming video services Dimensions: 1.2"" H x 5.2"" W x 6.8"" L; weight: 1.2 lbs. | description: The affordable reliable residential gateway for optimized data video and voiceWi-Fi Protected Setup enables typical users to automatically configure new wireless networks add new devices and e",smart_switch:approved_identity_phrase_absent|smart_switch:required_target_context_absent|smart_switch:smart_evidence_not_in_title_or_categories|smart_switch:wrong_product:port,approved_identity_phrase_absent|required_target_context_absent|smart_evidence_not_in_title_or_categories|wrong_product,title|features,switch,wi fi|wifi,hold,low,insufficient_evidence,Metadata does not clearly establish wall-lighting control.,w3-v1.4.0-draft,0d117f11d6d82e7cbaa630eaa7916b814dccf92486fa832b23c06afe9420e111
recovery_candidate,B08Q2Y1DRG,smart_switch,Electronics,Computers,Cisco Business CBS250-24T-4G Smart Switch | 24 Port GE | 4x1G SFP | Limited Lifetime Protection (CBS250-24T-4G-NA),Electronics Computers & Accessories Networking Products Switches,"categories: Electronics Computers & Accessories Networking Products Switches | features: SWITCH PORTS: 24-Port 10/100/1000 + 4 x 1GE SFP SIMPLE: Intuitive Cisco Business Dashboard or on-box U/I simplifies network operations and automates lifecycle management FLEXIBLE: Extensive portfolio provides ultimate flexibility from 8 to 48 ports and PoE+ combinations SECURITY: Integrated with IEEE 802.1X port security to control access to your network, Denial-of- Service (DoS) attack prevention increases network u… | description: The Cisco Business CBS250-24T-4G switch is the next generation of affordable, smart switch that combines powerful network performance, security, and reliability with a compre",smart_switch:required_target_context_absent|smart_switch:wrong_product:port,required_target_context_absent|wrong_product,title|features|description|details,switch,smart_near_switch,hold,low,insufficient_evidence,Metadata does not clearly establish wall-lighting control.,w3-v1.4.0-draft,0e0af2aacb414fd18c4f5420863fa35c4a20848fbe0e2124b59b4e41354a9970
recovery_candidate,B00062WV9U,smart_switch,Electronics,,Netgear ProSafe 48-Port Gigabit Smart Switch (GS748TNA),Electronics Computers & Accessories Networking Products Switches,"categories: Electronics Computers & Accessories Networking Products Switches | features: Contents: 48-port Gigabit Smart Switch GS748T, Rubber footpads, Power cord, Rack-mount kit, Smart Switch Resource CD, Smart Switch Installation guide 4 SFP slots for fiber Gigabit Ethernet modules IEEE 802.1Q Tag VLAN (up to 64 Static VLAN groups) Port-based VLAN (up to 48 groups) IEEE 802.1p (Class of Service) | description: Ideal for combining 10, 100, and 1000 Mbps devices it delivers 10/100/1000 automatic speed and full/half-duplex sensing plus Auto Uplink on every port. | details: Best Sellers Rank Computer Networking Switches 2924 Brand NETGEAR Color blue Compatible Devices Desktop Date First Avail",smart_switch:required_target_context_absent|smart_switch:wrong_product:port,required_target_context_absent|wrong_product,title|features,switch,smart_near_switch,hold,low,insufficient_evidence,Metadata does not clearly establish wall-lighting control.,w3-v1.4.0-draft,0e454c0825ef75756ba02328e76e9d6bb9c6fafc4509accff91177ba960487fe
recovery_candidate,B007TIYZFC,smart_switch,Electronics,Computers,"2019 Acer Switch SW5 10.1"" 1280 x 800 Touchscreen 2-in-1 Tablet Convertible Laptop Computer, Intel Quad-Core Atom x5-Z8350 1.44GHz, 4GB RAM, 64GB eMMC, 802.11ac WiFi, USB 3.1, Windows 10 Professional",Electronics Computers & Accessories Computers & Tablets Laptops Traditional Laptops,"categories: Electronics Computers & Accessories Computers & Tablets Laptops Traditional Laptops | features: Powered by latest Intel Quad-Core Atom x5-Z8350 (1. 44 GHz), Processor Bit support 64-bit 10. 1"" Lcd WXGA touchscreen 1280x800, built-in webcam, 2-in-1 tablet, Intel HD Graphics 4GB system Memory for advanced multitasking; 64GB eMMC flash memory This Ultra compact Memory system is ideal for mobile devices and applications, providing enhanced storage capabilities, streamlined data management, quick boot-up times and … | description: Acer Switch 10. 1"" Touchscreen 2-in-1 Tablet Convertible Laptop Boost your academic performance with this 10. 1-inch Acer Chromebook. The Intel Core x5-Z835",smart_switch:approved_identity_phrase_absent|smart_switch:required_target_context_absent,approved_identity_phrase_absent|required_target_context_absent,title|description|details,switch,wi fi|wifi,hold,low,insufficient_evidence,Metadata does not clearly establish wall-lighting control.,w3-v1.4.0-draft,0e8bfcee6c8649c93dfd2d5c404937e11aecd0486e232422d8b78edf153ff3e1
recovery_candidate,B004OA721C,smart_switch,Electronics,All Electronics,Cisco SG200-08 8-port Gigabit Smart Switch (SLM2008T-NA),Electronics Computers & Accessories Networking Products Switches,"categories: Electronics Computers & Accessories Networking Products Switches | features: … and configuration PoE options are available in both Fast Ethernet and Gigabit Ethernet models, simplifying IP telephony and wireless deployments Switches automatically configure connected IP phones with the right VLAN and quality-of-service parameters to prioritize voice traffic.Status Indicators:Link activity, port transmission speed, system, PoE Speed file transfer times, keep business applications available, | description: Product Description Cisco SG200-08 8-port Gigabit Smart Switch (SLM2008T-NA) From the Manufacturer The Cisco SG200-08 switch is an affordable, 8-port Gigabit Ethernet smart switch",smart_switch:required_target_context_absent|smart_switch:wrong_product:port,required_target_context_absent|wrong_product,title|description,switch,smart_near_switch,hold,low,insufficient_evidence,Metadata does not clearly establish wall-lighting control.,w3-v1.4.0-draft,0f9e8eb6f837dbfb07f4963480a2793a1986c63e28f48b012534a7d38b0ab95f
recovery_candidate,B01EFTOSLI,smart_switch,Electronics,Computers,EnGenius Neutron EWS1200D-10T 8-Port Gigabit Managed Smart Switch,Electronics Computers & Accessories Networking Products Switches,"categories: Electronics Computers & Accessories Networking Products Switches | features: Controller-based or centralized network management via ezmaster software 8 Gigabit Ethernet ports (10/100/1000 Mbps) Configure, manage & monitor up to 50 neutron ews aps via controller mode Scales with your network needs, manage 50+ ews aps via ezmaster software Auto-discovery & provisioning of neutron ews aps | description: Engenius EWS1200D-10T is an 8-Port gigabit layer 2 managed smart switch with wlan controller for simplified network configuration, monitoring, and management options plus ezmaster centralized network management software, a robust, easy-to-use Web-based Tool. Its enterprise-class feat",smart_switch:required_target_context_absent|smart_switch:wrong_product:port,required_target_context_absent|wrong_product,title|description|details,switch,smart_near_switch,hold,low,insufficient_evidence,Metadata does not clearly establish wall-lighting control.,w3-v1.4.0-draft,0fcb731e95f676378d89ff3f4b6eefbfac807761728ff047aa5db7e0a8d5ecc1
recovery_candidate,B09S12ZFVP,smart_switch,Electronics,Computers,"Samsung Galaxy Tab A8 Android Tablet, 10.5” LCD Screen, 64GB Storage, Long-Lasting Battery, Kids Content, Smart Switch, Expandable Memory, Gray, SM-X200NZAZXAR (Renewed)",Electronics Computers & Accessories Computers & Tablets Tablets,"categories: Electronics Computers & Accessories Computers & Tablets Tablets | features: A Screen Everyone Will Love: Whether your family is streaming or video chatting with friends, the Galaxy Tab A8 tablet brings out the best in every moment on a 10.5"" LCD screen Power and Storage for All: Get the power, storage and speed your family needs with an upgraded chipset and plenty of room to keep files — up to 128GB of storage; A long-lasting battery lets you go unplugged for hours to keep the family fun go… | description: When it comes to family, sharing is caring. Bring home a quality tablet everyone can easily enjoy with Samsung Galaxy Tab A8, the awesomely entertaining tablet enhanced by the ",smart_switch:required_target_context_absent,required_target_context_absent,title,switch,smart_near_switch,hold,low,insufficient_evidence,Metadata does not clearly establish wall-lighting control.,w3-v1.4.0-draft,0fea8b5506e1680aa6b5c8c29d93f0d51999437b6604adc1de1fbe9a2a0ed0d2
recovery_candidate,B00V4TJR00,smart_switch,Home_and_Kitchen,Tools & Home Improvement,WILLHI WH1436A 10A Temperature Controller 110V Digital Thermostat Switch Sous Vide Controller NTC 10K Sensor Improved Version,Home & Kitchen Kitchen & Dining Small Appliances Specialty Appliances Sous Vide Machines,"categories: Home & Kitchen Kitchen & Dining Small Appliances Specialty Appliances Sous Vide Machines | features: …! Simplified operation, larger power, wider control range, standard U.S. outlet, enhanced waterproof sensor probe. Get the new version right now. NO WIFI connection! HEATING OR REFRIGERATION WORKING MODE: Switch between heating mode and refrigeration mode according to the settings and device you plug into the controller. NO wifi connection! MAX LOAD: Rated for 10A,1100W at 110V. Outlet not compatible with 2 hot lines… | description: …setting after power off: YES 11. press or delay protection: YES 12. High and Low Temperature alarm: Yes 13. Product size: 4. 9x3. 6x1. 8 inch (12. 5",smart_plug:approved_identity_phrase_absent|smart_plug:identity_not_in_title_or_categories|smart_switch:approved_identity_phrase_absent|smart_switch:required_target_context_absent|smart_switch:smart_evidence_not_in_title_or_categories,approved_identity_phrase_absent|multi-type conflict|required_target_context_absent|smart_evidence_not_in_title_or_categories,title|features|description,switch,wi fi|wifi,hold,low,insufficient_evidence,Metadata does not clearly establish wall-lighting control.,w3-v1.4.0-draft,100fe819c900c8da517732f33ca6716c04a768a2f58287be8b0806f25df134e5
recovery_candidate,B00L0LDYME,smart_switch,Electronics,Computers,"Cisco SG220-26-K9 26-Port Gigabit Smart Plus Switch, Black",Electronics Computers & Accessories Networking Products Switches,"categories: Electronics Computers & Accessories Networking Products Switches | features: Total Number of network Ports: 26 Layer supported: 2 Number of total expansion Slots: 2 Memory storage capacity: 128.0 MB | description: In today's fast-paced business environment, business owners are becoming more selective in it investment, including the network infrastructure. The network is a critical platform for business productivity, and a fast, reliable, and secure network is more important than ever to help you stay ahead of the competition and grow your business. With a limited budget, GETTING the most value for your money becomes especiall…",smart_switch:approved_identity_phrase_absent|smart_switch:required_target_context_absent|smart_switch:wrong_product:port,approved_identity_phrase_absent|required_target_context_absent|wrong_product,title|details,switch,smart_near_switch,hold,low,insufficient_evidence,Metadata does not clearly establish wall-lighting control.,w3-v1.4.0-draft,119e06fab86eb49f9682cc3c27cfc5175093290ef969cef33527b310b251c299
recovery_candidate,B071CTF9DN,smart_switch,Home_and_Kitchen,Amazon Home,"Mini USB Metal Table Fan,Touch Switch with Smart Sensor 2 Speed Circulation Technology Adjust Indoor Air Flow for Family Office (Black)",,"details: Control Method Touch Controller Type Button Control Date First Available July 23, 2017 Electric fan design Table Fan Included Components Cord Indoor/Outdoor Usage Indoor Is Discontinued By Manufacturer No Item Weight 10.2 ounces Item model number YC-012F Mounting Type Tabletop Number of Blades 3 Number of Speeds 2 Power Source Corded Electric Product Dimensions 4.49 x 4.49 x 4.49 inches Recommended Uses For Product …",smart_switch:approved_identity_phrase_absent|smart_switch:required_target_context_absent,approved_identity_phrase_absent|required_target_context_absent,title,switch,smart_near_switch,hold,low,insufficient_evidence,Metadata does not clearly establish wall-lighting control.,w3-v1.4.0-draft,11a928a2b0769f0596eb85600abeb17ff21be49701a7952d881e8d8ae55d154e
recovery_candidate,B002WN8UHS,smart_switch,Electronics,,NETGEAR ProSafe 16-Port Fast Ethernet Unmanaged Plus Switch FS116E,Electronics Computers & Accessories Networking Products Switches,"categories: Electronics Computers & Accessories Networking Products Switches | features: Use as a Plug-and-Play switch or use the configuration utility for simple setup Support network monitoring, traffic prioritization and virtual network groups Green Ethernet for reduced power consumption | description: Product Description Gigabit Switching with Wireless-N for Faster Network Performance, Wireless-N technology for faster wireless speeds and range, Four Gigabit Ethernet ports deliver ultra-fast wired connections, ReadyShare provides fast and easy shared access to an external USB storage device, Live Parental Controls powered by OpenDNS blocks unsafe internet content and applications, Broadba",smart_plug:approved_identity_phrase_absent|smart_plug:identity_not_in_title_or_categories|smart_switch:approved_identity_phrase_absent|smart_switch:required_target_context_absent|smart_switch:smart_evidence_not_in_title_or_categories|smart_switch:wrong_product:ethernet|smart_switch:wrong_product:port,approved_identity_phrase_absent|multi-type conflict|required_target_context_absent|smart_evidence_not_in_title_or_categories|wrong_product,title|features|description,switch,wi fi|wifi,hold,low,insufficient_evidence,Metadata does not clearly establish wall-lighting control.,w3-v1.4.0-draft,12417fc62f51fd8096e470572c0b775928999f41742d0d008ab52f44641d38c8
recovery_candidate,B0964TPJPB,smart_switch,Electronics,All Electronics,"JVC Gumy Gamer, in Ear Earbud Headphones with Mic, Remote, and Mute Switch for Gaming and Chatting, Powerful Sound, Comfortable and Secure Fit, Silicone Ear Pieces S/M/L - HAFX7GR (Red)","Electronics Headphones, Earbuds & Accessories Headphones & Earbuds Earbud Headphones","categories: Electronics Headphones, Earbuds & Accessories Headphones & Earbuds Earbud Headphones | features: …and voice chat COLOR CORD - 3. 3 Foot Cord for easy connection with the fear of running out of a battery charge OPTOMIZED SOUND FOR GAMING - Great sound and voice control makes this a great addition to your gaming experience Connectivity technology: Wired | details: Brand JVC Color Orange Connectivity Technology Wired Form Factor In Ear Model Name HAFX7G",smart_switch:approved_identity_phrase_absent|smart_switch:required_target_context_absent|smart_switch:smart_evidence_not_in_title_or_categories,approved_identity_phrase_absent|required_target_context_absent|smart_evidence_not_in_title_or_categories,title|features,switch,voice control,hold,low,insufficient_evidence,Metadata does not clearly establish wall-lighting control.,w3-v1.4.0-draft,1361ede3c37b92b37120cb06086c011f61051e1c38b230893d1ac349ea1a6493
recovery_candidate,B08HCBW627,smart_switch,Electronics,Amazon Devices,"Made for Amazon BLE Smart Switch, Gen3 Compatible with Echo v4, Echo Dot v3&v4, Echo Flex, Echo Input, Echo Show 5 & 8, and Echo Studio.",Amazon Devices & Accessories Amazon Device Accessories,"categories: Amazon Devices & Accessories Amazon Device Accessories | features: [EASY INSTALLATION] No wiring required. Snaps on top of an existing toggle or rocker light switch and mechanically controls the underlying switch. [ALEXA ENABLED] Turn your light on/off using voice commands or set to a schedule by creating Alexa routines. [WIDE RANGE OF USES] No neutral wire required. Works with any voltage (12v, 24v, 110v, 220v). Ideal solution for low-voltage switches like those used with gas firep… | description: The Third Reality Smart Switch Gen3 is a simple solution for automating your wall switches. It mechanically turns existing Toggle or Rocker switches on /off. Smart Switches can be plac",smart_switch:required_target_context_absent,required_target_context_absent,title|features|description,existing toggle|light switch|neutral wire|switch,alexa|smart_near_switch,include,medium,correct_target,"Primary switch identity, wall-lighting context, and connected-control evidence are all present.",w3-v1.4.0-draft,1418ec6ffe332c0b6c9d0cd43f9191d902cb12da9370790be518c9aa95b5e02a
recovery_candidate,B07LH1Q2X8,smart_switch,Home_and_Kitchen,Tools & Home Improvement,Dinosaur Night Lights NHSUNRAY 3D Dinosaur Illusion Lamp 7 Colors Changing Smart Touch Switch Decor Lamp Christmas Birthday Valentine Gifts for Boys Girls Kids Baby Lover (Dinosaur A),Home & Kitchen Home Décor Products Kids' Room Décor Lamps & Lighting,"categories: Home & Kitchen Home Décor Products Kids' Room Décor Lamps & Lighting | features: … impact. Unique lighting effects amazing optical visual illusion home decor lamp, It makes your room more interesting. 【Multicolor and Smart Touch Switch】The Dinosaur night light has 7 colors change: white,red, green, blue, yellow, cyan, purple. You can get any color you want by taping the smart touch switch to change the models( 7 fixed color or 2 flashing color) 【Durable & Energy Saving】The base includes 10 high li… | description: Specification: Material: acrylic,ABS Voltage: 5V LED Life span: 100,000 hours Power Source:USB or 3 x AA battery(batteries not included) Features: - 3d optical illusion ",smart_plug:approved_identity_phrase_absent|smart_plug:identity_not_in_title_or_categories|smart_switch:approved_identity_phrase_absent,approved_identity_phrase_absent|multi-type conflict,title|features|details,switch,smart_near_switch,hold,low,insufficient_evidence,Metadata does not clearly establish wall-lighting control.,w3-v1.4.0-draft,1505683d853bc5111b3733f31c01a84861d5154a69abc7e365b24c9243c1209b
recovery_candidate,B0BM3PT2ML,smart_switch,Electronics,Tools & Home Improvement,AC110V Strobe Siren Industrial Warning Light and Sound Emergency Panic Alarm can Work with Smart Switch Plug (Not Include),Electronics Security & Surveillance Horns & Sirens,"categories: Electronics Security & Surveillance Horns & Sirens | features: Sound&flash Strobe Siren will Alarm When Connect AC Power Size:111x53x50mm(4.4“x2.1”x2"") Sound: 100 (dB/1m) Working Voltage: From 90V to 250V AC,Rated Current (mA): 300mA@110V AC Package Content: 1x Strobe Horn; Color: Red. | description: Wired Strobe Siren Durable AC90 to 250V Sound Alarm Flashing Light Strobe Siren Home Security Alarm Working voltage: 90 to 250V AC Rated current: 300mA Sound pressure: 100 (dB/1m) Size:111 * 53 * 50mm | details: Batteries Included? No Batteries Required? No Best Sellers Rank Electronics 22370 Security Horns & Sirens 70 Country of Origin China Date First Available November 11, 2022 In",smart_plug:approved_identity_phrase_absent|smart_switch:required_target_context_absent,multi-type conflict|required_target_context_absent,title,switch,smart_near_switch,hold,low,insufficient_evidence,Metadata does not clearly establish wall-lighting control.,w3-v1.4.0-draft,174a2aba2ccbf25cb6adf397d3f0a2dd8059ccfa39b131097363d89070cf0821
recovery_candidate,B0085MQN7E,smart_switch,Electronics,Computers,"NETGEAR 52-Port Gigabit Stackable Smart Switch (GS752TSB) - 48 x 1G, Managed, with 6 x 1G/2.5G SFP, Desktop or Rackmount, and Limited Lifetime Protection",Electronics Computers & Accessories Networking Products Switches,"categories: Electronics Computers & Accessories Networking Products Switches | features: 48 Gigabit Ethernet ports 4 x 1G SFP (2 are shared) and 2 x 1G/2.5G SFP ports Smart software with easy-to-use interface offers managed control for secure setup, access, and SNMP (NMS 300) management. Supports desktop or rackmount placement with the necessary mounting hardware in the box Energy efficient design compliant with IEEE802.3az Quiet operation | description: The NETGEAR GS752TSB Stackable Smart Managed Pro Switch is designed for desktop or rackmount and features 48-Ports of Gigabit Ethernet, 4 x 1G SFP ports (2 are shared), 2 x 1G/2.5G SFP, ProSAFE Lifetime Protection and more.",smart_switch:required_target_context_absent|smart_switch:wrong_product:port,required_target_context_absent|wrong_product,title|description,switch,smart_near_switch,hold,low,insufficient_evidence,Metadata does not clearly establish wall-lighting control.,w3-v1.4.0-draft,18ce2ce03507b13ffadf649e3459d10d099d5a26aa878c538e743f80daff8a92
recovery_candidate,B07N97Y7MP,smart_switch,Electronics,Computers,5-Port Gigabit Ethernet Easy Smart Switch | Unmanaged Pro | Plug and Play | Desktop | Sturdy Metal w/Shielded Ports | Limited Lifetime Replacement (TL-SG105E) (Renewed),Electronics Computers & Accessories Networking Products Switches,"categories: Electronics Computers & Accessories Networking Products Switches | features: 5-Gigabit ports provide instant large file transfers 15K Jumbo frame improves performance of large data transfers Effective network monitoring via Port Mirroring, Loop Prevention and Cable Diagnostics Abundant VLAN features improve network security via traffic segmentation IGMP Snooping optimizes multicast applications Port and tag-based QoS enable smooth latency-sensitive traffic LIMITED LIFETIME WARRANTY and 24/7 … | description: This pre-owned or refurbished product has been professionally inspected and tested to work and look like new. How a product becomes part of Amazon Renewed, your destination fo",smart_plug:approved_identity_phrase_absent|smart_plug:wrong_product:plug and play|smart_switch:required_target_context_absent|smart_switch:wrong_product:ethernet|smart_switch:wrong_product:port,multi-type conflict|required_target_context_absent|wrong_product,title|details,switch,smart_near_switch,hold,low,insufficient_evidence,Metadata does not clearly establish wall-lighting control.,w3-v1.4.0-draft,1afdc370282adcc4c8325bc0c304da55e307e40fc39e63c5402d18913ddcfcac
recovery_candidate,B00T3VMVX6,smart_switch,Electronics,Tools & Home Improvement,"Smart Switch 858176004205 Multi Purpose Switch, White",Electronics Security & Surveillance Home Security Systems,"categories: Electronics Security & Surveillance Home Security Systems | features: Set up automated on/off schedules Control over dangerous appliances Monitor energy use This model is for US and Canada only, and requires an iSmartAlarm CubeOne (hub) | description: The Smart Switch gives you control over your appliances, electronics, and wall outlets. It sets up automated schedules, make sure dangerous appliances are turned off, monitor energy use, never allow you to walk into a dark home again. | details: …atteries Included? No Batteries Required? No Best Sellers Rank Home Security Systems 3353 Brand iSmartAlarm Color white Connectivity Protocol Wi-Fi Control Method App Date First Available F",smart_switch:required_target_context_absent,required_target_context_absent,title|description|details,switch,smart_near_switch|wi fi|wifi,hold,low,insufficient_evidence,Metadata does not clearly establish wall-lighting control.,w3-v1.4.0-draft,1b3ed73c46036d18614d146dc0263c99f70ea1a67529391e4499364f26f33c8c
recovery_candidate,B081ZV644N,smart_switch,Electronics,Computers,"iPad Keyboard Case for 10.2"" iPad 8th Gen 2020/7th Gen 2019,iPad Air 3rd Gen 10.5,iPad Pro 10.5 2017-Backlit Bluetooth Keyboard-Smart Switch-Protective Hard Shell-Auto Wake/Sleep-Ultra Slim(Rose Gold)","Electronics Computers & Accessories Tablet Accessories Bags, Cases & Sleeves Keyboard Cases","categories: Electronics Computers & Accessories Tablet Accessories Bags, Cases & Sleeves Keyboard Cases | features: …ent visual enjoyment and comfortable typing experience.You could have no hassle to work or use your iPad even in dark environment. 【SMART & PROTECTIVE CASE】Intelligent Switch makes keyboard On and Off automatically and the Auto sleep/wake function wakes or puts the iPad into sleep mood when you are opening or closing the cover, Which protects and conserves battery life of iPad as well as keyboard. Durable aluminum al… | description: AN ESSENTIAL FOR EVERY IPAD USER -Our protective and highly functional iPad Keyboard Case combines a sleek, elegant and practical design, allowing",smart_switch:required_target_context_absent,required_target_context_absent,title|features,switch,smart_near_switch,hold,low,insufficient_evidence,Metadata does not clearly establish wall-lighting control.,w3-v1.4.0-draft,1b684de3e6f7c9b54aa2f7094859d702774e21bf6e3239235a7e7586c4c18dbf
recovery_candidate,B01F1Z7DEE,smart_switch,Electronics,Computers,"Acer Switch Alpha 12 2-n-1, 12"" QHD Touch, Intel Core i3, 4GB Memory, 128GB SSD, Windows 10 Home, SA5-271-39N9",Electronics Computers & Accessories Computers & Tablets,"categories: Electronics Computers & Accessories Computers & Tablets | features: 6th Generation Intel Core i3-6100U Processor 2.3GHz 12"" QHD Touchscreen (2160 x 1440), Intel HD Graphics 520 4GB LPDDR3 Memory, 128GB SSD, No Optical Drive USB 3.1 (Type-C) Port Windows 10 Home, Up to 8-hours Battery Life | description: Acer Aspire Switch Alpha 12 SA5-271-39N9 2-in-1 comes with these high level specs: 6th Generation Intel Core i3-6100U Processor, Windows 10 Home, 12.1"" QHD 2160 x 1440 resolution, LED-backlit IPS (In-Plane Switching) technology with integrated 10-point multi-touch screen, supporting finger touch and image auto rotation (3:2 aspect ratio), Intel HD Graphics 520, Acer True Harmony H",smart_switch:approved_identity_phrase_absent|smart_switch:required_target_context_absent|smart_switch:smart_evidence_not_in_title_or_categories,approved_identity_phrase_absent|required_target_context_absent|smart_evidence_not_in_title_or_categories,title|description,switch,wi fi|wifi,hold,low,insufficient_evidence,Metadata does not clearly establish wall-lighting control.,w3-v1.4.0-draft,1bfac3cb951b6db1096c7c0235c9015bff315ac4062081758b3d45ad0957fff6
recovery_candidate,B01LERDH8Y,smart_switch,Electronics,Office Products,"VH Ultra-Quiet USB Powered Portable Desk Fan, Touch Switch with Smart Sensor",Electronics Computers & Accessories Computer Accessories & Peripherals USB Gadgets USB Fans,"categories: Electronics Computers & Accessories Computer Accessories & Peripherals USB Gadgets USB Fans | features: Intelligent touch switch: the use of intelligent touch chip, gently touch the metal cylinder any position, switch and shift can be achieved. Bid farewell to the button, a touch can enjoy the cool wind. Mute and wind two adjustable: quiet and cool can have both. Power on default for a file mode, the noise as low as 40 decibels, so you enjoy the soft sleep wind. Touch the fuselage switch to two stalls wind mode, simula… | description: Specifications: Materials: metal alloy/PP resin/ PU leather Interface: USB 2.0/3.0 Electric power supply: DC 5V(fixed)500mA or above(supplied from ",smart_switch:approved_identity_phrase_absent|smart_switch:required_target_context_absent,approved_identity_phrase_absent|required_target_context_absent,title|features,switch,smart_near_switch,hold,low,insufficient_evidence,Metadata does not clearly establish wall-lighting control.,w3-v1.4.0-draft,1c3e87c1a9570b1fb416397b6fc203c83dc1cc0c69106b4cedbe60200cd16bd9
recovery_candidate,B0745H63RG,smart_switch,Electronics,,"Edimax XGS-5008, 8 Port 10G Web Smart Managed Switch, Supports 802.1Q VLAN, IPv4/IPv6, Auto Fault-Detection for Current and Voltage (XGS-5008),Access Control List (ACL) Support,IPv4/IPv6 Network",Electronics Computers & Accessories Networking Products Switches,categories: Electronics Computers & Accessories Networking Products Switches | features: Switch capacity: 160Gbps & forwarding rate: 119Mpps Access control List (ACL) support Auto fault-detection on over/under current & Voltage Supports IPv4/IPv6 network operation Igmp snooping V1/V2 support | description: Edimax Pro GS-5008 is a web-smart switch with 8-port 10GbE. High-speed 10GbE networks are no longer a platform that only large enterprises can afford. The increasing adoption of 10GbE NIC adapters by server and storage vendors is opening up the opportunity for 10GbE connectivity deployment for customers of all sizes – and the XGS-5008 features standard 1U rack-mount brackets for integratio,smart_switch:approved_identity_phrase_absent|smart_switch:required_target_context_absent|smart_switch:wrong_product:network|smart_switch:wrong_product:port,approved_identity_phrase_absent|required_target_context_absent|wrong_product,title|features|description,switch,smart_near_switch,hold,low,insufficient_evidence,Metadata does not clearly establish wall-lighting control.,w3-v1.4.0-draft,1e928257a86646d5f52e1bd78c60b1137011ab7f0ebd94bd91338aee1a055921
recovery_candidate,B0B8783HJZ,smart_switch,Electronics,All Electronics,"atolla 7-Port USB 3.0 Hub Splitter, USB Extender Ultra Slim Data USB Hub with Individual Power Switch and LEDs",Electronics Computers & Accessories Networking Products Hubs,"categories: Electronics Computers & Accessories Networking Products Hubs | features: …e of up to 5Gbps and quickly complete transmission of large files within seconds, set aside less time for syncing and more time for work. Individual Switches and LED: Each port is equipped with a convenient ON/OFF switch for control separately and save power without the hassle of unplugging, with an LED indicator to know the working status at a glance. Great Compatibility: Plug and play, no driver needed, compatible … | details: Brand atolla Color Black Compatible Devices Headphones, Keyboards, Speakers Hardware Interface USB, USB 3.0 Special Feature Play, Plug",smart_plug:approved_identity_phrase_absent|smart_plug:identity_not_in_title_or_categories|smart_switch:approved_identity_phrase_absent|smart_switch:required_target_context_absent|smart_switch:smart_evidence_not_in_title_or_categories|smart_switch:wrong_product:port,approved_identity_phrase_absent|multi-type conflict|required_target_context_absent|smart_evidence_not_in_title_or_categories|wrong_product,title|features,switch,wi fi|wifi,hold,low,insufficient_evidence,Metadata does not clearly establish wall-lighting control.,w3-v1.4.0-draft,1eae4ed3305fa59260307e1d2d60881cf9f27a38815d24dcb1b6a7426898d1d2
recovery_candidate,B00255O9EG,smart_switch,Electronics,All Electronics,ViewHD HDMI Three Port 3x1 Smart / Auto Switcher / Switch with Remote,Electronics Home Audio Home Audio Accessories Distribution Selector Switch Boxes,"categories: Electronics Home Audio Home Audio Accessories Distribution Selector Switch Boxes | features: Switch easily between any three HDMI sources Automatic signal detection; Full HD 1080P No power adapter needed; Supports 25Meters HDMI Cable on both ends of the Switcher Support HDMI 1.3b; Support 12-bit Deep Color ViewHD One Year Replacement Warranty | description: This is a high performance mini HDMI Switcher. It is compatible to HD-DVD, blu-ray, STV,PS3, Xbox36, etc. Support multiple resolutions up to 1080p. The HDMI Amplifier Switcher not only has the key-press-switching function, but also has the IR remote control and intelligent function. That is to say, as soon as the power supply ",smart_switch:approved_identity_phrase_absent|smart_switch:required_target_context_absent|smart_switch:wrong_product:port,approved_identity_phrase_absent|required_target_context_absent|wrong_product,title|categories|features,switch,smart_near_switch,hold,low,insufficient_evidence,Metadata does not clearly establish wall-lighting control.,w3-v1.4.0-draft,1f93c1206f4f4bfe9ca2be118768d547872eeaa5f233799cac148291411b9b20
recovery_candidate,B06XJLG3WV,smart_switch,Electronics,Computers,"ZYXEL 24-Port Gigabit Ethernet Smart Switch (GS1900-24E) - Managed, Small Form Factor, Limited Lifetime Protection",Electronics Computers & Accessories Networking Products Switches,"categories: Electronics Computers & Accessories Networking Products Switches | features: PORT CONFIGURATION - Fast networking performance with 24 Gigabit Ethernet ports SUPER QUIET FOR A BETTER INTEGRATION IN ANY ENVIRONMENT - Fanless design ensures quiet operation and higher reliability over time SMART MANAGED - Get up and running in minutes: Web-based setup wizard enables simple and fast configuration and management LAYER 2 FEATURES - VLAN, QoS, IGMP Snooping, Link Aggregation (LAG), IPv6 and DoS prev… | details: Best Sellers Rank Computer Networking Switches 305 Brand ZYXEL Color Black Compatible Devices PC Date First Available November 21, 2013 Included Components ET Is Discontinued By M",smart_switch:required_target_context_absent|smart_switch:wrong_product:ethernet|smart_switch:wrong_product:port,required_target_context_absent|wrong_product,title,switch,smart_near_switch,hold,low,insufficient_evidence,Metadata does not clearly establish wall-lighting control.,w3-v1.4.0-draft,2390cfb5a9c6d7353e8cfcc82cd3f101d65e7d6b214c5579ecef434dab1871f5
recovery_candidate,B07WJZMFDV,smart_switch,Electronics,Computers,Makeronics Model B Golden Armor Case with Assembly Instruction | Aluminium Alloy Case with Dual Fan | Support GPIO Rainbow Ribbon Cable | Power Switch Cable TypeC,Electronics Computers & Accessories Computer Components Single Board Computers,"categories: Electronics Computers & Accessories Computer Components Single Board Computers | features: …performance. The dual Fan are assembled well before shipment. ✔ [Open Case Design and Easy To Use] GPIO is easily access to use. Open case design no impact to wifi signal. Fully support 40Pin GPIO rainbow cable with GPIO adaptor. Detailed instruction manual included.. | description: …oy Case4 x Screw. (The dual Fan are assembled well before shipment)3 x Thermal Tape1 x Screwdriver1 x GPIO adaptor1 x instruction manual 1 x Power switch cable 1x USB Micro-2-typec adaptor. | details: Brand Makeronics Color Golden Cooling Method Air Date First Available August 14, 2019 Fan Count 3 Item Dimensi",smart_switch:approved_identity_phrase_absent|smart_switch:required_target_context_absent|smart_switch:smart_evidence_not_in_title_or_categories,approved_identity_phrase_absent|required_target_context_absent|smart_evidence_not_in_title_or_categories,title|features|description,switch,wi fi|wifi,hold,low,insufficient_evidence,Metadata does not clearly establish wall-lighting control.,w3-v1.4.0-draft,25f9ee03d4359e51a3225d81e8a323aab2eeb85cb5dde78742cd9df398a629ae
recovery_candidate,B0B3RYGXKH,smart_switch,Electronics,Camera & Photo,"YC Onion Hot Dog SE Motorized Camera Slider 80cm with App Control,Switch Multiple Modes,Compatible with Zhiyun stabilizers and DJI Ronin-S,RS2",Electronics Camera & Photo Video Camera Supports & Stabilizers Camera Sliders,categories: Electronics Camera & Photo Video Camera Supports & Stabilizers Camera Sliders | features: [High-precision 100% Carbon Fiber Rail] :Reduce the weight of the slider.An easy carry-on.Improve overall stability and durability. [Switch between Manual and Motorized] :Use quick-attach belt buckle.Instant switch between manual and motorized mode. [Long Running Time] :Powered by external power and Type-c charging port.NP-F550 battery lasts around 4 hours.10000mAh power bank lasts around 15 hours. [Large-diameter Di… | details: Brand YC Onion Compatible Devices Camera Item Dimensions LxWxH 39.37 x 11.02 x 5.51 inches Item Weight 3.6 Kilograms Maximum Weight Recommendation 5 Kilograms Produc,smart_switch:approved_identity_phrase_absent|smart_switch:required_target_context_absent,approved_identity_phrase_absent|required_target_context_absent,title|features,switch,app control,hold,low,insufficient_evidence,Metadata does not clearly establish wall-lighting control.,w3-v1.4.0-draft,2a3be01b39ff25e5daa1793b40bc2549f3da7f8d830f71fadfd7dd2020c88775
recovery_candidate,B09QKFY5HC,smart_switch,Electronics,Video Games,"PURTCH Newest 2022 Model Switch OLED Display with White Controllers and Dock - 7"" 1280 x 720 OLED Touchscreen Display, 64GB Internal Storage, 802.11AC WiFi, Bluetooth 4.1, Ethernet, Type-C",Electronics Computers & Accessories Computers & Tablets Tablets,"categories: Electronics Computers & Accessories Computers & Tablets Tablets | features: 7-Inch OLED screen - Enjoy vivid colors and crisp contrast with a screen that makes colors pop Wide adjustable Stand - freely angle the system's wide, adjustable Stand for comfortable viewing in tabletop mode Wired LAN port - Use the dock's LAN port when playing in TV mode for a wired Internet connection 64 GB internal storage - save games to your system with 64 GB of internal storage Enhanced audio - Enjoy enhanced… | details: …uter Tablets 3483 Electronics 246274 Country of Origin China Date First Available January 17, 2022 Item Weight 3.19 pounds Item model number Switch Bundle Manufacturer Nintendo Pr",smart_switch:approved_identity_phrase_absent|smart_switch:required_target_context_absent|smart_switch:wrong_product:ethernet,approved_identity_phrase_absent|required_target_context_absent|wrong_product,title|details,switch,wi fi|wifi,hold,low,insufficient_evidence,Metadata does not clearly establish wall-lighting control.,w3-v1.4.0-draft,2a66fd731f457ecbff8db95d185ec5a2379f0e61d6832c3283c7ac4a3ad7e057
recovery_candidate,B09HTPBPNH,smart_switch,Electronics,All Electronics,"AGVEE [4 Pack HDMI Coupler Female to Female, 8K@60HZ HDR HDMI 2.1 Adapter Extension Connetor, Backward Compatible with HDMI 2.0 1.4, Alloy Shell for HDTV Roku Stick, Switch, Xbox One, PS4, PC, Gray",Electronics Television & Video Accessories Cables HDMI Cables,"categories: Electronics Television & Video Accessories Cables HDMI Cables | features: …est, the shrapnel contact resistance is still less than 15mΩ, this is very important for adapter. ⭕[Compatibility] This HDMI connector is compatible with Laptop, Macbook, Xbox, HDTV, Roku TV stick, Switch, TV Box, PC, monitors, Blu-ray/DVD player, PS4, PS3. | description: …les for long-distance extension purposes or connect a TV stick and HDMI cable to get the TV stick out of the back of the TV to receive stronger WiFi/remote signals.★Note★ Due to the different quality of various HDMI cables, it may cause the length to be too long and affect the transmission. This is not the reason for the connector. It is",smart_plug:approved_identity_phrase_absent|smart_plug:identity_not_in_title_or_categories|smart_switch:approved_identity_phrase_absent|smart_switch:required_target_context_absent|smart_switch:smart_evidence_not_in_title_or_categories,approved_identity_phrase_absent|multi-type conflict|required_target_context_absent|smart_evidence_not_in_title_or_categories,title|features|description|details,switch,wi fi|wifi,hold,low,insufficient_evidence,Metadata does not clearly establish wall-lighting control.,w3-v1.4.0-draft,2c2243d04af559d426d9578f7cf62f007d3ba4b3f0c472186b2b08b5387383fe
recovery_candidate,B00KL3FULU,smart_switch,Electronics,Computers,"Cisco SF220-24 Smart Switch with 24 Fast Ethernet Ports plus 2 Gigabit Ethernet (GbE) Ports, Limited Lifetime Protection",Electronics Computers & Accessories Networking Products Switches,"categories: Electronics Computers & Accessories Networking Products Switches | features: ETHERNET PORT CONFIGURATION: 24-port 10/100M, 2 x 1G combo SFP CONFIGURATION AND CONTROL: Easy-to-use GUI interface and CLI offers basic+ capabilities, SNMP KEY FEATURES: VLANs, QoS, Link Aggregation, Port Mirroring, Spanning Tree, and IGMP Snooping SECURITY FEATURES: Access control list (ACL), 802.1X / RADIUS, DoS prevention PEACE OF MIND: Limited-lifetime warranty, one year of technical support, and free software … | details: Best Sellers Rank Computer Networking Switches 5735 Brand Cisco Compatible Devices Desktop Date First Available June 15, 2014 Flash Memory Size 32 Included Components Cisco 220 Se",smart_switch:required_target_context_absent|smart_switch:wrong_product:ethernet,required_target_context_absent|wrong_product,title|details,switch,smart_near_switch,hold,low,insufficient_evidence,Metadata does not clearly establish wall-lighting control.,w3-v1.4.0-draft,2cff3f8c064e1150431495cb8d54333edb63cd749ee5bbc89317752d01e99a2c
recovery_candidate,B00V0D0UFG,smart_switch,Electronics,Tools & Home Improvement,"Piper nv Security Camera with Door/Window Sensor and Smart Switch, All-in-One Security System with Video Monitoring Camera, Black",Electronics Security & Surveillance Home Security Systems,categories: Electronics Security & Surveillance Home Security Systems | features: Piper NV is a portable wireless home security and monitoring system that has no monthly fees Get text/email alerts to your smartphone or tablet when something is wrong or a security breach. Watch live or recorded video with Piper nv 180˚ degree day/night HD camera. 105 dB siren and motion sensor that protects your home and loved ones at all times. Be notified when a door or window opens with included sensors | description: Piper nv is the only wireless portable security system that focuses on what matters most to you - right out of the box and with no monthly fees. With Piper nv’s day/night HD camera and option,smart_switch:required_target_context_absent,required_target_context_absent,title,switch,smart_near_switch,hold,low,insufficient_evidence,Metadata does not clearly establish wall-lighting control.,w3-v1.4.0-draft,2d6858ad62f2e0eb3793b53af957a601902ef8adeb897b9a2933f7a9e0907ea5
recovery_candidate,B08R7PHJSQ,smart_switch,Home_and_Kitchen,Amazon Home,"eufy RoboVac G30, Robot Vacuum with Smart Dynamic Navigation 2.0, Robot Vacuum Cleaner丨 by Anker, Smart Switch, Amazon Alexa, and The Google Assistant Compatible, Wi-Fi, Control from Everywhere, N",Home & Kitchen Vacuums & Floor Care Vacuums Robotic Vacuums,"categories: Home & Kitchen Vacuums & Floor Care Vacuums Robotic Vacuums | features: …ed to random path robotic vacuums MULTI-PURPOSE LIGHTING: Three modes - Schedule, Timer, and Away - provide customized illumination for any situation. VOICE CONTROLLED: Compatibility with Amazon Alexa and the Google Assistant means turning on the lights is effortless, even when your hands are full. (Alexa and Google Assistant devices sold separately.) ACCESS FROM ANYWHERE: Whether you’re at home or away, control the … | details: Are Batteries Included Yes Best Sellers Rank Home & Kitchen 2310357 Robotic Vacuums 2002 Brand eufy Compatible Devices Amazon Echo, Google Home Controller Type App Control, Voice Con",smart_switch:required_target_context_absent,required_target_context_absent,title|features|details,switch,alexa|app control|google assistant|google home|smart_near_switch|voice control|voice controlled|wi fi|wifi,hold,low,insufficient_evidence,Metadata does not clearly establish wall-lighting control.,w3-v1.4.0-draft,2d7903ab1a69de24474e1883a019576d73739295a0d0d27ebe61947f74c934bc
recovery_candidate,B06XR33YV7,smart_switch,Electronics,Computers,"Acer Switch Alpha 12 2-in-1 Laptop Tablet, 12in QHD Touchscreen, Intel Core i5-6200u, 8GB Memory, 256GB SSD, Windows 10 Home, Stylus Included (Renewed)",Electronics Computers & Accessories Computers & Tablets Laptops 2 in 1 Laptops,"categories: Electronics Computers & Accessories Computers & Tablets Laptops 2 in 1 Laptops | features: This Certified Refurbished product is tested and certified to look and work like new. The refurbishing process includes functionality testing, basic cleaning, inspection, and repackaging. The product ships with all relevant accessories, a minimum 90-day warranty, and may arrive in a generic box. Only select sellers who maintain a high performance bar may offer Certified Refurbished products on Amazon.com 6th Generat… | description: …sor 2.53GHz with Turbo Boost Technology up to 2.8GHz Windows 10 Home 12"" QHD 2160 x 1440 resolution, high-brightness, LED-backlit IPS (In-Plane Switching) techn",smart_switch:approved_identity_phrase_absent|smart_switch:required_target_context_absent|smart_switch:smart_evidence_not_in_title_or_categories,approved_identity_phrase_absent|required_target_context_absent|smart_evidence_not_in_title_or_categories,title|description|details,switch,wi fi|wifi,hold,low,insufficient_evidence,Metadata does not clearly establish wall-lighting control.,w3-v1.4.0-draft,2e827a42d428f98bcfa0f55bf78fb6a2dbb7ebbb2c320866a06861671caa618f
recovery_candidate,B00L3IMZ8S,smart_switch,Electronics,Computers,ZyXEL 24-Port GbE Web Smart Managed Switch Fanless Design (GS1910-24),Electronics Computers & Accessories Networking Products Switches,"categories: Electronics Computers & Accessories Networking Products Switches | features: Advanced Smart GbE L2 ACL switching features Supports IPv6 Fanless design 48 Gbps non-blocking switch | description: The ZyXEL GS1910-24 is a full-featured GbE Ethernet switch providing comprehensive Layer 2 switching capabilities such as Access Control List (ACL) rules, 802.1p Priority Queues per Port and 802.1AB LLDP and LLDP-MED, etc. The GS1910-24 delivers the essential network features for businesses with easy-to-use management at a right price. That is, the GS1910-24 is the best Edge switch range for small- and medium-size bu…",smart_switch:approved_identity_phrase_absent|smart_switch:required_target_context_absent|smart_switch:wrong_product:port,approved_identity_phrase_absent|required_target_context_absent|wrong_product,title|features|description|details,switch,smart_near_switch,hold,low,insufficient_evidence,Metadata does not clearly establish wall-lighting control.,w3-v1.4.0-draft,2f19fd42ba0b1f8113feb7b9b1eb33543f5c890ff95eb4c3363f432225fbc350
recovery_candidate,B076M459W8,smart_switch,Electronics,Computers,USB PC to PC Data Sync Link 2 Port USB Smart KM Keyboard Mouse Switch File Transfer Cable for PC Laptop,Electronics Computers & Accessories Computer Components External Components KVM Switches,"categories: Electronics Computers & Accessories Computer Components External Components KVM Switches | features: The USB smart data link is designed to simultaneously control and monitor two computer systems by using a keyboard and mouse set through a single USB cable, sharing file between the connected systems. Driver-free and no additional software installation, plug-and-play, crystal clear LED lights indicates working status. Hot keys and hot click area are also available for copying data from one computer to another. It is… | description: Specification:Material: ABSColor: Black + WhiteInterface: 2 * USB 2.0Transmission speed: 480Mbp/s(theoretical)Hot plug: SupportCable length: Approx. 15",smart_plug:approved_identity_phrase_absent|smart_plug:identity_not_in_title_or_categories|smart_switch:approved_identity_phrase_absent|smart_switch:required_target_context_absent|smart_switch:wrong_product:port,approved_identity_phrase_absent|multi-type conflict|required_target_context_absent|wrong_product,title,switch,smart_near_switch,hold,low,insufficient_evidence,Metadata does not clearly establish wall-lighting control.,w3-v1.4.0-draft,2f7ac35608dd3ead471899b478bada58a21c1ee3e713890a0f32ed7370e83f7d
recovery_candidate,B07L9JBXBJ,smart_switch,Electronics,Computers,"gofanco Near Zero Latency 10x1 1080p Wireless HDMI Extender, One-Touch Presentation Switch Gateway for Meeting/Conference Rooms - 66 feet (20m), 5GHz, , Up to 10 Transmitters (HDwireless10x1)",Electronics Computers & Accessories Computer Accessories & Peripherals Computer Cable Adapters DVI-HDMI Adapters,"categories: Electronics Computers & Accessories Computer Accessories & Peripherals Computer Cable Adapters DVI-HDMI Adapters | features: …ects/walls blocking the line of sight between Transmitter and Receiver, effective transmission will be reduced !!!Also please make sure there is no other WIFI interference in the same meeting room. ✔ 10-TRANSMITTER SUPPORT – Supports up to 10 Transmitters (TX) allowing users to switch to the transmitting source, such as a laptop, with one touch. One transmitter included in this kit. Additional Transmitter (HDwireless… | details: Best Sellers Rank DVI-HDMI Adapters 2791 Brand Gofanco Color Black Compatible Devices Laptop Connector Type HDMI Date First Avail",smart_switch:approved_identity_phrase_absent|smart_switch:required_target_context_absent|smart_switch:smart_evidence_not_in_title_or_categories,approved_identity_phrase_absent|required_target_context_absent|smart_evidence_not_in_title_or_categories,title|features,switch,wi fi|wifi,hold,low,insufficient_evidence,Metadata does not clearly establish wall-lighting control.,w3-v1.4.0-draft,2fb565311f607110275238f78f62712b4ed12dda732830549e6228ec0ea4eca7
recovery_candidate,B0C5XVGLXM,smart_switch,Electronics,,"ZYXEL 16-Port Gigabit Ethernet Smart Switch (GS1900-16) - Managed, Rackmount, Limited Lifetime Protection",Electronics Computers & Accessories Networking Products Switches,"categories: Electronics Computers & Accessories Networking Products Switches | features: PORT CONFIGURATION - Fast networking performance with 16 Gigabit Ethernet ports SUPER QUIET FOR A BETTER INTEGRATION IN ANY ENVIRONMENT - Fanless design ensures quiet operation and higher reliability over time SMART MANAGED - Get up and running in minutes: Web-based setup wizard enables simple and fast configuration and management LAYER 2 FEATURES - VLAN, QoS, IGMP Snooping, Link Aggregation (LAG), IPv6 and DoS prev… | details: Best Sellers Rank Computer Networking Switches 255 Date First Available November 13, 2022 Item Weight 1 pounds Item model number GS1900-16 Manufacturer Zyxel Product Dimensions 12",smart_switch:required_target_context_absent|smart_switch:wrong_product:ethernet|smart_switch:wrong_product:port,required_target_context_absent|wrong_product,title,switch,smart_near_switch,hold,low,insufficient_evidence,Metadata does not clearly establish wall-lighting control.,w3-v1.4.0-draft,30ba3ada3c8a4eb54e5ac451ac102dc0e5e32e78ce1646c63331c22ba1e0e68e
recovery_candidate,B08CK2FR2Z,smart_switch,Home_and_Kitchen,Amazon Home,"LED Plant Grow Light Full Spectrum WiFi Remote Control, Programmable Grow Lamp Desk Dual Head Clamp Clip Indoor Plant Light for Seedling Succulent Flowering, Dimmer & Timer & 3 Modes(Bar 10-WiFi)",,"features: …amp can offer full spectrum from 380 up to 800nm which is important for plant to grow better, ideal for all sorts of indoor plants at all growth stages. 【WiFi Control & Manual Timer Dimmer】 This succulent grow light has both WiFi controller and manual Timer/Dimmer for your option. With wifi controller, you can program the light with smart phone and set timer and dimmer, The manual timer is 3H/9H/12H. The lamp also pr… | details: …ht 2.1 pounds Light Source Type LED Manufacturer Lominie Material Aluminum Package Dimensions 11.7 x 8.3 x 3 inches Shade Material Aluminum Switch Type Dimmer",smart_bulb:approved_identity_phrase_absent|smart_bulb:identity_not_in_title_or_categories|smart_switch:approved_identity_phrase_absent,approved_identity_phrase_absent|multi-type conflict,title|features|details,dimmer|switch,wi fi|wifi,hold,low,insufficient_evidence,Metadata does not clearly establish wall-lighting control.,w3-v1.4.0-draft,336319a2c7ec7805b8361ec0484ef77ef3973d4f32d10c00b4c20b7c4795aed4
recovery_candidate,B000M10200,smart_switch,Electronics,,Netgear GS748TS ProSafe 48-port Gigabit Stackable Smart Switch,Electronics Computers & Accessories Networking Products Switches,"categories: Electronics Computers & Accessories Networking Products Switches | description: A first in the industry, the all new ProSafe Gigabit Stackable Smart Switch comes with 48 10/100/1000 ports with four shared SFP ports that provide high performance for bandwidth-intensive applications like ERP and large file transfers. In addition, two dedicated ports provide a 20 Gbps, dual-ring, stacking bus that accommodates growth and offers the highest level of resiliency, thus allowing you to stack up to six s… | details: Best Sellers Rank Computer Networking Switches 3854 Brand NETGEAR Compatible Devices Desktop Date First Available December 16, 2006 Interface Type SFP Item Dimensions LxWxH 21",smart_switch:required_target_context_absent|smart_switch:wrong_product:port,required_target_context_absent|wrong_product,title|description,switch,smart_near_switch,hold,low,insufficient_evidence,Metadata does not clearly establish wall-lighting control.,w3-v1.4.0-draft,33d6f9ded7629af943e13012a8c12184f05825fb25cd093484e3b6114cf2844f
recovery_candidate,B08Q31M3WC,smart_switch,Electronics,Computers,Cisco Business CBS250-48T-4G Smart Switch | 48 Port GE | 4x1G SFP | Limited Lifetime Protection (CBS250-48T-4G-NA),Electronics Computers & Accessories Networking Products Switches,"categories: Electronics Computers & Accessories Networking Products Switches | features: SWITCH PORTS: 48-Port 10/100/1000 + 4 x 1GE SFP SIMPLE: Intuitive Cisco Business Dashboard or on-box U/I simplifies network operations and automates lifecycle management FLEXIBLE: Extensive portfolio provides ultimate flexibility from 8 to 48 ports and PoE+ combinations SECURITY: Integrated with IEEE 802.1X port security to control access to your network, Denial-of- Service (DoS) attack prevention increases network u… | description: The Cisco Business CBS250-48T-4G switch is the next generation of affordable, smart switch that combines powerful network performance, security, and reliability with a compre",smart_switch:required_target_context_absent|smart_switch:wrong_product:port,required_target_context_absent|wrong_product,title|features|description|details,switch,smart_near_switch,hold,low,insufficient_evidence,Metadata does not clearly establish wall-lighting control.,w3-v1.4.0-draft,34afe10b2f518a4ce4da67677abbce6eb44765011e154c3b92f3d0c0f8aa0842
recovery_candidate,B07V88H27D,smart_switch,Electronics,Computers,"Lenovo ThinkPad X1 Carbon 7th Gen 14"" Ultrabook - 1920 X 1080 - Core i7 i7-8565U - 16 GB RAM - 512 GB SSD - Windows 10 Pro 64-bit - Intel UHD Graphics 620 - in-Plane Switch",Electronics Computers & Accessories Computers & Tablets Laptops Traditional Laptops,"categories: Electronics Computers & Accessories Computers & Tablets Laptops Traditional Laptops | features: Processor Manufacturer: Intel Processor Type: Core i7 Processor generation: 8th Gen Processor model: i7-8565u Processor speed: 1.80 GHz | description: …) Ultrabook - Core i7 8565U/ 1.8 GHz - Win 10 Pro 64-bit - 16 GB RAM - 512 GB SSD TCG Opal encryption 2, NVMe - 14 IPS 1920 x 1080 (Full HD) - UHD Graphics 620 - Wi-Fi, Bluetooth - Black | details: Batteries 1 Lithium Polymer batteries required. Best Sellers Rank Computers & Accessories 59989 Traditional Laptop Computers 11698 Brand Lenovo CPU Model 8032 Card Description Integrated Chipset Brand Intel Color Black Computer Memory Type Un",smart_switch:approved_identity_phrase_absent|smart_switch:required_target_context_absent|smart_switch:smart_evidence_not_in_title_or_categories,approved_identity_phrase_absent|required_target_context_absent|smart_evidence_not_in_title_or_categories,title|description,switch,wi fi|wifi,hold,low,insufficient_evidence,Metadata does not clearly establish wall-lighting control.,w3-v1.4.0-draft,3566be8141e991de0b3028f10180f11c63c7ed6c46ad027a37314023f3d4de2f
recovery_candidate,B088YKZC1X,smart_switch,Electronics,All Electronics,"ZYXEL 10-Port Multi-Gigabit Ethernet Smart Switch (XS1930-10) - Managed, 2X 10G Ethernet, 2X 10G SFP+, Optional Nebula Cloud Management, Rackmount, Limited Lifetime Protection",Electronics Computers & Accessories Networking Products Switches,"categories: Electronics Computers & Accessories Networking Products Switches | features: …G/10G. Industry-first 5-color LED for every port speed. Smart fan design delivers near silent operation. NebulaFlex gives you the flexibility to switch between standalone and our license-free Nebula cloud management. | details: Best Sellers Rank Computer Networking Switches 1397 Brand ZYXEL Compatible Devices Desktop Date First Available May 20, 2020 Is Discontinued By Manufacturer No Item Dimensions LxWxH 19 x 13 x 3 inches Item Weight 3.8 Kilograms Item model number XS1930-10-ZZ0101F Manufacturer ZyXEL Communications Number of Ports 8 Product Dimensions 19 x 13 x 3 inches",smart_switch:required_target_context_absent|smart_switch:wrong_product:ethernet|smart_switch:wrong_product:port,required_target_context_absent|wrong_product,title|features,switch,smart_near_switch,hold,low,insufficient_evidence,Metadata does not clearly establish wall-lighting control.,w3-v1.4.0-draft,35c456d22ce37f4568bf1639ce8756e6951f4cb7f66d9c9a60cf587d2fc1cfb4
recovery_candidate,B09BFTD3L2,smart_switch,Electronics,Cell Phones & Accessories,"Waterproof 4G Smart Watch for Kids Toddler – Shock Resistant - Nano Sim, GPS Tracking + Safe Zones, Album, Phone Book, WiFi, Camera, SOS, Alarm, Touch Screen, Theme Switch, Voice Chat (Blue)",Electronics Wearable Technology Smartwatches,"categories: Electronics Wearable Technology Smartwatches | features: [GPS Tracker for Kids] Feel your Kid is in Safety with improved GPS tracking watches using Local Base Station systems + GPS + WiFi. Get the alarm prompt on your phone when a child leaves his set area [WiFi 4G Nano Sim] Reliable connection with child is of our main target and care. The Watch supports improved updated 4G networks, WiFi making calls clearer and signals more stable [Voice Messages / Touch Screen] Kids ca… | description: …ications: Processor: Chip SP9820E Display: color touch screen 1.4 inches IPS with a resolution of 240x240 Waterproof: IP67 Material: high quality plastic, silicone Positioning: GPS, LBS, Wi-Fi ",smart_switch:approved_identity_phrase_absent|smart_switch:required_target_context_absent,approved_identity_phrase_absent|required_target_context_absent,title|features|description|details,switch,wi fi|wifi,hold,low,insufficient_evidence,Metadata does not clearly establish wall-lighting control.,w3-v1.4.0-draft,36af5c6875c82d84a601481d467b808187b2329c18203867c4d6fc68fc96fd44
recovery_candidate,B00CUD1KFE,smart_switch,Electronics,Computers,TP-Link 48-Port Gigabit Smart Switch with 4-SFP Slots (TL-SG2452),Electronics Computers & Accessories Networking Products Switches,"categories: Electronics Computers & Accessories Networking Products Switches | features: Gigabit Ethernet connections on all ports provide full speed of data transferring Integrated security strategy including 802.1Q VLAN, Port Security and Storm control help protect LAN area investment L2/L3/L4 QoS and IGMP snooping optimize voice and video applications | description: What This Product Does TP-LINK Gigabit Smart Switch TL-SG2452 is equipped with 48 Gigabit RJ45 ports and 4 SFP slots. The switch provides high performance, enterprise-level QoS, useful security strategies and rich layer 2 management features. It is a cost-effective product solution for small- and medium-sized businesses. Key F",smart_switch:required_target_context_absent|smart_switch:wrong_product:port,required_target_context_absent|wrong_product,title|description,switch,smart_near_switch,hold,low,insufficient_evidence,Metadata does not clearly establish wall-lighting control.,w3-v1.4.0-draft,37e0dcc5a648f9f540f21157505ecdbad69d3aa285407078fb7a86cfe5ba8f51
recovery_candidate,B000BI3S9Q,smart_switch,Electronics,All Electronics,SMC EZSwitch 10/100/1000 (SMCGS24-Smart) 24 Port 10/100/1000 gigabit Smart Switch,Electronics Computers & Accessories Networking Products Switches,categories: Electronics Computers & Accessories Networking Products Switches | features: 10/100/1000 Gigabit Copper Ports Smart Web Management Flexible QoS Configurable 802.1Q Vlans Static Link Aggregation | description: The SMC-EZ Switch 10/100/1000 (SMCGS24-Smart) is a 24 port 10/100/1000 Smart Managed Gigabit Switch. They are ideal for users looking to migrate from unmanaged to managed switches without the extra costs of fully managed solutions. The easy to use web interfaces enables users to configure the switch with ease. With auto-MDIX on all ports and no fans being required these EZSwitches are the best choice for SOHO or ente…,smart_switch:required_target_context_absent|smart_switch:wrong_product:port,required_target_context_absent|wrong_product,title|description,switch,smart_near_switch,hold,low,insufficient_evidence,Metadata does not clearly establish wall-lighting control.,w3-v1.4.0-draft,3a4448ec459a657bde058db5ab3393ee4576dd92a1af0b3c61cd99954eea8186
recovery_candidate,B07F7N9KC6,smart_switch,Electronics,Computers,"Cisco SF200-24 Smart Switch: 24 10/100 Ports, 2 Combo Mini-GBIC Ports (SLM224GTNA) (Renewed)",Electronics Computers & Accessories Networking Products Switches,"categories: Electronics Computers & Accessories Networking Products Switches | features: …Setup and Management: Intuitive browser-based tools, mass deployment capabilities, and consistent features across all models simplify setup and configuration. Switches optimize power usage for energy efficiency without compromising performance. | description: …r: Cisco Systems, Inc Manufacturer Part Number: SLM224GT-NA Brand Name: Cisco Product Series: 200 Product Model: SF200-24 Product Name: SF200-24 Smart Switch Marketing Information: Cisco 200 Series Switches are a series of affordable smart switches that combine powerful network performance and reliability with the essential network management feat",smart_switch:required_target_context_absent,required_target_context_absent,title|description,switch,smart_near_switch,hold,low,insufficient_evidence,Metadata does not clearly establish wall-lighting control.,w3-v1.4.0-draft,3b04de8f7e3cecfb66611bd7d87b6fb5ac00b8e2bbb7a3af8b8038c8a49348e3
recovery_candidate,B09YGSZL94,smart_switch,Electronics,All Electronics,"Silverstone ES03-WiFi V2, 2.4Ghz Wi-Fi Remote Computer Power Switch, SST-ES03-WIFI V2",Electronics Computers & Accessories Networking Products Routers,"categories: Electronics Computers & Accessories Networking Products Routers | features: Turn on/off your computer via smartphone 2.4GHz WiFi module adapter powered by internal USB standby power Works anywhere when connected to the internet between ES03-WiFi and Smartphone Use smartphone to turn on/off PC instantly, reset, force shut down, schedule on/off, or group on/off Display power on/off status of your PC on your smartphone Includes power / reset / Speaker cable (Speaker wire is used to determine on… | description: ES03-WiFi is a convenient remote switch kit designed by SilverStone to wirelessly turn on/off a PC. By utilizing existing standard 2.4GHz Wi-Fi technology, internal USB standb",smart_switch:approved_identity_phrase_absent|smart_switch:required_target_context_absent,approved_identity_phrase_absent|required_target_context_absent,title|features|description|details,switch,wi fi|wifi,hold,low,insufficient_evidence,Metadata does not clearly establish wall-lighting control.,w3-v1.4.0-draft,3c4f9887a752d6613ebecf3730558d590bc654166efd9072c0e49f16d6940fd4
recovery_candidate,B00V0D0UH4,smart_switch,Electronics,Tools & Home Improvement,"Piper nv Security Camera with Door/Window Sensor and Smart Switch, All-in-One Security System with Video Monitoring Camera, White",Electronics Security & Surveillance Home Security Systems,categories: Electronics Security & Surveillance Home Security Systems | features: Piper NV is a portable wireless home security and monitoring system that has no monthly fees Get text/email alerts to your smartphone or tablet when something is wrong or a security breach. Watch live or recorded video with Piper nv 180˚ degree day/night HD camera. 105 dB siren and motion sensor that protects your home and loved ones at all times. Be notified when a door or window opens with included sensors | description: Piper nv is the only wireless portable security system that focuses on what matters most to you - right out of the box and with no monthly fees. With Piper nv’s day/night HD camera and option,smart_switch:required_target_context_absent,required_target_context_absent,title,switch,smart_near_switch,hold,low,insufficient_evidence,Metadata does not clearly establish wall-lighting control.,w3-v1.4.0-draft,3cfc8e233eba26e58989783fbcea3b5d63b22b0dee7dd736f2107615a37181b8
recovery_candidate,B083ZLPJMW,smart_switch,Electronics,All Electronics,"Cable Matters Gigabit USB to Ethernet Adapter for Switch Game Console and Laptop (Ethernet Adapter for NS, Ethernet to USB Adapter, USB 3.0 to 10/100/1000Mbps Ethernet), Not Compatible with M2 Macs",Electronics Computers & Accessories Networking Products Network Adapters USB Network Adapters,"categories: Electronics Computers & Accessories Networking Products Network Adapters USB Network Adapters | features: …hernet port; Bring fast, reliable Gigabit Ethernet to a laptop or computer lacking a physical Ethernet port using the USB to Ethernet adapter; Switch network adapter is fully compatible with the Nintendo Switch game console Laptop USB to Ethernet adapter supports data transfer rates of up to 1000Mbps; wired USB Ethernet adapter is backward compatible with 10/100Mbps networks; USB 3.0 to Ethernet adapter takes advanta… | details: Best Sellers Rank USB Computer Network Adapters 843 Brand Cable Matters Color Black Compatible Devices Laptop, Desktop Data Link Protocol Ethernet, ",smart_switch:approved_identity_phrase_absent|smart_switch:required_target_context_absent|smart_switch:smart_evidence_not_in_title_or_categories|smart_switch:wrong_product:ethernet|smart_switch:wrong_product:network,approved_identity_phrase_absent|required_target_context_absent|smart_evidence_not_in_title_or_categories|wrong_product,title|features,switch,wi fi|wifi,hold,low,insufficient_evidence,Metadata does not clearly establish wall-lighting control.,w3-v1.4.0-draft,3d4956249480c5fe8a2316bc6d107d2f27c1241f0c70ce155ab80e4445356ece
recovery_candidate,B00BEJ209U,smart_switch,Home_and_Kitchen,Amazon Home,Viatek Z001-B Zmart Smart Switch,Home & Kitchen Home Décor Products Kids' Room Décor Lamps & Lighting,"categories: Home & Kitchen Home Décor Products Kids' Room Décor Lamps & Lighting | features: Catalog||Electronics & computer||Home automation & security||Home automation Warranty : 1 Year Product by : Viatek Z001-B PRDID182862000-96-8 | description: Instant 2 Way Wireless Switch. No tools, no wiring, no mess and control any switch from anywhere in the room! Works up to 30ft! Zmart Switch is ideal to control overhead lights, ceiling light, outdoor lights, ceiling fans and much more.... | details: Item Weight 6.3 ounces Item model number Z001-B Manufacturer Viatek Package Dimensions 9.5 x 6.5 x 1.5 inches",smart_switch:wrong_product:viatek|smart_switch:wrong_product:zmart,wrong_product,title|description,switch,smart_near_switch,hold,low,insufficient_evidence,Metadata does not clearly establish wall-lighting control.,w3-v1.4.0-draft,3da1e26813da6eea7bbd149074987334561250b5b2c898238e4b719dff519a5a
recovery_candidate,B07H9YN9QL,smart_switch,Electronics,Computers,"ZYXEL 50-Port Gigabit Ethernet Smart Switch (GS1920-48V2) - Managed, 4X SFP, Optional Nebula Cloud Management, Rackmount, Limited Lifetime Protection",Electronics Computers & Accessories Networking Products Switches,"categories: Electronics Computers & Accessories Networking Products Switches | features: Fast networking performance with 48 Gigabit Ethernet ports and non-blocking full bandwidth of 2,000 Mbps per port with 2 SFP Ports Operates in 2 management modes, cloud or standalone with the power of NebulaFlex(TM) Rack mount design for easy installation Lifetime hardware warranty, free firmware upgrade support and free technical support for long-term assurance Advanced features like VLAN, QoS, IGMP Snooping, Link … | description: Zeal 48-port high powered Gigabit | details: Best Sellers Rank Computer Networking Switches 2022 Brand ZYXEL Color Black Compatible Devices Desktop Date First Available Septem",smart_switch:required_target_context_absent|smart_switch:wrong_product:ethernet|smart_switch:wrong_product:port,required_target_context_absent|wrong_product,title,switch,smart_near_switch,hold,low,insufficient_evidence,Metadata does not clearly establish wall-lighting control.,w3-v1.4.0-draft,3e3022d0428e56493f7944c3cb041f2ec262733811d1661ceb4a02be58c524fb
recovery_candidate,B0C1BJDNND,smart_switch,Electronics,All Electronics,"MUDIX Native 1080P Projector, 5G WiFi Projector 4K Support, 4P Keystone&Zoom Outdoor Movie Projector with Remote Control HDMI AUX USB, Portable Video Projector for Laptop/Phone/Switch/PPT/iOS/Android",Electronics Video Projectors,"categories: Electronics Video Projectors | features: …fractive 6-layer glass lens, the video projector solves the problem of blurred edge quality and ensures you enjoy the best video viewing experience. [WiFi 6 Connection for Smooth Video] The phone projector supports the latest WiFi6 technology and features an ultra-fast 5G+2.4G WiFi connection, this makes the HD video transmission more stable and eliminates the problem of freezing. There is no need to download any sof… | details: Best Sellers Rank Video Projectors 882 Brand MUDIX Brand Name MUDIX Color Name Grey-HP10 Connectivity Technology HDMI/USB/Wi-Fi/Screen Mirroring Date First Available February 12, 2023 Display resolution 1920 x 108",smart_switch:approved_identity_phrase_absent|smart_switch:required_target_context_absent,approved_identity_phrase_absent|required_target_context_absent,title|features|details,switch,wi fi|wifi,hold,low,insufficient_evidence,Metadata does not clearly establish wall-lighting control.,w3-v1.4.0-draft,3ea2aa9f4c09fdc995034a0f8c8e0762bc7f8228217279526c5934f9bf163533
recovery_candidate,B0B58BQFQG,smart_switch,Home_and_Kitchen,Tools & Home Improvement,mewmewcat 2pcs Smart Curtain Motor BT Voice Control Switch Electric Curtain Robot APP Control Timer Setup Compatible with Alexa Google Home for Roman Rod,Home & Kitchen Home Décor Products Window Treatment Hardware Window Rods Single Rods,"categories: Home & Kitchen Home Décor Products Window Treatment Hardware Window Rods Single Rods | features: …ung on the curtain Roman rod, no tools are needed, built-in 4000mAh battery, no complicated wiring, and more convenient installation. Intelligent Voice Control: Voice and remote control can be realized after the gateway is configured(Gateway is not incuded), compatible with Alexa, Google Assistant, TmallGenie, etc. Remote control allows you to control the opening and closing of curtains anytime and anywhere to preven… | description: …hung on the curtain Roman rod, no tools are needed, built-in 4000mAh battery, no complicated wiring, and more convenient installation. Intelligent Voice",smart_switch:approved_identity_phrase_absent|smart_switch:required_target_context_absent,approved_identity_phrase_absent|required_target_context_absent,title|features|description,switch,alexa|app control|google assistant|google home|voice control,hold,low,insufficient_evidence,Metadata does not clearly establish wall-lighting control.,w3-v1.4.0-draft,3f8ad5a0c0d39995e1b42498d708bcf4fa3899b5d6b2dd348344836b11dfbbda
recovery_candidate,B0983PQZXX,smart_switch,Electronics,All Electronics,DC 12V Adjustable Timer Delay Turn Off Module Timing Relay Time Switch 1~10sec Timer Delay Switch Module,,"features: … High stability, this electronic relay is a high-precision, stable and reliable timing relay module, which can be fully trusted with an external switch. ₪ Support reverse input protection, key trigger, trigger immediate start action and delay; turn on the load after the trigger, disconnect the load after a specified time, powerful and professional. ₪ The delayed shutdown module is very suitable for controlling the re… | description: …a timer relay module with high precision, stable and reliable performance. It support reverse input protection and comes with a trigger button switch. Power on and press the trigger switch to turn on load, and turn off load after delay time. The time ",smart_switch:approved_identity_phrase_absent|smart_switch:required_target_context_absent|smart_switch:smart_evidence_not_in_title_or_categories|smart_switch:wrong_product:relay,approved_identity_phrase_absent|required_target_context_absent|smart_evidence_not_in_title_or_categories|wrong_product,title|features|description,switch,smart home,hold,low,insufficient_evidence,Metadata does not clearly establish wall-lighting control.,w3-v1.4.0-draft,40bf758e48438abb43f616ca8cae0bf84d61aefe40855a4dfa687522a6485d70
recovery_candidate,B07WTXZQVB,smart_switch,Electronics,Computers,TP-Link 8-Port Gigabit Ethernet Easy Smart Switch | Unmanaged Pro | Plug and Play | Desktop | Sturdy Metal w/Shielded Ports | Limited Lifetime Replacement (TL-SG108E) (Renewed),Electronics Computers & Accessories Networking Products Switches,"categories: Electronics Computers & Accessories Networking Products Switches | features: 8-Gigabit ports provide instant large file transfers 15K Jumbo frame improves performance of large data transfers Effective network monitoring via Port Mirroring, Loop Prevention and Cable Diagnostics Abundant VLAN features improve network security via traffic segmentation IGMP Snooping optimizes multicast applications Port and tag-based QoS enable smooth latency-sensitive traffic LIMITED LIFETIME WARRANTY and 24/7 … | description: This pre-owned or refurbished product has been professionally inspected and tested to work and look like new. How a product becomes part of Amazon Renewed, your destination fo",smart_plug:approved_identity_phrase_absent|smart_plug:wrong_product:plug and play|smart_switch:required_target_context_absent|smart_switch:wrong_product:ethernet|smart_switch:wrong_product:port,multi-type conflict|required_target_context_absent|wrong_product,title|details,switch,smart_near_switch,hold,low,insufficient_evidence,Metadata does not clearly establish wall-lighting control.,w3-v1.4.0-draft,4321d46dc2ff49f78c66dfd2f1bfff423606cd9b08a1c4fe929f0475ecfa1b7d
recovery_candidate,B097XHV6BL,smart_switch,Electronics,Computers,Cisco Business CBS220-48T-4G Smart Switch | 48 Port GE | 4x1G SFP | 3-Year Limited Hardware Warranty (CBS220-48T-4G-NA),Electronics Computers & Accessories Networking Products Switches,"categories: Electronics Computers & Accessories Networking Products Switches | features: SWITCH PORTS: 48-Port 10/100/1000 + 4 x 1G SFP FLEXIBLE: Extensive portfolio provides ultimate flexibility from 8 to 48 ports and PoE+ combinations SIMPLE: Intuitive on-box UI, mobile app and Cisco Business Dashboard simplifies network operations and automates lifecycle management SECURITY: Integrated with IEEE 802.1X to control access to your network, Denial-of- Service (DoS) attack prevention increases network upti… | description: The Cisco Business CBS220-48T-4G switch is simple and affordable smart switch for business-class network. CBS220 series bridge the gap between the affordability of an unmanag",smart_switch:required_target_context_absent|smart_switch:wrong_product:port,required_target_context_absent|wrong_product,title|features|description|details,switch,smart_near_switch,hold,low,insufficient_evidence,Metadata does not clearly establish wall-lighting control.,w3-v1.4.0-draft,4323b2766eeb115a0196b47863d8d8446dcb89c54f9ee383747f34a4bd3446ac
recovery_candidate,B09NSL9JN2,smart_switch,Electronics,All Electronics,"KZ SK10Pro TWS Bluetooth 5.2 Earphone,SK10 PRO Hybrid Driver True Wireless Earbuds, 30h Battery Life, with Smart Touch Control, Quickly Switch Gaming Modes,Support APTX HD Audio/AAC/SBC(Black)","Electronics Headphones, Earbuds & Accessories Headphones & Earbuds Earbud Headphones","categories: Electronics Headphones, Earbuds & Accessories Headphones & Earbuds Earbud Headphones | features: …smission, overall performance improved,lower power consumption, faster transmission, more stable connection, support for HD apt-X, apt-X HD Audio. Free switching between two earphones The left and right ears are the host. Smooth switching between two earphones,Improve connection stability and reduce the resulting audio interruption, to some extent balance the power consumption between the two earbuds. 400mAh Charging… | description: ""Product parameters Brand name:KZ Model name:KZ-SKlOPro Earphones battery life:6H(It depends on usage) Earphone battery capacity:48mAh Charging case batt",smart_switch:approved_identity_phrase_absent|smart_switch:required_target_context_absent,approved_identity_phrase_absent|required_target_context_absent,title|features,switch,smart_near_switch,hold,low,insufficient_evidence,Metadata does not clearly establish wall-lighting control.,w3-v1.4.0-draft,4510df87391050387208fc014d372d6d3b3099a290d380b84d4cd855ca51bc8f
recovery_candidate,B09P29VXG1,smart_switch,Electronics,Computers,"SAMSUNG Galaxy Tab A8 10.5” 64GB Android Tablet, LCD Screen, Kids Content, Smart Switch, Long Lasting Battery, US Version, 2022, Silver, Amazon Exclusive",Electronics Computers & Accessories Computers & Tablets Tablets,"categories: Electronics Computers & Accessories Computers & Tablets Tablets | features: …earning with a library of fun games, books and videos that's kid-friendly and parent-approved. EASIEST. TRANSFER. EVER: No matter what operating system you're using, Smart Switch makes it a breeze to move your data and favorite files in three easy steps | description: When it comes to family, sharing is caring. Bring home a quality tablet everyone can easily enjoy with Samsung Galaxy Tab A8, the awesomely entertaining tablet enhanced by the Galaxy ecosystem experience. Enjoy a sleek new design and seamless connectivity between your Galaxy devices — answer a phone call on your tablet, instantly share file",smart_switch:required_target_context_absent,required_target_context_absent,title|features,switch,smart_near_switch,hold,low,insufficient_evidence,Metadata does not clearly establish wall-lighting control.,w3-v1.4.0-draft,454dbc36e9bb91762992c4d5cf03641198f739033fb99955ebef63847c3a009f
recovery_candidate,B003WZ7OVI,smart_switch,Electronics,All Electronics,"GSI Super Quality 5-Port Smart HDMI 1080P Switch - Connect 5 HDMI Equipment To TV At the Same Time! - For Plasma, LCD, LED, Blu-Ray, PS3, X-Box, HD-DVD and Satellite Etc. - Includes Remote Control and AC Adapter",Electronics Television & Video Accessories Remote Controls,"categories: Electronics Television & Video Accessories Remote Controls | details: Cable Type HDMI Compatible Devices Television Connector Type HDMI Date First Available July 22, 2010 Item Weight 1.05 pounds Manufacturer GSI Number of Ports 5 Package Dimensions 7.9 x 5.9 x 2.3 inches",smart_switch:approved_identity_phrase_absent|smart_switch:required_target_context_absent|smart_switch:wrong_product:port,approved_identity_phrase_absent|required_target_context_absent|wrong_product,title,switch,smart_near_switch,hold,low,insufficient_evidence,Metadata does not clearly establish wall-lighting control.,w3-v1.4.0-draft,45567dd80a7f2d302e151c0d55c68fb57bc691d372aadd69bb8bd39cd91eb8ac
recovery_candidate,B000UPRWJ2,smart_switch,Electronics,All Electronics,Cisco SLM2048 48-Port Gigabit Smart Switch - SFPs,Electronics Computers & Accessories Networking Products Switches,"categories: Electronics Computers & Accessories Networking Products Switches | features: Former Linksys Business Series 48 high-speed ports optimized to support bandwidth-intensive applications A nonblocking switching capacity of 96 Gbps Two mini-GBIC/SFP slots for Gigabit Ethernet expansion Numerous QoS features | description: Product Description New Linksys Business Series Smart Gigabit Ethernet Switches are cost-effective switching solutions ideal for small businesses, the network edge, or workgroups within larger organizations. These easy-to-install, high-speed switches offer many of the same Quality of Service and Security features found in more expensive full Layer 2 managed switches b",smart_switch:required_target_context_absent|smart_switch:wrong_product:port,required_target_context_absent|wrong_product,title|description,switch,smart_near_switch,hold,low,insufficient_evidence,Metadata does not clearly establish wall-lighting control.,w3-v1.4.0-draft,46582bb353febb9023774f0908ffdd97c372acfe6f9672d3c2cc61e9b1e31778
recovery_candidate,B09FFTRY5D,smart_switch,Electronics,All Electronics,14.6V 20A Charger 12V 20A Smart Charger with Switch Used for 4S 12V LiFepo4 Battery Charger with Cooling Fan Aluminum Case Output Alligator Clip,"Electronics Household Batteries, Chargers & Accessories Battery Chargers","categories: Electronics Household Batteries, Chargers & Accessories Battery Chargers | features: ⭕DC plug by default is sent by product image: Alligator Clip ,Suitable for Battery type: 4S 12V LiFepo4 Battery Pack✅ ⭕AC Input: 100~120Vac, 50/60Hz ; DC Output: 14.6 Volt/20 Amp, Provide 1* US standard power cable and 1* Fuse Can be Changed By Yourself✅ ⭕Three-stage Intelligent Charging Mode: Constant Current - Constant Voltage - Trickle to Ensure Battery Fully Charged✅ ⭕Fully charged Auto-stop,Over voltage,Over Cu… | description: ✅✅✅ Specification: Product Name: 14.6V 20A Charger Model: WA360-14620B Dimensions: 180x90x63mm Product Weight: 1.4 kg Color/Material: Black/Aluminum Case Suitable for ",smart_plug:approved_identity_phrase_absent|smart_plug:identity_not_in_title_or_categories|smart_switch:approved_identity_phrase_absent|smart_switch:required_target_context_absent,approved_identity_phrase_absent|multi-type conflict|required_target_context_absent,title,switch,smart_near_switch,hold,low,insufficient_evidence,Metadata does not clearly establish wall-lighting control.,w3-v1.4.0-draft,477d9a7291460b13aad19349b916a54af75987c1d772d1cd0264eaa45b86a57a
recovery_candidate,B07X3KPLVV,smart_switch,Home_and_Kitchen,Amazon Home,"Outdoor String Lights – 49ft LED String Lights with Phone App, Waterproof & Shatterproof, Dimmable, Automatic Switch with Schedule Setting. Extendable Smart String Lights for Outdoor/Indoor Ambience",,"details: Brand XMCOSY+ Color White Connectivity Protocol Bluetooth Control Method App Controller Type App Control Indoor/Outdoor Usage Outdoor, Indoor Item Weight 5.3 pounds Light Source Type LED Number of Light Sources 50 Package Dimensions 11.89 x 6.93 x 6.57 inches Power Source Corded Electric Special Feature Waterproof Style Modern Theme Outdoor Water Resistance Level Waterproof",smart_switch:approved_identity_phrase_absent|smart_switch:required_target_context_absent,approved_identity_phrase_absent|required_target_context_absent,title|details,switch,app control,hold,low,insufficient_evidence,Metadata does not clearly establish wall-lighting control.,w3-v1.4.0-draft,47fa3478f9ad6dfdb96abd2b75099d9b41c014d617d96c0449286225820ba7b2
recovery_candidate,B00E6IJO6S,smart_switch,Electronics,Computers,EnGenius Technologies 8-Port Gigabit Smart Switch with 2 SFP Ports (EGS2110P),Electronics Computers & Accessories Networking Products Switches,"categories: Electronics Computers & Accessories Networking Products Switches | features: 8-port Gigabit with IEEE802.3 af PoE support External power adapter with 61.6W PoE budget Provide PoE management on Ports Loopback detection IGMP snooping | description: 8 Gigabit ports with IEEE 802.3af PoE support - 2 SFP slots - 61.6w PoE Budget - PoE Management - Loopback Detection - IGMP Snooping - Bandwidth Control | details: Best Sellers Rank Computer Networking Switches 4792 Brand EnGenius Color Black Compatible Devices PC Date First Available October 5, 2017 Flash Memory Size 4 Hardware Platform PC Included Components Switch - 8 ports Is Discontinued By Manufacturer No Item Dimensions LxWxH 4.13",smart_switch:required_target_context_absent|smart_switch:wrong_product:port,required_target_context_absent|wrong_product,title|details,switch,smart_near_switch,hold,low,insufficient_evidence,Metadata does not clearly establish wall-lighting control.,w3-v1.4.0-draft,481c28da51b1220c3ee604e31b2d145c7f88e0adceb36bb5642377f2237d61d5
recovery_candidate,B097XY2SV1,smart_switch,Electronics,Computers,Cisco Business CBS220-16T-2G Smart Switch | 16 Port GE | 2x1G SFP | 3-Year Limited Hardware Warranty (CBS220-16T-2G-NA),Electronics Computers & Accessories Networking Products Switches,"categories: Electronics Computers & Accessories Networking Products Switches | features: SWITCH PORTS: 16-Port 10/100/1000 + 2 x 1G SFP FLEXIBLE: Extensive portfolio provides ultimate flexibility from 8 to 48 ports and PoE+ combinations SIMPLE: Intuitive on-box UI, mobile app and Cisco Business Dashboard simplifies network operations and automates lifecycle management SECURITY: Integrated with IEEE 802.1X to control access to your network, Denial-of- Service (DoS) attack prevention increases network upti… | description: The Cisco Business CBS220-16T-2G switch is simple and affordable smart switch for business-class network. CBS220 series bridge the gap between the affordability of an unmanag",smart_switch:required_target_context_absent|smart_switch:wrong_product:port,required_target_context_absent|wrong_product,title|features|description|details,switch,smart_near_switch,hold,low,insufficient_evidence,Metadata does not clearly establish wall-lighting control.,w3-v1.4.0-draft,483efe713025cc5b5002c7b3d04211253370d41b107c0fb99624c1b5dd18c2c3
recovery_candidate,B00GK63Y42,smart_switch,Electronics,Computers,Linksys Business 24-Port Gigabit Smart Managed Switch with 2 Gigabit and 2 SFP Ports,Electronics Computers & Accessories Networking Products Network Adapters,"categories: Electronics Computers & Accessories Networking Products Network Adapters | features: … traffic prioritization organizes traffic to enhance performance IGMP snooping enables network to operate at high level of efficiency Smart switches require authentication for secure networks DHCP snooping and IP-MAC binding functions prevent network attacks STP and Storm Control features let you easily expand your network | description: 26-port, Gigabit switch delivers high-quality performance and reliability for business-class management, security and speed. Numerous QoS features ensure that traffic is prioritized properly to deliver the best possible user experience for real-time applications",smart_switch:approved_identity_phrase_absent|smart_switch:required_target_context_absent|smart_switch:wrong_product:network|smart_switch:wrong_product:port,approved_identity_phrase_absent|required_target_context_absent|wrong_product,title|description|details,switch,smart_near_switch,hold,low,insufficient_evidence,Metadata does not clearly establish wall-lighting control.,w3-v1.4.0-draft,48733655a73c8ccc3437e609742e0e6ad0ac8fa05de2b11bc76ac12da1bd91d9
recovery_candidate,B09NY9KQV1,smart_switch,Electronics,Camera & Photo,GooSpy True 1080P Hidden Camera Clock Wireless Spy Cameras HD WiFi Secret Covert Nanny Cam Home Office Surveillance Security Cams Enhanced Night Vision 12/24 Hour Switch Motion Detection Alert,Electronics Camera & Photo Video Surveillance Surveillance Cameras Hidden Cameras,"categories: Electronics Camera & Photo Video Surveillance Surveillance Cameras Hidden Cameras | features: …ext the hidden camera clock will record HD videos to SD card automatically. 【Live Stream Videos on APP】 Connect wireless spy camera clock to your router WIFI, next you can remotely view live videos via Phone app (support Android, iPhone system); You can also remotely playback, download and delete video files on app. 【Stronger Night Vision】 The Security camera clock has 5 high-power invisible infrared lights, you can … | details: …ries Required? Yes Battery Power 1 Volts Best Sellers Rank Hidden Cameras 2282 Brand GooSpy Compatible Devices Smartphone Connectivity Protocol Wi-Fi Connectiv",smart_switch:approved_identity_phrase_absent|smart_switch:required_target_context_absent,approved_identity_phrase_absent|required_target_context_absent,title|features|details,switch,wi fi|wifi,hold,low,insufficient_evidence,Metadata does not clearly establish wall-lighting control.,w3-v1.4.0-draft,48c231256b0e6f8bf8a51f10d6bbeaa0da2c60fd31c218de568eef6d587be5c8
recovery_candidate,B08SWPLGXF,smart_switch,Electronics,Computers,"TP-Link Unmanaged 5-Port 2.5G Multi-Gigabit Desktop Switch, 802.3X Flow Control, 802.1p/DSCP QoS, Ideal for Small and Home Office with fanless Design, Metal Casing, Plug and Play (TL-SG105-M2)",Electronics Computers & Accessories Networking Products Switches,"categories: Electronics Computers & Accessories Networking Products Switches | features: …Gbps Ports: 5 100Mbps/1Gbps/2.5Gbp Ports unlock the highest performance of your Multi-Gig bandwidth and devices, and provide up to 25 Gbps of switching capacity Super-Fast Connections. Provides super-fast connections to 2.5G NAS, 2.5G Server, gaming computer, 2.5G WiFi 6 AP, 4K video, and more Ideal for Various Scenarios. Built for LAN parties, home entertainment, small and home offices, and instant transfer for work… | description: …Gbps Ports: 5Ã 100Mbps/1Gbps/2.5Gbp Ports unlock the highest performance of your Multi-Gig bandwidth and devices, and provide up to 25 Gbps of switching capacity Five 2.5 G",smart_plug:approved_identity_phrase_absent|smart_plug:smart_evidence_not_in_title_or_categories|smart_plug:wrong_product:plug and play|smart_switch:approved_identity_phrase_absent|smart_switch:required_target_context_absent|smart_switch:smart_evidence_not_in_title_or_categories|smart_switch:wrong_product:port,approved_identity_phrase_absent|multi-type conflict|required_target_context_absent|smart_evidence_not_in_title_or_categories|wrong_product,title|features|description,switch,wi fi|wifi,hold,low,insufficient_evidence,Metadata does not clearly establish wall-lighting control.,w3-v1.4.0-draft,498607cd7b2ab60b1de926cd8d7a22c3c261b4de8d5ac0ed1ede79b835a3ac6d
recovery_candidate,B09BJTT7DR,smart_switch,Electronics,,"Generic Waterproof 4G Smart Watch for Kids Toddler – Nano Sim, GPS Tracking, WiFi, Camera, SOS, Alarm, Touch Screen, Phone Book, Camera, Album, SMS, Theme Switch (Pink), Adjustable size",Electronics Wearable Technology Smartwatches,"categories: Electronics Wearable Technology Smartwatches | features: [ GPS Tracker for Kids] Feel your Kid is in Safety with GPS tracking watches using Local Base Station systems + GPS + WI-FI. Get the alarm prompt on your phone when a child leaves his set area [WiFi 4G Nano Sim] Reliable connection with child is of our main target and care. The Sport Design Watch supports 4G networks, WiFi making calls clearer and signals more stable ?? [Camera /Voice Messages] Kids can make and rece… | description: …: Processor: Chip SP9820E Display: color touch screen 1.4 inches IPS with a resolution of 240x240 Waterproof: IP67 Material: high quality plastic, silicone Positioning: GPS, LBS, Wi Fi Battery:",smart_switch:approved_identity_phrase_absent|smart_switch:required_target_context_absent,approved_identity_phrase_absent|required_target_context_absent,title|features|description,switch,wi fi|wifi,hold,low,insufficient_evidence,Metadata does not clearly establish wall-lighting control.,w3-v1.4.0-draft,49d130872ca6873ebb26681d5c5b641acd1794f685b308c97abeb2dcac251bd0
recovery_candidate,B008R711IS,smart_switch,Electronics,,D-Link Systems 20-Port Gigabit Web Smart Switch Including 4 Gigabit SFP Ports (DGS-1210-20),Electronics Computers & Accessories Networking Products Switches,"categories: Electronics Computers & Accessories Networking Products Switches | features: Displays MAC address, IP Address, DHCP hostname Discover via active directory authentication of the insight agent Insight Plus will report client security Time when device was last seen transmitting data on the network Sixteen (16) 10/100/1000BASE-T Ports Four (4) Gigabit SFP Ports Supports 802.1Q VLAN, Auto Voice VLAN and Auto Surveillance VLAN Advanced features include QoS, Bandwidth Limiting, Link Aggregation, Po… | description: The DGS-1210 Series is the latest generation of D-Link Gigabit Web Smart Switches featuring D-Link Green 3.0 technology. The switches comply with the IEEE 802.3az Energy Effic",smart_switch:required_target_context_absent|smart_switch:wrong_product:port,required_target_context_absent|wrong_product,title|details,switch,smart_near_switch,hold,low,insufficient_evidence,Metadata does not clearly establish wall-lighting control.,w3-v1.4.0-draft,4a0fa30f7d938115f3a0d1f7026c1a192849aab6e91df5affa799f0328ab1404
recovery_candidate,B0BMNZH9Z5,smart_switch,Electronics,Computers,Aruba Instant On 1960 24-Port Gb Smart Switch - 24x 1G | 2X SFP+ | 2x10GBase-T (JL806A#ABA),Electronics Computers & Accessories Networking Products Switches,"categories: Electronics Computers & Accessories Networking Products Switches | features: The Aruba Instant On 1960 24G 2SFP+ 2 10Gbase-T Switch is a high performance, smart managed stackable switch designed for small and growing businesses - fast set-up, easy management, and security you can trust Stacking: Stack up to (four) 4 1960 (access and aggregation switches) switches and manage through one single IP address simplifying network operations. This means up to 288 ports including 16 10G uplink ports f… | details: Best Sellers Rank Computer Networking Switches 804 Brand Aruba a Hewlett Packard Enterprise company Compatible Devices Desktop Date First Available October 4, 2021 Item Dimension",smart_switch:required_target_context_absent|smart_switch:wrong_product:port,required_target_context_absent|wrong_product,title|features,switch,smart_near_switch,hold,low,insufficient_evidence,Metadata does not clearly establish wall-lighting control.,w3-v1.4.0-draft,4a6a182d47db4b6ac9aa2e5da017aff009f2589c1f7749f76361980ce2177f3c
recovery_candidate,B00UHGJ5JO,smart_switch,Electronics,,Cisco WS-C3560CX-8TC-S Catalyst 3560-CX 8 Port Data IP Base Switch,Electronics Computers & Accessories Networking Products Switches,"categories: Electronics Computers & Accessories Networking Products Switches | features: Package Dimensions: 18.0 cms (L) x 32.6 cms (W) x 36.2 cms (H) Package Quantity: 1 Product Type: Electronic Switch Country Of Origin: China | description: The Cisco Catalyst 3560-CX and 2960-CX Series Compact Switches help optimize network deployments. These Gigabit Ethernet (GbE) managed switches are ideal for high-speed data connectivity, Wi-Fi backhaul, and Power over Ethernet (PoE) connectivity in places where space is at a premium. With a single copper or fiber cable from the wiring closet, Catalyst compact switches enable IP connectivity for devices such as IP ph…",smart_switch:approved_identity_phrase_absent|smart_switch:required_target_context_absent|smart_switch:smart_evidence_not_in_title_or_categories|smart_switch:wrong_product:port,approved_identity_phrase_absent|required_target_context_absent|smart_evidence_not_in_title_or_categories|wrong_product,title|features|description|details,switch,wi fi|wifi,hold,low,insufficient_evidence,Metadata does not clearly establish wall-lighting control.,w3-v1.4.0-draft,4aaea715666e691bd8466b8c324fad19183201fb9c27adaf6836c39740aa1725
recovery_candidate,B0CJ33D8X3,smart_switch,Home_and_Kitchen,,"SMATAIN Automatic Curtain Opener Robot - Smart Curtains Home Device with Remote Control, Timer Switch, Voice Control, Manual Control 1 Pack",Home & Kitchen Vacuums & Floor Care Vacuums Robotic Vacuums,"categories: Home & Kitchen Vacuums & Floor Care Vacuums Robotic Vacuums | features: Convenient and easy to use: This smart curtain opener robot is a smart home device that can be operated through remote control, timer switch, voice control, or manual control, making it extremely convenient and easy to use. Efficient and labor-saving: This smart curtains opener robot can automatically open and close the curtains, eliminating the need for you to manually pull them, improving your efficiency and saving… | details: Batteries 2 Lithium Ion batteries required. (included) Best Sellers Rank Home & Kitchen 1016779 Robotic Vacuums 941 Brand Smatain Color White Date First Available March 27, 2023 Item ",smart_switch:approved_identity_phrase_absent|smart_switch:required_target_context_absent,approved_identity_phrase_absent|required_target_context_absent,title|features,switch,smart home|voice control,hold,low,insufficient_evidence,Metadata does not clearly establish wall-lighting control.,w3-v1.4.0-draft,4af2b5e968b4e02caf713d8f0c22620682059a84355cc8dd33403f46da962660
recovery_candidate,B09DPW79XT,smart_switch,Home_and_Kitchen,Amazon Home,"Facelle Smoothie Blender, 400W Powerful Personal Blender, 17Oz Personal Size Blender with 4 Sharp Stainless Steel Blades, Smart Switch Portable Blender for Shakes Frozen Drinks Smoothies Food Juices",Home & Kitchen Kitchen & Dining Small Appliances Blenders Countertop Blenders,"categories: Home & Kitchen Kitchen & Dining Small Appliances Blenders Countertop Blenders | details: Best Sellers Rank Countertop Blenders 1014 Kitchen & Dining 560499 Brand Facelle Date First Available February 10, 2022 Is Dishwasher Safe Yes Item Weight 2.55 pounds Item model number TB9603 Material Stainless Steel Power Source Corded Electric Product Dimensions 4.2 x 4.2 x 137.4 inches Recommended Uses For Product Juices Special Feature Portable Style Modern Voltage 120 Volts Wattage 400 watts",smart_switch:required_target_context_absent|smart_switch:wrong_product:smart switch portable blender,required_target_context_absent|wrong_product,title,switch,smart_near_switch,hold,low,insufficient_evidence,Metadata does not clearly establish wall-lighting control.,w3-v1.4.0-draft,4bb110c3cb3cdc53a4bb09456a5f7961eaf617962d9a5717a31f08b5c226e16e
recovery_candidate,B0765NCB2L,smart_switch,Electronics,All Electronics,DIGITAL LOGGERS Web Power Switch Pro Model,Electronics Accessories & Supplies Power Strips & Surge Protectors Power Strips,"categories: Electronics Accessories & Supplies Power Strips & Surge Protectors Power Strips | features: Rugged, reliable power control over the web. Industrial quality, 15A Secure web server with SSL, SSH, HTTPS, SNMP, REST API, MODBUS Amazon Echo/Alexis compatible Simple web UI, or write your own script or program AutoPing feature to reliably reboot routers or APs | description: …dated model with 6 foot detachable power cord and heavy duty power supply. Keypad for local outlet control and setup. Both wired Ethernet and WiFi for reliable control. AutoPing to automatically reboot routers, APs and IP cameras. Internal clock for programmed scheduling. Rest API online for simple, quick developme",smart_plug:approved_identity_phrase_absent|smart_plug:identity_not_in_title_or_categories|smart_switch:approved_identity_phrase_absent|smart_switch:required_target_context_absent|smart_switch:smart_evidence_not_in_title_or_categories,approved_identity_phrase_absent|multi-type conflict|required_target_context_absent|smart_evidence_not_in_title_or_categories,title|description,switch,wi fi|wifi,hold,low,insufficient_evidence,Metadata does not clearly establish wall-lighting control.,w3-v1.4.0-draft,4e7aa27b942798727bc76c44897c6e5e63aed60399e91318f91291347207da37
recovery_candidate,B09DKS9HG9,smart_switch,Home_and_Kitchen,Amazon Home,"FEMELI Acrylic Floating Wall Shelves (2 Sets,10 Inch), Short Display Shelf for Switch Smart Speaker Action Figures-No Drill(3M Tape in Package)",,"details: Shape Rectangular Brand FEMELI Date First Available November 2, 2021 Furniture Finish Black Installation Type Wall Mount Item Weight 1.03 pounds Material Acrylic Number of Items 2 Number of Shelves 2 Product Care Instructions Wipe with Dry Cloth Product Dimensions 10 x 4.7 x 3.6 inches Shelf Type Floating Shelf Special Feature Durable",smart_switch:approved_identity_phrase_absent,approved_identity_phrase_absent,title,switch,smart_near_switch,hold,low,insufficient_evidence,Metadata does not clearly establish wall-lighting control.,w3-v1.4.0-draft,4ef3bcd46bb37528dbac33153ffca1fbe2ee326918468adfb1c11ca27bf1d891
recovery_candidate,B073PY5DLK,smart_switch,Electronics,Computers,"Acer Switch 3, 12.2"" Full HD Touch 2-n-1 Laptop/Tablet, Pentium N4200, 4GB LPDDR3, 64GB Storage, Windows 10 Home, Active Pen, SW312-31-P946",Electronics Computers & Accessories Computers & Tablets Laptops 2 in 1 Laptops,"categories: Electronics Computers & Accessories Computers & Tablets Laptops 2 in 1 Laptops | features: Intel Pentium N4200 Quad-Core Processor (Up to 2.5GHz) 12.2"" Full HD 1920 x 1080 Multi-Touch IPS Display 4GB of LPDDR3 Memory, 64GB Internal Storage 2-cell Li-Ion (4670 mAh) Battery, Up to 8 Hours Battery Life Acer Active Pen. Ultra quick data transfer, video streaming, and battery charging up with USB 3.1 Type-C Max Memory: 32 GB | description: Acer Switch 3 SW312-31-P946 2 in 1 Laptop comes with these high level specs: Intel Pentium N4200 Quad-Core Processor (Up to 2.5GHz), Windows 10 Home, 12.2"" Full HD (1920 x 1080) widescreen LED-backlit IPS display - Multi-touch screen, supporting fin",smart_switch:approved_identity_phrase_absent|smart_switch:required_target_context_absent|smart_switch:smart_evidence_not_in_title_or_categories,approved_identity_phrase_absent|required_target_context_absent|smart_evidence_not_in_title_or_categories,title|description|details,switch,wi fi|wifi,hold,low,insufficient_evidence,Metadata does not clearly establish wall-lighting control.,w3-v1.4.0-draft,4f92a0ebd196bf6f30bbc3de2021b815d679e49c982382b0b63723f18c1279c7
recovery_candidate,B00W6V3OX6,smart_switch,Electronics,Computers,HPE OfficeConnect 1950 48-Port Gig Smart Switch-48xGE|2xSFP+|2x10GBASE-T (JG961A#ABA),Electronics Computers & Accessories Networking Products Switches,"categories: Electronics Computers & Accessories Networking Products Switches | features: HPE OfficeConnect 1950 Series switches are advanced 10-Gigabit oriented web managed smart switches for business networks and workgroups needing ultra-high performance. Functionality: Advanced Layer 2/3 operation including static routing, Access Control Lists (ACLs), VLANs, 802.1X network login, Spanning Tree, and Link Aggregation | 4-high true stacking with other 1950 Gigabit switches. Hardware: rack width with mount… | details: Best Sellers Rank Computer Networking Switches 2501 Brand Aruba a Hewlett Packard Enterprise company Compatible Devices Desktop Date First Available April 16, 2015 Included Compo",smart_switch:required_target_context_absent|smart_switch:wrong_product:port,required_target_context_absent|wrong_product,title|features|details,switch,smart_near_switch,hold,low,insufficient_evidence,Metadata does not clearly establish wall-lighting control.,w3-v1.4.0-draft,50096ecb58ea6b4c4e7ac4c34d6da69ed45e854cecfd1ba6f3c613b92e30437e
recovery_candidate,B09J1GR75N,smart_switch,Home_and_Kitchen,Amazon Home,"Atomi Smart WiFi 25"" Ceramic Tower Space Heater – 3rd Gen.,1500W, Wide-Angle Oscillation, 750 Square-Foot Coverage, Tip-Over Safety Switch, Smartphone Control, Compatible with Alexa and Google Assistant","Home & Kitchen Heating, Cooling & Air Quality Space Heaters Electric Space Heaters","categories: Home & Kitchen Heating, Cooling & Air Quality Space Heaters Electric Space Heaters | features: …r blowing. SAFEST ON THE MARKET - First ETL-certified smart heater to pass safety tests with its premium built-in features including: a tip-over safety switch, overheat protection, cool-touch housing, and carry handle. WIFI ENABLED - Operate remotely by downloading the free, highly rated Atomi app to your smart device. Create daily or weekly schedules, turn the heater on/off, turn on oscillation, and more. VOICE ACTI… | details: Heating Method Convection Best Sellers Rank Home & Kitchen 378814 Indoor Electric Space Heaters 201 Brand Atomi smart Burner type Radiant Color Black Country o",smart_switch:approved_identity_phrase_absent|smart_switch:required_target_context_absent,approved_identity_phrase_absent|required_target_context_absent,title|features,switch,alexa|google assistant|smartphone control|wi fi|wifi,hold,low,insufficient_evidence,Metadata does not clearly establish wall-lighting control.,w3-v1.4.0-draft,51cc8424f4542ff448b798596a6e9d995f471ba060e2138966cd91086b4c41d9
recovery_candidate,B07H4G3VPL,smart_switch,Electronics,All Electronics,WINGONEER 4 Way WiFi Remote Wireless Smart Switch DIY Home Timing/Delay Self-Latching/Inching/Interlocking Relay - Have Shell 7-30V + 433M Remote Control,,"features: 4 way WiFi Remote Wireless Smart Switch DIY Home Timing/Delay Self-Latching/Inching/Interlocking relay Self-latching mode: All channels are mutually independent,press the button to open the channel and it will close when button be pressed again Inching mode: All channels are mutually independent,press the button to open the channel and it will close automatically after 1S delay Interlocking mode: All channels are cor… | description: WINGONEER trademark Reg.NO:4747611WINGONEER 4 way WiFi Remote Wireless Smart Switch DIY Home Timing/Delay Self-Latching/Inching/Interlocking relay - Have Shell 7-30V + 433M Remote ControlFeatures:Wechat sharing/Timing/delay/Scene linkage/Independent con",smart_switch:required_target_context_absent|smart_switch:wrong_product:relay,required_target_context_absent|wrong_product,title|features|description|details,switch,smart_near_switch|wi fi|wifi,hold,low,insufficient_evidence,Metadata does not clearly establish wall-lighting control.,w3-v1.4.0-draft,526f1f6e76f60efc57bc90a4c40be3108b7de0bf295ff4704ae60a183e81d20f
recovery_candidate,B0BKQB7717,smart_switch,Electronics,,"Cisco Business CBS250-24T-4G Smart Switch | 24 Port GE & StarTech.com 6U Wall Mount Network Rack - 14 Inch Deep (Low Profile) - 19"" Patch Panel Bracket, Black (WALLMOUNT6)",Electronics Computers & Accessories Data Storage Network Attached Storage Devices,"categories: Electronics Computers & Accessories Data Storage Network Attached Storage Devices | features: Product 1: SWITCH PORTS: 24-Port 10/100/1000 plus 4 x 1GE SFP Product 1: SIMPLE: Intuitive Cisco Business Dashboard or on-box U/I simplifies network operations and automates lifecycle management Product 1: FLEXIBLE: Extensive portfolio provides ultimate flexibility from 8 to 48 ports and PoE plus combinations Product 1: SECURITY: Integrated with IEEE 802.1X port security to control access to your network, Denial-of- … | details: Brand CISCO DESIGNED Date First Available October 27, 2022 Manufacturer CISCO DESIGNED",smart_switch:wrong_product:network|smart_switch:wrong_product:port,wrong_product,title|features,switch,smart_near_switch,hold,low,insufficient_evidence,Metadata does not clearly establish wall-lighting control.,w3-v1.4.0-draft,52f94d1548f940929d7f4b5ab22a424e6dc825d363d54d79e8584b1df12e0942
recovery_candidate,B06XK47R52,smart_switch,Electronics,All Electronics,"TESmart Rack Mount Ultra HD 4K HDMI 8X8 Matrix Switcher Supports 4Kx2K@30HZ,1080P@60Hz,3D&Deep Color,LAN Port Control,HDMI",Electronics Home Audio Home Audio Accessories Distribution Selector Switch Boxes,"categories: Electronics Home Audio Home Audio Accessories Distribution Selector Switch Boxes | features: … select standalone input,easy control matrix via IR receiver, panel keypad and PC (via LAN port or RS232 port),new support add Android edition APP Control software. The max resolution up to 3840*2160@30Hz,8KV ESD protection,matrix status could be memorized after power down, automatically restore previous matrix status after next power on. Fast switch, no delay,easy to view real time inputs and outputs statue via LCD … | details: Best Sellers Rank Audio & Video Selector Boxes 1061 Brand TESmart Cable Type HDMI Color 8x8A10-Black Connector Type HDMI Date First Available March 3, 2017 Is Di",smart_switch:approved_identity_phrase_absent|smart_switch:required_target_context_absent|smart_switch:smart_evidence_not_in_title_or_categories|smart_switch:wrong_product:port,approved_identity_phrase_absent|required_target_context_absent|smart_evidence_not_in_title_or_categories|wrong_product,categories|features,switch,app control,hold,low,insufficient_evidence,Metadata does not clearly establish wall-lighting control.,w3-v1.4.0-draft,54ebed942e5ad6183f83e933a83795faf2571546e6762641589e258bb01a72e5
recovery_candidate,B017DFNFT2,smart_switch,Electronics,Computers,"Buffalo Smart 16 Port Business Switch (BS-GS2016),Black",Electronics Computers & Accessories Networking Products Switches,"categories: Electronics Computers & Accessories Networking Products Switches | features: Lifetime warranty with 24/7 North American-based technical support (with registration) Can be configured as a layer 2 or layer 3 switch HTTP/HTTPS secure web management / VLAN support / SNMP / QoS 16 Ports Durable metal chassis 2 SFP ports (Compatible with 1000BASE-SX and 1000BASE-LX transceivers with optional device) Fanless 19-inch rack mounting tabs included Internal Power Unit | description: This managed switch will allow you to monitor your network, keep track of what devices are connected to the network, and disconnect devices remotely through specific ports. Through this switch, by limiting bandwi",smart_switch:approved_identity_phrase_absent|smart_switch:required_target_context_absent|smart_switch:wrong_product:port,approved_identity_phrase_absent|required_target_context_absent|wrong_product,title|features|description,switch,smart_near_switch,hold,low,insufficient_evidence,Metadata does not clearly establish wall-lighting control.,w3-v1.4.0-draft,55901333dd0d1abd89bb1bbf4af7000a454ba47ff42a7a92a256fc392b2aa54e
recovery_candidate,B08PBDCRBH,smart_switch,Electronics,Computers,"Latest_HP_Spectre x360 2-in-1 15.6"" 4K UHD Touch Laptop, Intel Core i7-10750H, 16GB RAM, 512GB SSD, NVIDIA_MX330, HDMI, Thounderbolt, Fingerprint, Webcam Kill Switch, Win 10, 1-Month BDQPOWER Support",Electronics Computers & Accessories Computers & Tablets Laptops Traditional Laptops,"categories: Electronics Computers & Accessories Computers & Tablets Laptops Traditional Laptops | features: …h 2GB dedicated graphics memory Windows 10 Home, 64-bit, MicroSD_media card reader, Bang & Olufsen with quad speakers, HP TrueVision HD IR camera, Intel Wi-Fi 6 AX 201, Bluetooth 5.0, Fingerprint reader, Webcam Kill Switch, Mic Mute key, 1-Month BDQPOWER Support 1 Thunderbolt3 1 USB-C 1 USB Type-A 1 HDMI 2.0 1 headphone/microphone combo jack | description: …Spectre x360 2-in-1 15.6"" 4K UHD Touch Laptop, Intel Core i7-10750H, 16GB RAM, 512GB SSD, NVIDIA_MX330, HDMI, Thounderbolt, Fingerprint, Webcam Kill Switch, Win 10, 1-Month BDQPOWER Support",smart_switch:approved_identity_phrase_absent|smart_switch:required_target_context_absent|smart_switch:smart_evidence_not_in_title_or_categories,approved_identity_phrase_absent|required_target_context_absent|smart_evidence_not_in_title_or_categories,title|features|description,switch,wi fi|wifi,hold,low,insufficient_evidence,Metadata does not clearly establish wall-lighting control.,w3-v1.4.0-draft,5621ff9c1d0bed3ab7d44d2712c32dbd6976f2ea1728a9ad091c9c8f09a57de5
recovery_candidate,B00BFGMFHE,smart_switch,Electronics,All Electronics,"Beastron Remote Control Electrical Outlet Switch for Lights and Household Appliances with a 100 ft.Range, White (1Pack) Set-of-micro-36",Electronics Portable Audio & Video Portable Speakers & Docks Portable Line-In Speakers,"categories: Electronics Portable Audio & Video Portable Speakers & Docks Portable Line-In Speakers | features: Build your smart home: learning functions allows you to programmer one outlet with more remotes or one Remote with more outlets, extra remote control switch can be also purchased from Beastron and matched to existing units, build your smart home system. Home Appliance assistant: Remotely control hard-to-reach appliances and devices from the comfort of your bed or sofa at the push of a button, A great assistant to the… | description: Why choose Beastron remote control Outlet switch?1. Leaving an appliance in standby can consume 10-50% of the power and can shorten the life of the appl",smart_plug:approved_identity_phrase_absent|smart_plug:smart_evidence_not_in_title_or_categories|smart_switch:approved_identity_phrase_absent|smart_switch:smart_evidence_not_in_title_or_categories,approved_identity_phrase_absent|multi-type conflict|smart_evidence_not_in_title_or_categories,title|features|description,switch,smart home,hold,low,insufficient_evidence,Metadata does not clearly establish wall-lighting control.,w3-v1.4.0-draft,56292673f41946c838b8ffd001ff5b5fb881ded7477b32e1f97f2c279d324aec
recovery_candidate,B072BZ37NH,smart_switch,Electronics,Computers,"Mini USB Metal Table Fan,Touch Switch with Smart Sensor 2 Speed,Circulation Technology,Adjust Indoor Air Flow for Family,Office,(White)",Electronics Computers & Accessories Computer Accessories & Peripherals USB Gadgets USB Fans,categories: Electronics Computers & Accessories Computer Accessories & Peripherals USB Gadgets USB Fans | details: Number of Blades 5 Color White Electric fan design Table Fan Item Weight 0.64 Pounds Mounting Type Table Fan Noise Level 34 dB Number of Speeds 2 Power Source Corded Electric Recommended Uses For Product Cooling Room Type Office Style Modern Voltage 5 Volts Wattage 5 watts,smart_switch:approved_identity_phrase_absent|smart_switch:required_target_context_absent,approved_identity_phrase_absent|required_target_context_absent,title,switch,smart_near_switch,hold,low,insufficient_evidence,Metadata does not clearly establish wall-lighting control.,w3-v1.4.0-draft,564ffebc1b4c957d46bb41221b4898384ff4b9bed367194823131975a647fad3
recovery_candidate,B000MVPMQO,smart_switch,Electronics,,GS748T - NETGEAR GS748T ProSafe GS748T 10/100/1000Mbps Gigabit Smart Switch,Electronics Computers & Accessories Networking Products Switches,"categories: Electronics Computers & Accessories Networking Products Switches | description: The NETGEAR new generation of ProSAFE Gigabit Smart Switches offers new, powerful L2 and L2+ features with enhanced performance and usability. They are purposely designed for the future where increased traffic and application-oriented tasks demands more intelligence at the edge, higher realiability and improved network efficiency on top of operational cost savings and ease of management. There are three products in t… | details: Best Sellers Rank Computer Networking Switches 8356 Date First Available October 21, 2015 Item model number GS748T Manufacturer Netgear",smart_switch:required_target_context_absent,required_target_context_absent,title|description,switch,smart_near_switch,hold,low,insufficient_evidence,Metadata does not clearly establish wall-lighting control.,w3-v1.4.0-draft,5660d5570cecd9ab04f0a92535b4ede80237bc67cb55ca607fcf47cc3571e47d
recovery_candidate,B07619H979,smart_switch,Electronics,Camera & Photo,"SlingStudio Hub - HD Video Switcher for Multi-Camera Production, and Live Streaming",Electronics Home Audio Home Audio Accessories Distribution Selector Switch Boxes,"categories: Electronics Home Audio Home Audio Accessories Distribution Selector Switch Boxes | features: … up to 300 feet, saving you hours of setup and teardown time. MAC or IPAD CONTROL - Use your Mac OS device or iPad to monitor your feeds and easily switch between 4 cameras in real time (manual or auto switching). Import custom and motion graphics, add text overlays, scoreboard, Instant replay, coach and referee review, chromakey, lower-thirds and use compositions like Pip, quad view, and video conferencing mode. EAS… | description: The SlingStudio Hub connects all of your video sources -- including professional cameras and smartphones -- to a private Wi-Fi network for synchronizing and ",smart_switch:approved_identity_phrase_absent|smart_switch:required_target_context_absent|smart_switch:smart_evidence_not_in_title_or_categories,approved_identity_phrase_absent|required_target_context_absent|smart_evidence_not_in_title_or_categories,categories|features|description,switch,wi fi|wifi,hold,low,insufficient_evidence,Metadata does not clearly establish wall-lighting control.,w3-v1.4.0-draft,56bb163f27a0003c697dd338463f379c6588051bf8af5bf66a6ef74a8875f7bf
recovery_candidate,B07KCKDBGV,smart_switch,Electronics,All Electronics,AutoAqua Smart Smart A/C Switch,,"details: Date First Available March 7, 2022 Is Discontinued By Manufacturer No Item Weight 3.56 ounces Manufacturer AutoAqua Package Dimensions 6.46 x 2.36 x 2.17 inches",smart_switch:approved_identity_phrase_absent|smart_switch:required_target_context_absent,approved_identity_phrase_absent|required_target_context_absent,title,switch,smart_near_switch,hold,low,insufficient_evidence,Metadata does not clearly establish wall-lighting control.,w3-v1.4.0-draft,58befca67690af5fea174182d191db2848c3563462bfad67c917e47cc1543a50
recovery_candidate,B00RU1XB9E,smart_switch,Electronics,Computers,"Acer 10.1"" Aspire Switch 2 in 1 Touchscreen Laptop 2GB 32GB | SW5-012-18MY",Electronics Computers & Accessories Laptop Accessories Replacement Screens,"categories: Electronics Computers & Accessories Laptop Accessories Replacement Screens | features: This Certified Refurbished product is tested and certified by the manufacturer or by a third-party refurbisher to look and work like new,with limited to no signs of wear.The refurbishing process includes functionality testing,inspection,reconditioning and repackaging.The product ships with all relevant accessories,a minimum 90-day warranty,and may arrive in a generic white or brown box.Only select sellers who mainta… | description: …c photo editing and casual gaming with Intel HD Graphics Connect to a broadband modem or router with wired Ethernet, or wirelessly connect to a Wi-Fi signal or hots",smart_switch:approved_identity_phrase_absent|smart_switch:required_target_context_absent|smart_switch:smart_evidence_not_in_title_or_categories,approved_identity_phrase_absent|required_target_context_absent|smart_evidence_not_in_title_or_categories,title|description,switch,wi fi|wifi,hold,low,insufficient_evidence,Metadata does not clearly establish wall-lighting control.,w3-v1.4.0-draft,5a3f3fc1ae96071d01b4de871ea1d11a33f140ed61a565f3e4fc2059878560c2
recovery_candidate,B08Q3JF7BN,smart_switch,Electronics,Computers,Cisco Business CBS250-16T-2G Smart Switch | 16 Port GE | 2x1G SFP | Limited Lifetime Protection (CBS250-16T-2G-NA),Electronics Computers & Accessories Networking Products Switches,"categories: Electronics Computers & Accessories Networking Products Switches | features: SWITCH PORTS: 16-Port 10/100/1000 + 2 x 1GE SFP SIMPLE: Intuitive Cisco Business Dashboard or on-box U/I simplifies network operations and automates lifecycle management FLEXIBLE: Extensive portfolio provides ultimate flexibility from 8 to 48 ports and PoE+ combinations SECURITY: Integrated with IEEE 802.1X port security to control access to your network, Denial-of- Service (DoS) attack prevention increases network u… | details: Brand Cisco Compatible Devices Desktop Included Components Switch, Power cord or adapter, Mounting hardware, and Quick Start Guide Item Dimensions LxWxH 10.55 x 10.69 x 1.73 inch",smart_switch:required_target_context_absent|smart_switch:wrong_product:port,required_target_context_absent|wrong_product,title|features|details,switch,smart_near_switch,hold,low,insufficient_evidence,Metadata does not clearly establish wall-lighting control.,w3-v1.4.0-draft,5b57c98f08cdfbf12a278b449d49855c36d55e61053dab93cc6a053fd6b72abd
recovery_candidate,B076CQ5J4C,smart_switch,Electronics,,Comtrend GS-7408 8-Port Gigabit Ethernet Smart Lite Switch,Electronics Computers & Accessories Networking Products Switches,"categories: Electronics Computers & Accessories Networking Products Switches | features: 8 Gigabit Ethernet Ports IGMP Snooping v1/v2/v3 Port-Based Bandwidth Control 1Q VLAN for Traffic Segregation Port-Based VLAN | description: Comtrend’s gs-7408, a smart-lite Gigabit Ethernet switch, offers the performance of business-class networking in a cost-effective solution. The gs-7408 features effective management such as remote network monitoring, traffic prioritization, and VLAN features. It is ideal for the business looking for simple management in deployments of high bandwidth video and network services. | details: Brand COMTREND Compatible Devices Desktop Date First Available October 11, 2017 ",smart_switch:approved_identity_phrase_absent|smart_switch:required_target_context_absent|smart_switch:wrong_product:ethernet|smart_switch:wrong_product:port,approved_identity_phrase_absent|required_target_context_absent|wrong_product,title|description|details,switch,smart_near_switch,hold,low,insufficient_evidence,Metadata does not clearly establish wall-lighting control.,w3-v1.4.0-draft,5d2680cf909bb5f7289e859bcd600611e765b8240e83fd4cc65899f3c9175043
recovery_candidate,B08FJ6V6SS,smart_switch,Home_and_Kitchen,Amazon Home,"12V 5KW Diesel Air Fuel Heater,SAEEN 10L Fuel Tank Smart Digital Voice Switch, Used for Trucks, Boats, Cars, RVs, Campers, Caravans",,"details: Date First Available January 5, 2021 Item Weight 16.29 pounds Package Dimensions 18.62 x 17.83 x 11.3 inches",smart_switch:approved_identity_phrase_absent|smart_switch:required_target_context_absent,approved_identity_phrase_absent|required_target_context_absent,title,switch,smart_near_switch,hold,low,insufficient_evidence,Metadata does not clearly establish wall-lighting control.,w3-v1.4.0-draft,5df82134ac289304b2906a87a98bad03e11e756e6b536999c00127a37998ca04
recovery_candidate,B09RQ43VHN,smart_switch,Electronics,Computers,"Samsung Galaxy Tab A8 LTE Android Tablet WiFi + 10.5” LCD Screen, 32GB Storage, Long-Lasting Battery, Kids Content, Smart Switch, Expandable Memory (Silver)",Electronics Computers & Accessories Computers & Tablets Tablets,"categories: Electronics Computers & Accessories Computers & Tablets Tablets | features: A Screen Everyone Will Love: Whether your family is streaming or video chatting with friends, the Galaxy Tab A8 tablet brings out the best in every moment on a 10.5"" LCD screen Power and Storage for All: Get the power, storage and speed your family needs with an upgraded chipset and plenty of room to keep files — up to 128GB of storage; A long-lasting battery lets you go unplugged for hours to keep the family fun go… | description: A screen everyone will love: Galaxy Tab A8 features a vivid 10.5'' LCD screen that's made to make every moment better. Stream your favorite action flick with brilliant clarity.",smart_switch:required_target_context_absent,required_target_context_absent,title,switch,smart_near_switch|wi fi|wifi,hold,low,insufficient_evidence,Metadata does not clearly establish wall-lighting control.,w3-v1.4.0-draft,5e36a735e67714c205de3b288f6d6f9670cd14c51ae9c0d0df27c48e2ee4286c
recovery_candidate,B08SBXCLY3,smart_switch,Home_and_Kitchen,Amazon Home,LoveDisplay Acrylic Floating Wall Shelves with Cable Hole，Clear Wall Shelves Set of 2，Wall Shelf for Bedroom Gaming Room Office for Smart Speaker Webcam Switch Electronics,Home & Kitchen Home Décor Products Home Décor Accents Floating Shelves,"categories: Home & Kitchen Home Décor Products Home Décor Accents Floating Shelves | features: ☛The wall shelf perfectly extends the wall space, so that your desktop is clean and comfortable ☛·The creative cable hole design gives the small acrylic shelf infinite possibilities, which is more in line with the needs of smart homes ☛The wall frame is made of high-quality acrylic, with safe and reliable screws, it can easily bear 10 pounds ☛The clear wall shelf is beautiful in appearance, whether it is placed in t… | details: Shape L-Shape Age Range (Description) women Best Sellers Rank Floating Shelves 6409 Home & Kitchen 2613294 Storage Racks, Shelves & Drawers 10266 Brand LoveDisplay Date Firs",smart_switch:approved_identity_phrase_absent,approved_identity_phrase_absent,title,switch,smart_near_switch,hold,low,insufficient_evidence,Metadata does not clearly establish wall-lighting control.,w3-v1.4.0-draft,5f0c25d15e5cb461ea786348224d943df259855cea6f2ee5caba263ead1cd0c6
recovery_candidate,B09RCSCP9N,smart_switch,Electronics,Computers,"2022 Newest Model Switch OLED Display with White Controllers and Dock - 7"" 1280 x 720 OLED Touchscreen Display, 64GB Internal Storage, 802.11AC WiFi, Bluetooth 4.1, Ethernet, Type-C",Electronics Computers & Accessories Computers & Tablets Tablets,"categories: Electronics Computers & Accessories Computers & Tablets Tablets | details: Average Battery Life (in hours) 9 Hours Brand PURTCH Card Description Integrated Date First Available May 25, 2022 Flash Memory Size 64 GB Hard Drive 64 GB Operating System Windows 10 Screen Resolution 1280 x 720 Standing screen display size 7 Inches",smart_switch:approved_identity_phrase_absent|smart_switch:required_target_context_absent|smart_switch:wrong_product:ethernet,approved_identity_phrase_absent|required_target_context_absent|wrong_product,title,switch,wi fi|wifi,hold,low,insufficient_evidence,Metadata does not clearly establish wall-lighting control.,w3-v1.4.0-draft,5fee151f06ef31765ae1b9627340eaa50d8cf495d624532d22295c1f6d0749fd
recovery_candidate,B076H9ZGFH,smart_switch,Electronics,Computers,"Acer Switch 7 Black Edition, 13.5"" 2256 x 1504 Touch, 8th Gen Intel i7-8550U, 16GB LPDDR3, 512GB SSD, Windows 10 Pro, Acer Active Stylus, SW713-51GNP-879G",Electronics Computers & Accessories Computers & Tablets,"categories: Electronics Computers & Accessories Computers & Tablets | features: 8th Generation Intel Core i7-8550U Processor (Up to 4.0GHz) 13.5"" 2256 x 1504 Multi-Touch IPS Display 16GB of LPDDR3 Onboard Memory, 512GB SSD 2-cell Li-Ion (4870 mAh) Battery, Up to 8 Hours Battery Life Acer Active Stylus | description: Acer Switch 7 Black Edition SW713-51GNP-879G 2 in 1 Laptop comes with these high level specs: 8th Generation Intel Core i7-8550U Processor (Up to 4.0GHz), Windows 10 Professional, 13.5"" (2256 x 1504) widescreen LED-backlit IPS display - Multi-touch screen, supporting finger touch, NVIDIA GeForce MX150 with 2 GB of dedicated GDDR5 VRAM, 16GB LPDDR3 Onboard Memory, 512GB SSD, Micro",smart_switch:approved_identity_phrase_absent|smart_switch:required_target_context_absent|smart_switch:smart_evidence_not_in_title_or_categories,approved_identity_phrase_absent|required_target_context_absent|smart_evidence_not_in_title_or_categories,title|description,switch,wi fi|wifi,hold,low,insufficient_evidence,Metadata does not clearly establish wall-lighting control.,w3-v1.4.0-draft,614cba9149cdc548f314b39cdc88fe0649302afeda9efe13070f576f699ef21f
recovery_candidate,B00077ALPA,smart_switch,Electronics,All Electronics,NETGEAR GS716TNA Giga Smart Switch 16Pt,Electronics Computers & Accessories Networking Products Switches,"categories: Electronics Computers & Accessories Networking Products Switches | description: Netgear Giga Smart Switch 16Pt | details: Brand NETGEAR Compatible Devices Desktop Date First Available April 2, 2004 Item Dimensions LxWxH 20 x 15 x 5 inches Item Weight 1.75 Pounds Item model number GS716TNA Manufacturer Netgear National Stock Number 7025-01-631-3627 Number of Ports 16 Product Dimensions 20 x 15 x 5 inches",smart_switch:required_target_context_absent,required_target_context_absent,title|description,switch,smart_near_switch,hold,low,insufficient_evidence,Metadata does not clearly establish wall-lighting control.,w3-v1.4.0-draft,61817103f7de3fa31a0f6daa86c6b260c2fded835f175327c052ec555995ae98
recovery_candidate,B006LLGPD8,smart_switch,Electronics,Computers,SMC SMCGS10C-Smart EZ Switch  10/100/1000 10-Port Gigabit Ethernet Smart Switch with 2 100/1000BASE-X SFP Uplink Slots,Electronics Computers & Accessories Networking Products Switches,"categories: Electronics Computers & Accessories Networking Products Switches | features: SMC Networks EZ Switch SMCGS10C-Smart is a new 10-port Gigabit Ethernet switch providing 8 Gigabit ports and 2 100/1000BASE-X SFP slots. The switch supports a flexible web-based management interface as well as SNMP for both IPv4 and IPv6. The new SMCGS10C-Smart provides a range of feature-rich functions, including VLANs, Spanning Tree, link aggregation, multicast filtering, security, storm control, and QoS with 8 pri… | details: Brand SMC Compatible Devices Desktop Item Dimensions LxWxH 12.99 x 8.03 x 1.69 inches Item Weight 3.42 Pounds Number of Ports 8",smart_switch:required_target_context_absent|smart_switch:wrong_product:ethernet|smart_switch:wrong_product:port,required_target_context_absent|wrong_product,title|features,switch,smart_near_switch,hold,low,insufficient_evidence,Metadata does not clearly establish wall-lighting control.,w3-v1.4.0-draft,622802894bdd7979249d45edc1df16079c49151a4af00af04e3b6ddeb10b43a5
recovery_candidate,B00QLY7N0Y,smart_switch,Electronics,Industrial & Scientific,NETGEAR ProSafe GS108Tv2 Gigabit Smart Switch,Electronics Computers & Accessories Networking Products Switches,"categories: Electronics Computers & Accessories Networking Products Switches | features: Ports: 8 x 10/100/1000Base-T (RJ-45) MAC Address Entries: 8000 | description: …Power over Ethernet (PoE). It can obtain its power from either a PoE source or from an external AC power adapter. This gives an SMB flexibility when installing the switch in places where a power outlet is not present. The GS108T comes with an intuitive, Web-browser interface which offer simple Smart Switch management, making it a snap to monitor switch performance, configure ports, even set up port trunks, VLANs, and… | details: …ES Manufacturer Netgear, Inc National Stock Number 5930-01-602-5143 Number of Ports 8 Product Dime",smart_plug:approved_identity_phrase_absent|smart_plug:identity_not_in_title_or_categories|smart_switch:required_target_context_absent,multi-type conflict|required_target_context_absent,title|description|details,switch,smart_near_switch,hold,low,insufficient_evidence,Metadata does not clearly establish wall-lighting control.,w3-v1.4.0-draft,625a6eec6afc32e5e45db204e504ea8935ce4443dc7645c80dab33108eabb120
recovery_candidate,B017R6F0VI,smart_switch,Electronics,,TP-Link Jetstream 24-Port Gigabit Smart Switch with 4 SFP Slots,Electronics Computers & Accessories Networking Products Switches,"categories: Electronics Computers & Accessories Networking Products Switches | features: T1600G-28TS | description: Gigabit Ethernet connections on all ports provide full speed of data transferring L2+ Feature-Static Routing, helps route internal traffic for more efficient use of network resources Integrated security strategy including 802.1Q VLAN, Port Security and Storm control help protect LAN area investment L2/L3/L4 QoS and IGMP snooping optimize voice and video applications IPv6 support with dual IPv4/IPv6 stack, MLD snoopi… | details: Brand TP-Link Compatible Devices Desktop Control Method Voice Date First Available January 12, 2016 Frequency Band Class Dual-Band Is Discontinued By Ma",smart_switch:required_target_context_absent|smart_switch:wrong_product:port,required_target_context_absent|wrong_product,title,switch,smart_near_switch,hold,low,insufficient_evidence,Metadata does not clearly establish wall-lighting control.,w3-v1.4.0-draft,62d0a6aa964643d8fe5849c23b771df16b3adc95f5b4645329a6e50554be354b
recovery_candidate,B00XN0UEXW,smart_switch,Electronics,Computers,TRENDnet Home Smart Switch with Wi-Fi AC750 Extender (THA-103AC),Electronics Computers & Accessories Networking Products Repeaters,"categories: Electronics Computers & Accessories Networking Products Repeaters | features: …pp-based setup Turn a device on/off from any mobile internet connection Create a weekly on/off schedule AC750 extender: connects to either a Wi-Fi AC or N router AC750 extender: broadcasts concurrent Wi-Fi AC433 and N300 networks Requires a home wireless network Free iOS and Android app | description: TRENDnet's Home Smart Switch with Wi-Fi AC Extender, model THA-103AC, is a combination smart electrical outlet and powerful AC750 wireless extender. Use the free Apple or Android mobile app from any internet connection to turn on and off a light, fan, electronic device, or appliance. Create a daily schedu",smart_plug:approved_identity_phrase_absent|smart_plug:identity_not_in_title_or_categories|smart_switch:required_target_context_absent,multi-type conflict|required_target_context_absent,title|features|description,switch,smart_near_switch|wi fi|wifi,hold,low,insufficient_evidence,Metadata does not clearly establish wall-lighting control.,w3-v1.4.0-draft,665d8ad4758f547b641220083adc4cf4a9d0c9dc7f25faddf8d9610419ace2a7
recovery_candidate,B00358PJ28,smart_switch,Electronics,All Electronics,Netgear Prosafe GS716T-200 16-port Gigabit Smart Switch,Electronics Computers & Accessories Networking Products Switches,"categories: Electronics Computers & Accessories Networking Products Switches | description: The Netgear ProSafe 16-Port Gigabit Smart Switch comes with a comprehensive set of features, such as access control lists (ACL), 802.1x port authentication, enhanced QoS, rate limiting and IGMP snooping among others to provide a small and medium-sized business with a network that is geared for growth while ensuring performance and reliability. The GS716T-200 and GS724T-300 are fanless switches with silent operation f… | details: Best Sellers Rank Computer Networking Switches 4503 Date First Available January 20, 2010 Department 13983751 Is Discontinued By Manufacturer No Item Weight 5.64 pounds Item m",smart_switch:required_target_context_absent|smart_switch:wrong_product:port,required_target_context_absent|wrong_product,title|description,switch,smart_near_switch,hold,low,insufficient_evidence,Metadata does not clearly establish wall-lighting control.,w3-v1.4.0-draft,67593b2b800e35339638e5511144a3f3a93650d35e3a02218e1929cc1891c089
recovery_candidate,B0BCF3QT1N,smart_switch,Electronics,All Electronics,"Projector with WiFi and Bluetooth, 5G WiFi Mini Projector, Native1080P Portable Outdoor Projector with Remote Control, 9000L Movie Projector Compatible with Smartphone/TV Stick/PS4/Laptop/Switch",Electronics Video Projectors,"categories: Electronics Video Projectors | features: 【2.4G&5G WiFi Connection & Mini Projector】- With latest dual-band 2.4G and 5G WiFi Connection, Pericat wifi projector offers you a more stable connection and lag-free online video, music enjoyment.This mini projector is only 5.5”x4.7”x2” (1lb), almost the size of your smart phone, you can easily put this mini projector in your handbag, backpack, or suitcase, Whether you are watching movies, or enjoy sports livestream… | details: Best Sellers Rank Video Projectors 5595 Brand Pericat Brand Name Pericat Color Mini Color Name Mini Date First Available September 29, 2022 Form Factor Portable Is Discontinued By Manufacturer No Item Dimensions Lx",smart_switch:approved_identity_phrase_absent|smart_switch:required_target_context_absent,approved_identity_phrase_absent|required_target_context_absent,title|features,switch,wi fi|wifi,hold,low,insufficient_evidence,Metadata does not clearly establish wall-lighting control.,w3-v1.4.0-draft,6777b1b8a9c3ef365218fbe7d18fd2d7b065bb69c59fcbd27388e7fd19bc9874
recovery_candidate,B09R6Y5TTK,smart_switch,Electronics,All Electronics,"gofanco 4K 3x1 HDMI 2.0 Switch with Voice Control – 4K @60Hz 4:4:4, Supports Dolby Vision, HDR10, HDMI 2.0, HDCP 2.2/1.4, 18Gbps, CEC, 7.1ch Audio, Voice & App Control, 3 Port (Switch3P-HD20)",Electronics Home Audio Home Audio Accessories Distribution Selector Switch Boxes,"categories: Electronics Home Audio Home Audio Accessories Distribution Selector Switch Boxes | features: ✔ 3-PORT HDMI SWITCH – Allows 3 HDMI source devices to be switched/routed to 1 display without signal degradation. Supports up to 4K @60Hz YUV 4:4:4, HDR10, 18Gbps bandwidth, HDMI 2.0, HDCP 2.2/1.4 ✔ SWITCHING/CONTROL – Switch button, IR remote, app, and compatible with Alexa voice control ✔ AUDIO FORMATS – Supports Dolby Digital, DTS, LPCM and digital 7.1 channel audio ✔ ADVANCED FEATURES – Supports CEC pass-through… | details: …co Cable Type HDMI Connector Type HDMI Country of Origin China Date First Available January 25, 2022 Item Weight 10.8 ounces Item model number Switch3P-HD20 Manu",smart_switch:approved_identity_phrase_absent|smart_switch:required_target_context_absent|smart_switch:wrong_product:port,approved_identity_phrase_absent|required_target_context_absent|wrong_product,title|categories|features,switch,alexa|app control|voice control,hold,low,insufficient_evidence,Metadata does not clearly establish wall-lighting control.,w3-v1.4.0-draft,67e6cf158d2f6b71cad4038d2710ec074bd25bce060ff7b2e7762332c24bb975
recovery_candidate,B0BM4XM21C,smart_switch,Home_and_Kitchen,Amazon Home,"ALANAS Digital Alarm Clocks with Temperature and Humidity Display, Dual Alarm with Snooze, Nature Sound, Built in Rechargeable Battery, Full Range Dimmer Clocks for Bedroom",Home & Kitchen Home Décor Products Clocks Alarm Clocks,"categories: Home & Kitchen Home Décor Products Clocks Alarm Clocks | features: … blue digit display, time is easy to see. The temperature and humidity display allows you to know the indoor environment at any time. 12/24hour switch. Rechargeable Battery Backup: Built in 2200mHA rechargeable battery, the alarm clock can be operated by plug in outlet or the rechargeable battery. The clock can work 20-24hours per full charged. Dual Alarm with Nature Sound Ringtones: Dual alarm contains, each set ala… | details: Age Range (Description) Kid Alarm Clock Yes Are Batteries Included Yes Batteries 1 Lithium Ion batteries required. (included) Best Sellers Rank Alarm Clocks 666 Home & Kitchen 244283 Bran",smart_plug:approved_identity_phrase_absent|smart_plug:identity_not_in_title_or_categories|smart_switch:approved_identity_phrase_absent|smart_switch:smart_evidence_not_in_title_or_categories,approved_identity_phrase_absent|multi-type conflict|smart_evidence_not_in_title_or_categories,title|features,dimmer|switch,voice control,hold,low,insufficient_evidence,Metadata does not clearly establish wall-lighting control.,w3-v1.4.0-draft,68a95aace1664c2b72815b21f056dd392d75e070b4d4c179d8625619968f3885
recovery_candidate,B08FZKF3R1,smart_switch,Electronics,All Electronics,"Switch Always On - Smart IoT DC Micro UPS, 125VA/50W, 4 DC Ports (5V and 12V), 37,000 mWhr Lithium-ion Battery, Power Outage Protection, Remote Power Cycling, Mobile Alerts",Electronics Computers & Accessories Computer Accessories & Peripherals Uninterruptible Power Supply (UPS),"categories: Electronics Computers & Accessories Computer Accessories & Peripherals Uninterruptible Power Supply (UPS) | details: …c batteries required. (included) Battery Cell Composition Lithium Ion Best Sellers Rank Computer Uninterruptible Power Supply Units 2442 Brand Switch Always On Color White Country of Origin Taiwan Date First Available October 19, 2020 Item Dimensions LxWxH 6.5 x 4.8 x 1.7 inches Item Weight 2 pounds Manufacturer Smart Charging Technologies Product Dimensions 6.5 x 4.8 x 1.7 inches Voltage 12 Volts",smart_switch:approved_identity_phrase_absent|smart_switch:required_target_context_absent|smart_switch:wrong_product:power supply,approved_identity_phrase_absent|required_target_context_absent|wrong_product,title|store|details,switch,smart_near_switch,hold,low,insufficient_evidence,Metadata does not clearly establish wall-lighting control.,w3-v1.4.0-draft,6981b5e8051a82ecdd40c4fc1b7532e66f834bd4363805d4dede4ceb4a2bca0e
recovery_candidate,B0002K6XNQ,smart_switch,Electronics,All Electronics,"TRENDnet 48-Port 10/100 Mbps Web Smart Switch, Gigabit Uplink Ports, SFP, 17.6 Gbps Switching Capacity, Fanless, Rack Mountable, Lifetime Protection, TEG-2248WS",Electronics Computers & Accessories Networking Products Switches,"categories: Electronics Computers & Accessories Networking Products Switches | features: 48 x 10/100 Mbps ports 4 x Gigabit ports and 2 x shared SFP slots 17.6 Gbps switching capacity Advanced Web Smart management support Fanless design reduces energy consumption and operating noise Rack mountable Lifetime TRENDnet Manufacturer’s Warranty | description: TRENDnet’s fanless 48-Port 10/100 Mbps Web Smart Switch, model TEG-2248WS, offers 48 x 10/100 Mbps ports, 4 x Gigabit ports, 2 x shared SFP slots, and a 17.6 Gbps switching capacity. This IPv6 ready switch offers advanced traffic management, troubleshooting, access control, energy saving GREENnet, and monitoring features at a reduced cost.",smart_switch:required_target_context_absent|smart_switch:wrong_product:port,required_target_context_absent|wrong_product,title|description,switch,smart_near_switch,hold,low,insufficient_evidence,Metadata does not clearly establish wall-lighting control.,w3-v1.4.0-draft,69e15a46a3d1b2d543d2593a44bab95c645a20ae01c6f4c577b88c85f397059a
recovery_candidate,B07JMW9H4K,smart_switch,Electronics,All Electronics,True 1080P Hidden Camera Clock Wireless Spy Cameras HD WiFi Secret Covert Nanny Cam Home Office Surveillance Security Cams Enhanced Night Vision 12/24 Hour Switch Motion Detection Alert,Electronics Camera & Photo Video Surveillance Surveillance Cameras Hidden Cameras,"categories: Electronics Camera & Photo Video Surveillance Surveillance Cameras Hidden Cameras | features: …ext the hidden camera clock will record HD videos to SD card automatically. 【Live Stream Videos on APP】 Connect wireless spy camera clock to your router WIFI, next you can remotely view live videos via Phone app (support Android, iPhone system); You can also remotely playback, download and delete video files on app. 【Stronger Night Vision】 The Security camera clock has 5 high-power invisible infrared lights, you can … | description: …rger or portable power bank if you want 24/7 monitoring. 4. It’s not alarm clock, the time will be synced with phone time automatically after the spy camer",smart_switch:approved_identity_phrase_absent|smart_switch:required_target_context_absent,approved_identity_phrase_absent|required_target_context_absent,title|features|description|details,switch,wi fi|wifi,hold,low,insufficient_evidence,Metadata does not clearly establish wall-lighting control.,w3-v1.4.0-draft,6b227d4e6cddb2b2bc9cf0a63013dd9f0a636192f675da1677eb3257b68411a5
recovery_candidate,B09F5MKW63,smart_switch,Electronics,Computers,NETGEAR Switch Switch Smart MANAGEABLE Plus,Electronics Computers & Accessories Networking Products Switches,"categories: Electronics Computers & Accessories Networking Products Switches | features: RESEAU | description: SWITCH NETGEAR SWITCH SMART MANAGEABLE PLUS | details: Brand NETGEAR Compatible Devices Desktop Date First Available October 17, 2017 Included Components 1 product Is Discontinued By Manufacturer No Item Dimensions LxWxH 6.34 x 1.06 x 7.87 inches Item Weight 13 ounces Item model number GS908E-100PES Manufacturer Netgear Number of Ports 8 Product Dimensions 6.34 x 1.06 x 7.87 inches",smart_switch:approved_identity_phrase_absent|smart_switch:required_target_context_absent,approved_identity_phrase_absent|required_target_context_absent,title|description,switch,smart_near_switch,hold,low,insufficient_evidence,Metadata does not clearly establish wall-lighting control.,w3-v1.4.0-draft,6b41277837ff9e2c12fafbd58785fcaeaacb003c13994e82a82b6fbae5a2ce75
recovery_candidate,B01F5LWSS0,smart_switch,Electronics,Computers,"Acer Aspire Switch 12 S 2-n-1, 12.5"" Full HD Touch, Intel Core m5, 8GB Memory, 32GB Storage, Windows 10 Home, SW7-272-M3UK",Electronics Computers & Accessories Computers & Tablets,"categories: Electronics Computers & Accessories Computers & Tablets | features: Intel Core m5-6Y54 Processor 1.1GHz (Up to 2.7GHz) 12.5"" Full HD Touchscreen (1920 x 1080), Intel HD Graphics 515 8GB LPDDR3 Memory, 32GB Storage, No Optical Drive Thunderbolt 3 (Full USB 3.1 Type C) Port Windows 10 Home, Up to 8-hours Battery Life | description: Acer Aspire Switch 12 S SW7-272-M3UK 2-in-1 comes with these high level specs: Intel Core m5-6Y54 Processor 1.1GHz with Turbo Boost Technology up to 2.7GHz, Windows 10 Home, 12.5"" Full HD 1920 x 1080 resolution LED-backlit IPS (In-Plane Switching) technology with integrated 10-point screen, supporting finger touch and image auto rotation (16:9 aspect rat",smart_switch:approved_identity_phrase_absent|smart_switch:required_target_context_absent|smart_switch:smart_evidence_not_in_title_or_categories,approved_identity_phrase_absent|required_target_context_absent|smart_evidence_not_in_title_or_categories,title|description,switch,wi fi|wifi,hold,low,insufficient_evidence,Metadata does not clearly establish wall-lighting control.,w3-v1.4.0-draft,6c7f0abc4ae20a4290e58787dc11b21dcce04e796906f181c61f0f93c69cdcf2
recovery_candidate,B071JTCF3B,smart_switch,Electronics,Computers,"Acer Switch SW5-52 Ultra-Portable Touchscreen 2-1 Laptop Intel Core i5 up to 3.1GHz 8GB 256GB SSD 12"" QHD LED Dual Cams (Certified Refurbished) (i5 8GB 256GB)",Electronics Computers & Accessories Computers & Tablets Laptops Traditional Laptops,"categories: Electronics Computers & Accessories Computers & Tablets Laptops Traditional Laptops | features: …rophone; Backlit Keyboard 8GB memory; 256GB Solid State Drive; Dual Cameras (Front and Rear); Intel HD Graphics; Long Lasting battery; Keyboard Dock Included 802.11ac WiFi + Bluetooth 4.0 (Dual-band wireless network connectivity for high speed wifi); 1-USB 3.0 Port, 1- USB Type-C port, 1-3.5 mm audio jack, and Card reader (Supports microSD, microSDHC and microSDXC); Color: Metal Silver / black | description: …ance CPU, so you get powerful computing without ever hearing the whine of a fan. Sporting a powerful 6th generation Intel Core processor1, the Switch Alpha 12 is the perfect blen",smart_switch:approved_identity_phrase_absent|smart_switch:required_target_context_absent|smart_switch:smart_evidence_not_in_title_or_categories,approved_identity_phrase_absent|required_target_context_absent|smart_evidence_not_in_title_or_categories,title|features|description,switch,wi fi|wifi,hold,low,insufficient_evidence,Metadata does not clearly establish wall-lighting control.,w3-v1.4.0-draft,6f421afbbf6de316b829b1ea5c260db110e091330e96abf7e2a909603f8e6bca
recovery_candidate,B0882V5PB7,smart_switch,Home_and_Kitchen,Amazon Home,"FEMELI Acrylic Floating Wall Shelves (2 Sets,10 Inch), Short Display Shelf for Switch Smart Speaker Action Figures-No Drill(3M Tape in Package)",Home & Kitchen Home improvement essentials,"categories: Home & Kitchen Home improvement essentials | details: Date First Available July 2, 2020 Item Weight 1.05 pounds Product Dimensions 8.46 x 3.94 x 2.76 inches",smart_switch:approved_identity_phrase_absent,approved_identity_phrase_absent,title,switch,smart_near_switch,hold,low,insufficient_evidence,Metadata does not clearly establish wall-lighting control.,w3-v1.4.0-draft,701107e956e6b01d3e1be33f425f7504ee320996476998553552ac766b1c5a49
recovery_candidate,B00U9JDR0W,smart_switch,Electronics,Camera & Photo,Telguard GDC1 - Universal Z-Wave Garage Door Control Switch,Electronics Security & Surveillance,"categories: Electronics Security & Surveillance | details: Date First Available March 4, 2015 Is Discontinued By Manufacturer No Item Weight 16 ounces Item model number GDC1 Manufacturer Telular Package Dimensions 7.6 x 4.8 x 2 inches",smart_switch:approved_identity_phrase_absent|smart_switch:required_target_context_absent,approved_identity_phrase_absent|required_target_context_absent,title,switch,z wave,hold,low,insufficient_evidence,Metadata does not clearly establish wall-lighting control.,w3-v1.4.0-draft,704b26b785f20ca3ae7aba127e94c123f67a32be857b2ddac4b6bf12c7043080
recovery_candidate,B0793MGLTW,smart_switch,Electronics,Home Audio & Theater,LXHC DC in 5V USB Connectors Transform to DC 9v Or 12v Out Adjustable Step-up Voltage Regulator Converter with Switch,Electronics Power Accessories Power Converters,"categories: Electronics Power Accessories Power Converters | features: …hered when you couple it with a battery power bank of reasonable capacity with 5V output. You could toggle between 9V & 12V output via a simple switch Input: 5V USB A male; Output: 9V or 12V 5.5*2.1mm DC connector ; Max current: 2A; Connectors: DC jack 5.5*2.1mm to USB A male You can use it to power the router via power bank during power cuts. And also used in other device which is 5v, such as: Huawei HG 531 V1, step… | description: … Certificate: CE HOW TO USE: 1. Just connect the powerbank with USB port, and the other end(DC 5.5*2.1mm) connect with your device. 2. Choose the voltage with the switch. FEATURES: 1. Long w",smart_plug:approved_identity_phrase_absent|smart_plug:identity_not_in_title_or_categories|smart_switch:approved_identity_phrase_absent|smart_switch:required_target_context_absent|smart_switch:smart_evidence_not_in_title_or_categories,approved_identity_phrase_absent|multi-type conflict|required_target_context_absent|smart_evidence_not_in_title_or_categories,title|features|description,switch,wi fi|wifi,hold,low,insufficient_evidence,Metadata does not clearly establish wall-lighting control.,w3-v1.4.0-draft,708ca7001b5e70ed90dd232de9d172b63dd456040348704ee5ded2534bd894c8
recovery_candidate,B07V9ZQ153,smart_switch,Electronics,All Electronics,UHPPOTE 2.4Ghz WiFi Remote Control Switch with DC Power Connector Specially Applied to Access Control Lock,Electronics Television & Video Accessories Remote Controls,"categories: Electronics Television & Video Accessories Remote Controls | features: …he wireless receiver, which can program up to 40 remotes, and it has a range of 160 feet. ✅ EASY USE: Transmits data to a cloud platform through the Wi-Fi Router, which enables you to remotely control the connected appliances via free Tuya Smart App. You can download the iOS version in App Store and the Android version in Google Play. ✅ SHARE CONTROL: Share control with your family and friends. Also you can DIY set t… | details: Batteries 2 CR2 batteries required. (included) Best Sellers Rank Electronics 73653 Remote Controls 3670 Brand UHPPOTE Connectivity Technology Wi-Fi Country of Origin China Date First ",smart_switch:approved_identity_phrase_absent|smart_switch:required_target_context_absent,approved_identity_phrase_absent|required_target_context_absent,title|features|details,switch,tuya|wi fi|wifi,hold,low,insufficient_evidence,Metadata does not clearly establish wall-lighting control.,w3-v1.4.0-draft,716b1bd8184ccfe95226ca7e0938ad059d7065b4ca532b5329fc8849bd3d1d3a
recovery_candidate,B07N5B1BL8,smart_switch,Electronics,Computers,"NETGEAR 5-Port Gigabit Smart Managed Plus Switch, ProSAFE Lifetime Protection (GS105Ev2) (Renewed)",Electronics Computers & Accessories Networking Products Switches,"categories: Electronics Computers & Accessories Networking Products Switches | features: SIMPLE SETUP - Setup and configure with easy-to-use web-browser based interface GIGABIT ETHERNET - 5 Gigabit Ethernet ports deliver up to 2000 Mbps of dedicated, non-blocking bandwidth per port ESSENTIAL NETWORKING - Segment and prioritize your traffic with VLAN, QoS, IGMP Snooping, rate limiting and traffic monitoring EASY-MONITORING - Monitor your network status and your cabling with the port statistics and cable … | description: This pre-owned or refurbished product has been professionally inspected and tested to work and look like new. How a product becomes part of Amazon Renewed, your destination fo",smart_switch:approved_identity_phrase_absent|smart_switch:required_target_context_absent|smart_switch:wrong_product:port,approved_identity_phrase_absent|required_target_context_absent|wrong_product,title|details,switch,smart_near_switch,hold,low,insufficient_evidence,Metadata does not clearly establish wall-lighting control.,w3-v1.4.0-draft,731832a2f1e70fa610f32c40b1043b7621d8ed8422f721b83357770a1cb5e913
recovery_candidate,B000RO7H0K,smart_switch,Electronics,All Electronics,Cisco SLM2005 5-Port Gigabit Smart Switch - PD/AC Power,Electronics Computers & Accessories Networking Products Switches,"categories: Electronics Computers & Accessories Networking Products Switches | features: Former Linksys Business Series Five high-speed ports optimized to support bandwidth-intensive applications Uses Power over Ethernet to draw current from a supported network device, adding flexibility to your installation process RAM - 9KB > LEDs - Link/Act, System | description: The SLM2005 switch is ideal for conference rooms, labs, shipping/receiving departments or in marketing, design or audio/visual workgroups. The five 10/100/1000 Mbps (Gigabit Ethernet) ports enable companies to link to other Gigabit devices on the network (servers, workstations and network storage) to quickly move bandwidth-intens",smart_plug:approved_identity_phrase_absent|smart_plug:identity_not_in_title_or_categories|smart_switch:required_target_context_absent|smart_switch:wrong_product:port,multi-type conflict|required_target_context_absent|wrong_product,title|description,switch,smart_near_switch,hold,low,insufficient_evidence,Metadata does not clearly establish wall-lighting control.,w3-v1.4.0-draft,73832d890991b80f9bd1f26338ef438b7a7c0454c1986028d2b2fca658cf832d
recovery_candidate,B07LGGJYYK,smart_switch,Electronics,Industrial & Scientific,Cisco SG250-26 26-Port Gigabit Smart Switch Kit,Electronics Computers & Accessories Networking Products Switches,"categories: Electronics Computers & Accessories Networking Products Switches | details: Brand Cisco Control Method Voice Date First Available April 16, 2019 International Protection Rating IP65 Item Dimensions LxWxH 8 x 1.7 x 17.3 inches Item model number SG250-26-K9-NA Manufacturer CISCO SYSTEMS - ENTERPRISE Product Dimensions 8 x 1.7 x 17.3 inches Unit Count 1.0 Count",smart_switch:required_target_context_absent|smart_switch:wrong_product:port,required_target_context_absent|wrong_product,title,switch,smart_near_switch,hold,low,insufficient_evidence,Metadata does not clearly establish wall-lighting control.,w3-v1.4.0-draft,7595164ad41d64ad680f8023956fd5d2d8d4d67ecfa2ad9d6dfebe627fe20e5e
recovery_candidate,B0B6HVNNMM,smart_switch,Electronics,Computers,"USB to Ethernet Adapter, QUUGE [Plug & Play] USB A to RJ45 LAN 10 100Mbps Network Adapter for Laptop Nintedo Switch WiiU PC, Free Driver for Win MAC OS Linxu MacBook Elitebook Chromebook Surface TV",Electronics Computers & Accessories Networking Products Network Adapters USB Network Adapters,"categories: Electronics Computers & Accessories Networking Products Network Adapters USB Network Adapters | features: [Wide Compatibility] QUUGE USB A Ethernet adapter is compatible with MacBook Air/Pro, Surface, Elitebook, Router, Switch, Chromebook, PS4, PS5, Nintendo Switch, WiiU, PC/Desk, Laptops, Tablets, TV and other USB A-port devices. It works drive-free on Mac OS, Windows 11/10/8.1/8/Vista, Linux, Chrome OS and More Systems. (NOTE: Driver needs on Windows XP/7, which you can easily install with our instructions.) [100Mbps F… | details: Best Sellers Rank USB Computer Network Adapters 1348 Brand QUUGE Color Support for Nintendo Switch Compatible Devices Laptop, Desktop, Tablet Data Li",smart_plug:approved_identity_phrase_absent|smart_plug:smart_evidence_not_in_title_or_categories|smart_plug:wrong_product:plug and play|smart_switch:approved_identity_phrase_absent|smart_switch:required_target_context_absent|smart_switch:smart_evidence_not_in_title_or_categories|smart_switch:wrong_product:ethernet|smart_switch:wrong_product:network,approved_identity_phrase_absent|multi-type conflict|required_target_context_absent|smart_evidence_not_in_title_or_categories|wrong_product,title|features|details,switch,wi fi|wifi,hold,low,insufficient_evidence,Metadata does not clearly establish wall-lighting control.,w3-v1.4.0-draft,75955a5c3f1df50147d2fd2648ddcec6d7f3cacca783736b16b89e6cbd162554
recovery_candidate,B07QMGK1VD,smart_switch,Electronics,Industrial & Scientific,"ADVANTECH BB-232BSS4 4 Port BUFFERED Serial Smart Switch, 1 Master Serial Port, 4 Slave Serial Ports containing 8Kb T.R. Buffer Each, 115.2 kbps RS-232 Data Rate, Setup SW; PS Required",Electronics Computers & Accessories Networking Products Switches,"categories: Electronics Computers & Accessories Networking Products Switches | description: ADVANTECH BB-232BSS4 4 PORT BUFFERED Serial Smart Switch, 1 Master serial port, 4 slave serial ports containing 8Kb T.R. buffer each, 115.2 kbps RS-232 data rate, Setup SW; PS required | details: Brand ADVANTECH Date First Available April 13, 2019 International Protection Rating IP54 Manufacturer ADVANTECH Operation Mode Smart Switch Unit Count 1 Count",smart_switch:required_target_context_absent|smart_switch:wrong_product:port,required_target_context_absent|wrong_product,title|description|details,switch,smart_near_switch,hold,low,insufficient_evidence,Metadata does not clearly establish wall-lighting control.,w3-v1.4.0-draft,773e3b2df03550c8360e113d9236718235fdbae97d2c2d92c6bc331732167483
recovery_candidate,B08G4MTL3T,smart_switch,Home_and_Kitchen,Amazon Home,"12V 5KW Diesel Air Fuel Heater, 10L Fuel Tank Smart Digital Voice Switch, Used for Trucks, Boats, Cars, RVs, Campers, Caravans(Single hole)",,"details: Date First Available January 5, 2021 Item Weight 16.72 pounds Package Dimensions 18.4 x 17.8 x 11.5 inches",smart_switch:approved_identity_phrase_absent|smart_switch:required_target_context_absent,approved_identity_phrase_absent|required_target_context_absent,title,switch,smart_near_switch,hold,low,insufficient_evidence,Metadata does not clearly establish wall-lighting control.,w3-v1.4.0-draft,7acd9161dd6870fddce9925879066c540fc7ac8a8aaff6b319a4457e49721660
recovery_candidate,B0085MQMS4,smart_switch,Electronics,Computers,NETGEAR ProSAFE 28-Port Gigabit Smart Stackable Switch (GS728TSB-100NAS),Electronics Computers & Accessories Networking Products Switches,"categories: Electronics Computers & Accessories Networking Products Switches | features: Static routing & comprehensive IPv6 support | description: Model Format & Standards Ports & Interface Data Transmission Details Features Dimensions & Weight Environmental Group | details: Brand NETGEAR Date First Available May 23, 2012 Is Discontinued By Manufacturer No Item Dimensions LxWxH 22.44 x 12.48 x 3.66 inches Item Weight 9.37 pounds Item model number GS728TSB-100NAS Language English Manufacturer Netgear Operating System Windows Product Dimensions 22.44 x 12.48 x 3.66 inches",smart_switch:approved_identity_phrase_absent|smart_switch:required_target_context_absent|smart_switch:wrong_product:port,approved_identity_phrase_absent|required_target_context_absent|wrong_product,title,switch,smart_near_switch,hold,low,insufficient_evidence,Metadata does not clearly establish wall-lighting control.,w3-v1.4.0-draft,7ccf6ef17ddbbbf1a686513de063c4bb6e546bf6c7c3619fcc836bd811f2d6a2
recovery_candidate,B0C24Q6FB2,smart_switch,Electronics,Computers,"Gaming Laptop (RTX 4060 Graphics up to 1425MHz 115W TGP, 12-Core Intel CPU, 64GB RAM, 2TB NVMe SSD, Wifi 6, MUX Switch, Thunderbolt, 15X RGB Keyboard, FHD 144Hz IPS) Notebook for Gamers",Electronics Computers & Accessories Computers & Tablets Laptops Traditional Laptops,"categories: Electronics Computers & Accessories Computers & Tablets Laptops Traditional Laptops | features: …p to 4.5GHz boost is the ideal budget friendly processor for the intelligent gamer who prioritizes actual gaming performance. Featuring a MUX switch which eliminates a ~9% fps bottleneck in bandwidth with the native display and with 115W of total graphics board power for the RTX 4060, average fps exceeds that of most laptops with less than or equal to 115W RTX 3070. With 15 preset RGB colors for configuring the backl… | details: Batteries 1 Lithium Ion batteries required. (included) Best Sellers Rank Computers & Accessories 129889 Traditional Laptop Computers 30314 Brand Computer Upgr",smart_switch:approved_identity_phrase_absent|smart_switch:required_target_context_absent,approved_identity_phrase_absent|required_target_context_absent,title|features,switch,wi fi|wifi,hold,low,insufficient_evidence,Metadata does not clearly establish wall-lighting control.,w3-v1.4.0-draft,7df5972cb478126e5f9aaac5db17d37154ca4c4bbadb62699265066fe2c5c8c5
recovery_candidate,B06XWJBG18,smart_switch,Electronics,Cell Phones & Accessories,BV Bike Floor Pump & Bicycle Mini Frame Pump Combo with Gauge & Smart Valve Head Simple Switch from Presta to Schrader,"Electronics Headphones, Earbuds & Accessories Adapters","categories: Electronics Headphones, Earbuds & Accessories Adapters | details: Brand Kraiovim Date First Available June 19, 2017 Is Discontinued By Manufacturer No Item Weight 2.7 pounds Manufacturer Kraiovim Number of Ports 1 Other display features Wireless Package Dimensions 24.25 x 9.49 x 5 inches Unit Count 1 Count",smart_switch:approved_identity_phrase_absent|smart_switch:required_target_context_absent,approved_identity_phrase_absent|required_target_context_absent,title,switch,smart_near_switch,hold,low,insufficient_evidence,Metadata does not clearly establish wall-lighting control.,w3-v1.4.0-draft,7ef8355c79cb62839531984e579bcf8e020a700bd45c66805ba240c89d677d7f
recovery_candidate,B074716TYK,smart_switch,Electronics,Home Audio & Theater,SPARKING 5FT USB Step Up Converter Cable USB 5V to DC 9v or 12v Adjustable Step-up Voltage Regulator Converter with Switch,Electronics Power Accessories Power Converters,"categories: Electronics Power Accessories Power Converters | features: …(1.5m) Get power from battery power bank with 5v output, suitable for any device that requires a 12V or 9V DC power supply to work. [Please note there is a switch and the converter just can transform from 5v to 9v or 5v to 12v.] Widely used to power supply to WIFI router, LED light, LED strip, mini fan, camera, Bluetooth headset, speakers and other 12v or 9v applications. With Switch: Allowing you toggle between 9V &… | description: … WITH: Use in 9v-12v power source,Such as power bank,solar panel,battery pack etc,and charge for your 12v devices,like fan,led light,cameras,Bluetooth headphone,WIFI router,speakers,etc ★ MU",smart_plug:approved_identity_phrase_absent|smart_plug:identity_not_in_title_or_categories|smart_switch:approved_identity_phrase_absent|smart_switch:required_target_context_absent|smart_switch:smart_evidence_not_in_title_or_categories,approved_identity_phrase_absent|multi-type conflict|required_target_context_absent|smart_evidence_not_in_title_or_categories,title|features|description,switch,wi fi|wifi,hold,low,insufficient_evidence,Metadata does not clearly establish wall-lighting control.,w3-v1.4.0-draft,7f1dd2447412b29f850ee4099190ad094d2ad68e17ed11274ae8030475564e0a
recovery_candidate,B073PYXBBR,smart_switch,Electronics,Computers,"Acer SW512-52-55YD Switch 5, 12.0"" QHD Touch 2-in-1 Laptop/Tablet, 7th Gen Intel Core i5-7200U, 8GB LPDDR3, 256GB SSD, Active Stylus, Black",Electronics Computers & Accessories Computers & Tablets Laptops 2 in 1 Laptops,"categories: Electronics Computers & Accessories Computers & Tablets Laptops 2 in 1 Laptops | features: 7th Generation Intel Core i5-7200U Processor (Up to 3.1GHz) 12.0"" QHD 2160 x 1440 Multi-Touch IPS Display 8GB of LPDDR3 Memory, 256GB SSD ; 802.11ac wireless LAN 2-cell Li-Ion (4870 mAh) Battery, Up to 10.5 Hours Battery Life. Acer Active Stylus Refer to the PDF attached below in Technical Specification for User Manual | description: Acer Switch 5 SW512-51-55YD 2 in 1 Laptop comes with these high level specs: 7th Generation Intel Core i5-7200U Processor (Up to 3.1GHz), Windows 10 Home, 12.0"" QHD (2160 x 1440) widescreen LED-backlit IPS display - Multi-touch screen, supporting finger touch, ",smart_switch:approved_identity_phrase_absent|smart_switch:required_target_context_absent|smart_switch:smart_evidence_not_in_title_or_categories,approved_identity_phrase_absent|required_target_context_absent|smart_evidence_not_in_title_or_categories,title|description,switch,wi fi|wifi,hold,low,insufficient_evidence,Metadata does not clearly establish wall-lighting control.,w3-v1.4.0-draft,81cc762902bf6655a36b104da195a8d802b30f181e8ae3c1f8ed10fed41b1b83
recovery_candidate,B07F6HGNLX,smart_switch,Electronics,Computers,Cisco SG200-26 Gigabit Ethernet Smart Switch with 24 10/100/1000 Ports and 2 Combo Mini-GBIC Ports (SLM2024T-NA) (Renewed),Electronics Computers & Accessories Networking Products Switches,"categories: Electronics Computers & Accessories Networking Products Switches | features: …ly select sellers who maintain a high performance bar may offer Certified Refurbished products on Amazon.com 24 x 10/100/1000 + 2 x combo Gigabit SFP Switch - 26 ports Switching capacity: 38.69 Mpps ¦ Forwarding performance (64-byte packet size): 52 Gbps Rack mountable | description: When you need to share network resources and connect computers, printers, and servers, but low cost is a top priority, Cisco 200 series switch provides the ideal solution. The Cisco 200 series is a portfolio of affordable smart switches that combine powerful network performance and reliability with the entry-level managed s",smart_switch:required_target_context_absent|smart_switch:wrong_product:ethernet,required_target_context_absent|wrong_product,title|features|description,switch,smart_near_switch,hold,low,insufficient_evidence,Metadata does not clearly establish wall-lighting control.,w3-v1.4.0-draft,821b8a45771231a1adf5649094922929cbbbfb2b833449e1aa695330cad39f87
recovery_candidate,B08TVZK8D6,smart_switch,Electronics,Amazon Devices,"Made for Amazon Zigbee Smart Switch, Gen3. Compatible with Echo (4th Gen), Echo Plus (1st & 2nd Gen), Echo Show 10 (2nd & 3rd Gen), Echo Studio, Eero, and Eero 6 Pro",,"features: EASY INSTALLATION: No wiring required. Snaps on top of an existing toggle or rocker light switch and mechanically controls the underlying switch ALEXA ENABLED: Turn your light on/off using voice commands or set to a schedule by creating Alexa routines. WIDE RANGE OF USES: No neutral wire required. Works with any voltage (12v, 24v, 110v, 220v). Ideal solution for low-voltage switches like those used with gas fireplace…",smart_switch:required_target_context_absent,required_target_context_absent,title|features,existing toggle|light switch|neutral wire|switch,alexa|smart_near_switch|zigbee,include,high,correct_target,"Primary switch identity, wall-lighting context, and connected-control evidence are all present.",w3-v1.4.0-draft,848a8e4fb6cc963c72dadb57505df7e588d52634e0bb3f1f7e582e8f7fc4a677
recovery_candidate,B095RJ4L2Y,smart_switch,Electronics,Car Electronics,"MW Audio NY Bluetooth Music Receiver for Car, 5.0 with Display Screen, Adapter DSP Noise Cancellation, 3D Surround Sound Streaming Music, Hands Free CallsSlide Switch",Electronics Car & Vehicle Electronics Vehicle Electronics Accessories Audio & Video Accessories Bluetooth Car Kits,"categories: Electronics Car & Vehicle Electronics Vehicle Electronics Accessories Audio & Video Accessories Bluetooth Car Kits | features: … of 40 feet than the older version HANDS-RELEASE CALLS & VOCIE ASSISTANT: One-click “✆ ”to Answer/ Hang up/ Refuse or Redial a Call Long press “MBF” to active Siri or Google Assistant to make phone calls send texts or get driving directions. Make your drive more safely and convenient | description: NEW WIRELESS MUSIC RECEIVERNEW DESIGN! Display them all!An OLED screen installed: Show Bluetooth connection status, battery, volume, and caller’s ID.Bluetooth 5.0 and CSR ChipOffer the fastest and strongest wireless connection and Hifi rich bass sound.Double N",smart_plug:approved_identity_phrase_absent|smart_plug:identity_not_in_title_or_categories|smart_switch:approved_identity_phrase_absent|smart_switch:required_target_context_absent|smart_switch:smart_evidence_not_in_title_or_categories,approved_identity_phrase_absent|multi-type conflict|required_target_context_absent|smart_evidence_not_in_title_or_categories,title|features,switch,google assistant,hold,low,insufficient_evidence,Metadata does not clearly establish wall-lighting control.,w3-v1.4.0-draft,84ced569845db3d350d426b0220346a3035f4fc04a8bbcd9f7cec1eb3f96717e
recovery_candidate,B07NQP76CM,smart_switch,Electronics,,"TRENDnet 28-Port Gigabit Web Smart Switch, 24 x Gigabit Ports, 4 x Shared Gigabit Ports (RJ-45/SFP), VLAN, QoS, LACP, IPv6, 56Gbps Switching Capacity, TEG-284WS (Renewed)",Electronics Computers & Accessories Networking Products Switches,"categories: Electronics Computers & Accessories Networking Products Switches | features: 24 x Gigabit ports and 4 x Shared Gigabit ports (RJ-45/SFP) Easy to use web-based management interface Supports IPv6, LACP, VLAN, QoS, and IGMP Snooping Bandwidth control per port, private and voice VLAN support, and IEEE 802.1p QoS with queue scheduling support Fanless rack mountable metal housing This product is eligible for a replacement or refund within 90 days of receipt if you are not satisfied under the Amazo… | description: This pre-owned or refurbished product has been professionally inspected and tested to work and look like new. How a product becomes part of Amazon Renewed, your destination fo",smart_switch:required_target_context_absent|smart_switch:wrong_product:port,required_target_context_absent|wrong_product,title|details,switch,smart_near_switch,hold,low,insufficient_evidence,Metadata does not clearly establish wall-lighting control.,w3-v1.4.0-draft,84df8a83399357ed28c585f6b5634c4061f574dd1356b627f5eae6b4a97f54ed
recovery_candidate,B01ER4AX9M,smart_switch,Electronics,Computers,"Acer Switch Alpha 12 2-in-1, 12"" QHD Touch, Intel Core i7, 8GB Memory, 512GB SSD, Windows 10 Home, SA5-271-71NX",Electronics Computers & Accessories Computers & Tablets,"categories: Electronics Computers & Accessories Computers & Tablets | features: Intel Core i7-6500U Processor 2.5GHz (Up to 3.1GHz) 12"" QHD Touchscreen (2160 x 1440), Intel HD Graphics 520 8GB LPDDR3 Memory, 512GB SSD, No Optical Drive USB 3.1 (Type-C) Port Windows 10 Home, Up to 8-hours Battery Life Max Memory: 16 GB | description: Acer Aspire Switch Alpha 12 SA5-271-71NX 2-in-1 comes with these high level specs: 6th Generation Intel Core i7-6500U Processor 2.5GHz with Turbo Boost Technology up to 3.1GHz, Windows 10 Home, 12.1"" QHD 2160 x 1440 resolution, LED-backlit IPS (In-Plane Switching) technology with integrated 10-point multi touch screen, supporting finger touch and image auto rotat",smart_switch:approved_identity_phrase_absent|smart_switch:required_target_context_absent|smart_switch:smart_evidence_not_in_title_or_categories,approved_identity_phrase_absent|required_target_context_absent|smart_evidence_not_in_title_or_categories,title|description,switch,wi fi|wifi,hold,low,insufficient_evidence,Metadata does not clearly establish wall-lighting control.,w3-v1.4.0-draft,853999308d32cd6ee625a327ee426ad38a442d82ad9758fd71a5b959b440957b
recovery_candidate,B08DL26LYN,smart_switch,Electronics,All Electronics,"JYRhenium Multi Port USB Hub 3.0 ,JYRhenium Aluminum 8-Port USB Hub High Speed ON/Off Individual Switch with One Smart Charging Port Compatible for All USB Device",Electronics Computers & Accessories Networking Products Hubs,"categories: Electronics Computers & Accessories Networking Products Hubs | features: …ta ports, and the data transmission speed can reach 5Gbps. Big data transmission is more efficient and data transmission speed is faster. 3. INDEPENDENT SWITCH DESIGN : One switch controls one interface, reducing the number of times the device is plugged and unplugged and prolonging the service life of the device. 4. WITH LED INDICATOR LIGHT : Each port of the USB 3.0 hub has an LED indicator light. When it is workin… | description: JYRhenium Multi Port USB Hub 3.0 Rechargeable splitter with independent switch. Two-in-one charging/extension, supporting 8 simultaneous charging, data transmission is more effi",smart_switch:approved_identity_phrase_absent|smart_switch:required_target_context_absent|smart_switch:wrong_product:port,approved_identity_phrase_absent|required_target_context_absent|wrong_product,title|features|description,switch,smart_near_switch,hold,low,insufficient_evidence,Metadata does not clearly establish wall-lighting control.,w3-v1.4.0-draft,85e3e4946151a1efddcfcd980e69cf07ecb0184c01ef63ac78c273b45cdb71b8
recovery_candidate,B09WVTK11L,smart_switch,Electronics,All Electronics,"Tkisko Mini Portable Projector, 2022 Upgraded WiFi Movie Projector, Home Outdoor Wireless Projector Compatible with 1080P, Phones/Laptops/TV Stick/Switch(Grey)",Electronics Video Projectors,"categories: Electronics Video Projectors | features: …desk and bedside by an adjustable webcam mount, allows you to adjust projection directions from 360 degrees, giving you more space freedom of using a projector. TO2 Mini Wifi Projector has the HDMI, USB, AV and Audio ports, allows you to connect it with multiple devices, such as laptops, TV/Roku Stick, USB disk, Switch. Wonderful Gift Choice, Rest-assured Lifetime Support---With unique and elegant design, wireless pr… | description: Tkisko Mini Portable Projector, 2022 Upgraded WiFi Movie Projector, Home Outdoor 7500lm Wireless Projector Compatible with 1080P, Phones/Laptops/TV Stick/Switch(Grey)",smart_switch:approved_identity_phrase_absent|smart_switch:required_target_context_absent,approved_identity_phrase_absent|required_target_context_absent,title|features|description|details,switch,wi fi|wifi,hold,low,insufficient_evidence,Metadata does not clearly establish wall-lighting control.,w3-v1.4.0-draft,86828d33122139b03024cc2aadc63b2ee73a08912af53267a311f9ad055a66d4
recovery_candidate,B00N2ILW54,smart_switch,Electronics,Computers,Mt-viki 2 Ports USB Printer Share Switch Hub Mt-1a2b-m,Electronics Computers & Accessories Computer Accessories & Peripherals,"categories: Electronics Computers & Accessories Computer Accessories & Peripherals | features: ✅ UPGRADED 2018 – Our new WiFi Extender the Best solution to date extending Wi-Fi to devices like iPhone, iPad, Android devices, Echo/Alexa devices, Smart TV’s, PCs, Samsung devices, PlayStation, Smart Plugs and SO MUCH MORE. ✅ UNIVERSAL COMPATIBILITY - WiFi Booster are compatible with any router or access point, making it easy to expand and strengthen your network in 2.4, even as it changes over time.. Boost your ex… | description: OptiCover WiFi Extender the Best solution to date extending Wi-Fi to devices like Echo/Alexa devices, iPhone, iPad, Android, TV’s, PC's & SO MUCH MORE. NO MORE DEAD ZON",smart_switch:approved_identity_phrase_absent|smart_switch:required_target_context_absent|smart_switch:smart_evidence_not_in_title_or_categories,approved_identity_phrase_absent|required_target_context_absent|smart_evidence_not_in_title_or_categories,title|features|description|details,switch,alexa|wi fi|wifi,hold,low,insufficient_evidence,Metadata does not clearly establish wall-lighting control.,w3-v1.4.0-draft,86bd8bcd9038f622688e3574bece0a52e7c9a2111fb8f3c3f271da26b80101cb
recovery_candidate,B09XX3H5Q7,smart_switch,Electronics,Computers,LILYGO TTGO T-Relay ESP32 Wireless Module DC 5V 4 Groups Relay Development Board 4MB Flash WiFi BLE Remote Switch Control,Electronics Computers & Accessories Computer Components Single Board Computers,"categories: Electronics Computers & Accessories Computer Components Single Board Computers | features: -4MB FLASH ,8MB PS RAM -MCU: ESP32-Wrover-B -WIFI :802.11 b/g/n，Blutooth：BLE V4.2 -Onboard Functions :4 Groups of relays ,Optocoupler Isolation, 16 Expansion GPIO -More information: github.com/Xinyuan-LilyGO/LilyGo-T-Relay | details: Best Sellers Rank Single Board Computers 2372 Brand LILYGO Connectivity Technology Wi-Fi, GPIO Country of Origin China Date First Available April 14, 2022 Included Components NO Item Dimensions LxWxH 3.35 x 3.35 x 0.69 inches Item Weight 4.6 ounces Item model number 6971336330458 Manufacturer LILYGO Memory Storage Capacity 4 MB Product Dimensions 3.35 x 3.35 x ",smart_switch:approved_identity_phrase_absent|smart_switch:required_target_context_absent|smart_switch:wrong_product:relay|smart_switch:wrong_product:remote switch|smart_switch:wrong_product:switch control,approved_identity_phrase_absent|required_target_context_absent|wrong_product,title|features|details,switch,wi fi|wifi,hold,low,insufficient_evidence,Metadata does not clearly establish wall-lighting control.,w3-v1.4.0-draft,878dfd38de9ad565c02df5cb8ba8f13874866f34b5a426bcfbf815b4f62bc14d
recovery_candidate,B074CWBTPT,smart_switch,Electronics,Home Audio & Theater,quirky Portable Power Pivot Power Switch Flip Switch Flip VSF-WH01,Electronics Car & Vehicle Electronics Aviation Electronics Aircraft Accessories,"categories: Electronics Car & Vehicle Electronics Aviation Electronics Aircraft Accessories | features: …mitter can work with multiple receivers (1-step Sync) Multiple transmitter/receiver groups can work in the same area No need for Bluetooth or WiFi No App to set up | description: Type: Pivot Power Switch FlipSwitch FlipDimension: 5 x 4.25 x 1.9 inchWeight: 1.38 lbsManufacturer Warranty: Covered by Manufacturer's Warranty | details: Brand Quirky Portable Power Date First Available July 29, 2017 International Protection Rating IP54 Is Discontinued By Manufacturer No Item Dimensions LxWxH 5 x 4.25 x 1.9 inches Item Weight 4.2 ounces Item model number VSF-WH01 Manufacturer Viatek Product Dime",smart_switch:approved_identity_phrase_absent|smart_switch:required_target_context_absent|smart_switch:smart_evidence_not_in_title_or_categories,approved_identity_phrase_absent|required_target_context_absent|smart_evidence_not_in_title_or_categories,title|features|description,switch,wi fi|wifi,hold,low,insufficient_evidence,Metadata does not clearly establish wall-lighting control.,w3-v1.4.0-draft,87974e0439a67200e3b89518b62d5fed88e5a53ca25e19a2b250f20f6e539d42
recovery_candidate,B09BV9VWC8,smart_switch,Home_and_Kitchen,Amazon Home,"Alarm Clocks for Bedrooms, USB Charger, Plug in Basic LED Bedside Clock with 7"" Large Display, Snooze, Battery Backup, Dimmer, Volume, 12/24H DST",Home & Kitchen Home Décor Products Clocks Alarm Clocks,"categories: Home & Kitchen Home Décor Products Clocks Alarm Clocks | features: …affecting sleep.Or you can choose to automatically adjust the brightness, so that the brightness will automatically dim at night. Super Convenient Voice Control Function: when using dry batteries. The screen will go off automatically. When there is a sound, the screen will automatically light up for 15 seconds. It is convenient for you to check the time at night. Outlet Powered with Memorized Battery Backup : Plug in… | description: "" Getting out of bed will no longer be a chore with the help of the corded bedside alarm clock for alarm sounds, easy-to-read 6.7"""" large LED display, adjustable alarm volume . The sl",smart_plug:approved_identity_phrase_absent|smart_plug:smart_evidence_not_in_title_or_categories|smart_switch:approved_identity_phrase_absent|smart_switch:smart_evidence_not_in_title_or_categories,approved_identity_phrase_absent|multi-type conflict|smart_evidence_not_in_title_or_categories,title|features,dimmer,voice control,hold,low,insufficient_evidence,Metadata does not clearly establish wall-lighting control.,w3-v1.4.0-draft,87e2d2947a4f3b12a9937942943c5f03c9180b1850cff8b72af2591acd87d1ac
recovery_candidate,B01BFXX3D6,smart_switch,Electronics,Tools & Home Improvement,Eve Energy (1st Generation) - Switch & Power Meter,Electronics Computers & Accessories Networking Products Wireless Access Points,"categories: Electronics Computers & Accessories Networking Products Wireless Access Points | features: see how much energy your devices are using switch your devices on or off with a tap understand your energy consumption ease of use and advanced security direct connection using Bluetooth Smart technology Easy setup: direct connection using Bluetooth Smart technology, no hub or gateway required | description: Eve Energy - Switch & Power Meter with Apple HomeKit technology, Bluetooth Low Energy About Eve With Eve, see your home at a glance, right on your iPhone and iPad. The Eve family of HomeKit accessories gathers data on air quality, temperature, humidity, air pressure, energy consumption ",smart_switch:approved_identity_phrase_absent|smart_switch:required_target_context_absent|smart_switch:smart_evidence_not_in_title_or_categories,approved_identity_phrase_absent|required_target_context_absent|smart_evidence_not_in_title_or_categories,title|features|description|details,switch,homekit|wi fi|wifi,hold,low,insufficient_evidence,Metadata does not clearly establish wall-lighting control.,w3-v1.4.0-draft,88c7617dd0284e98ab4c9ac78ad1167df323c6c9a2bb00f6d8544a7dd2199635
recovery_candidate,B07MF1BXY5,smart_switch,Electronics,Tools & Home Improvement,UHPPOTE 2.4GHz WiFi Remote Control Switch Compatible with Smart Phone App Input Voltage 12VDC,Electronics Security & Surveillance Home Security Systems,"categories: Electronics Security & Surveillance Home Security Systems | features: …groups of timing event, schedule the timer to lock and unlock automatically once or weekly eWeLink App on smart phone can remotely open the lock by wifi or cellular service 3G, 4G, LTE | details: …s Date First Available January 2, 2019 Is Discontinued By Manufacturer No Item Package Quantity 1 Item Weight 2.39 ounces Item model number UT-WIFI-V006 Manufacturer UHPPOTE Material Plastic Maximum Switching Current 10 Amps Measurement System Metric, Imperial Operation Mode Electric Part Number UT-WIFI-V006 Power Source DC Product Dimensions 3.46 x 1.56 x 0.94 inches Voltage 12 Volts",smart_switch:approved_identity_phrase_absent|smart_switch:required_target_context_absent|smart_switch:wrong_product:switch compatible,approved_identity_phrase_absent|required_target_context_absent|wrong_product,title|features|details,switch,smart_near_switch|wi fi|wifi,hold,low,insufficient_evidence,Metadata does not clearly establish wall-lighting control.,w3-v1.4.0-draft,88fc6b129d80d0f936f876cc16e130002e51e7f391dd071781df43aa270f1214
recovery_candidate,B0C597XMH4,smart_switch,Electronics,,"Stylus Pen for iPad,Ipad Pencil 2nd Generation,Apple Pencil,Smart Touch Switch,Compatible with(2018-2023) Magnetic iPad 6-10,iPad Mini 5/6,iPad Air 3-5,iPad Pro 11""/12.9""",Electronics Computers & Accessories Computer Accessories & Peripherals Input Devices Digital Pens,"categories: Electronics Computers & Accessories Computer Accessories & Peripherals Input Devices Digital Pens | features: …Air(3/4/5 generation), The iPad Mini(5/6 generation). Note: Only applicable to the above models, please check the correct model before ordering. 【Smart Touch Switch & Fast Charging】Long tap the pen cap for 2 seconds to start working.IPad Pencil 2nd Generation One tap to the home page, double tap to take screenshot. Built-in 140mAh rechargeable battery, using TYPE-C fast charging, charging only 20-30 minutes, can supp… | details: Are Batteries Included Yes Batteries 1 Lithium Polymer batteries required. (included) Batteries Required? Yes Best Sellers Rank Digital Pens 30 ",smart_plug:approved_identity_phrase_absent|smart_plug:identity_not_in_title_or_categories|smart_switch:approved_identity_phrase_absent|smart_switch:required_target_context_absent|smart_switch:wrong_product:switch compatible,approved_identity_phrase_absent|multi-type conflict|required_target_context_absent|wrong_product,title|features,switch,smart_near_switch,hold,low,insufficient_evidence,Metadata does not clearly establish wall-lighting control.,w3-v1.4.0-draft,8904c44a240d9c8da6f9f698c0b1b88f82d65b735f3d9fe58ea690d1f791fc81
recovery_candidate,B000M101ZQ,smart_switch,Electronics,All Electronics,Netgear GS724TS ProSafe 24-Port Gigabit Stackable Smart Switch,Electronics Computers & Accessories Networking Products Switches,"categories: Electronics Computers & Accessories Networking Products Switches | features: Device Type - Stackable Switch RAM - N/A Ports Qty - 24 Ports Device Type - Stackable Switch - Layer 2-4 based QoS for application prioritization | description: A first in the industry, the all new ProSafe Gigabit Stackable Smart Switch comes with 24 10/100/1000 ports with four shared SFP ports that provide high performance for bandwidth-intensive applications like ERP and large file transfers. In addition, two dedicated ports provide a 20 Gbps, dual-ring, stacking bus that accommodates growth and offers the highest level of resiliency, thus allowing you to stack up to six s…",smart_switch:required_target_context_absent|smart_switch:wrong_product:port,required_target_context_absent|wrong_product,title|features|description,switch,smart_near_switch,hold,low,insufficient_evidence,Metadata does not clearly establish wall-lighting control.,w3-v1.4.0-draft,8b47e39553994edec98737e9224453aa380ea15e14f6586c9f0741672e566f8e
recovery_candidate,B01IS0DJ92,smart_switch,Electronics,All Electronics,J-Tech Digital 8x8 HDMI 1080p HDCP 1.4 Matrix Switcher Extender Full HD 8 Displays Cat5/6 Cable Supports EDID HDCP Wi-Fi Control with Control 4 Driver [JTECH-8X8-EX50M],Electronics Home Audio Home Audio Accessories Distribution Selector Switch Boxes,"categories: Electronics Home Audio Home Audio Accessories Distribution Selector Switch Boxes | features: … the house. ✔ FULL HD SUPPORT – 60/50Hz@1080p/i, 60/50Hz@720p, 60/50Hz@576p, 50Hz@576i, 60Hz@480p/i; supports 3D display, HDCP, and LPCM 7.1 channel audio. INDEPENDENT SWITCHABLE EDID SETTINGS: for choosing which resolution to display. OPTIMAL SIGNAL TRANSMISSION: the units contain built-in automatic equalization and amplification to ensure optimum signal transmission without loss in video/audio quality. ✔ FLEXIBLE R… | description: … setup, the matrix includes a PC application for HDCP/EDID configuration. The matrix is control system-friendly and integrates with Panel Button, Wi-Fi, RS-",smart_switch:approved_identity_phrase_absent|smart_switch:required_target_context_absent,approved_identity_phrase_absent|required_target_context_absent,title|categories|features|description,switch,wi fi|wifi,hold,low,insufficient_evidence,Metadata does not clearly establish wall-lighting control.,w3-v1.4.0-draft,8b7a225a39dc80b74977e51b3ab98da605622d3dab42ca4dff8ce6c54319e93f
recovery_candidate,B08R7P6VDD,smart_switch,Home_and_Kitchen,Amazon Home,"eufy RoboVac G30 Edge, Robot Vacuum with Smart Dynamic Navigation 2.0, Robot Vacuum Cleaner丨 by Anker, Smart Switch, Amazon Alexa, and The Google Assistant Compatible, Wi-Fi, Control from Everywhe",Home & Kitchen Vacuums & Floor Care Vacuums Robotic Vacuums,"categories: Home & Kitchen Vacuums & Floor Care Vacuums Robotic Vacuums | features: …ed to random path robotic vacuums. MULTI-PURPOSE LIGHTING: Three modes - Schedule, Timer, and Away - provide customized illumination for any situation. VOICE CONTROLLED: Compatibility with Amazon Alexa and the Google Assistant means turning on the lights is effortless, even when your hands are full. (Alexa and Google Assistant devices sold separately.) 2000Pa of Hard-Hitting Suction: The ultra-strong 2000Pa of suctio… | details: Are Batteries Included Yes Best Sellers Rank Home & Kitchen 2218632 Robotic Vacuums 2022 Brand Eufy Compatible Devices Amazon Echo, Google Home Controller Type Voice Control Filter T",smart_switch:required_target_context_absent,required_target_context_absent,title|features|details,switch,alexa|google assistant|google home|smart_near_switch|voice control|voice controlled|wi fi|wifi,hold,low,insufficient_evidence,Metadata does not clearly establish wall-lighting control.,w3-v1.4.0-draft,8dcadf3a3967bf0d4118082ee7c1590e4d7ec8a1f8a9ae19203221e087b3de18
recovery_candidate,B0B5RKB41D,smart_switch,Electronics,All Electronics,OTOUCH Native 1080P Projector 15000LM/600ANSI 5G WiFi Bluetooth Projector 4K Support 4P Keystone/Phone Sync/Dual HiFi Speakers/BT Remote/Good Heat Dissipation for Phone PC TV Stick Switch PS5,Electronics Video Projectors,"categories: Electronics Video Projectors | features: …nema-level enjoyment. （Note: Using the projector in a dark environment will get a better viewing experience） 【IOS/Android Phone Screen Sync & 5G/2.4G Dual-Band WIFI--No lag, Smoother】This wireless projector supports 5G/2.4G dual-band WiFi, which can reduce video loading delay, make it faster and smoother to stream video. It supports ios Screen Mirroring and Android Wireless Display, no wire connection is required , m… | details: Average Life 100000 Hours Brand OTOUCH Brand Name OTOUCH Date First Available August 4, 2022 Item Dimensions LxWxH 8.66 x 8.54 x 5.51 inches Item Weight 6.49 pounds Item model number K3 Light Source Wattage 120 Wa",smart_switch:approved_identity_phrase_absent|smart_switch:required_target_context_absent,approved_identity_phrase_absent|required_target_context_absent,title|features,switch,wi fi|wifi,hold,low,insufficient_evidence,Metadata does not clearly establish wall-lighting control.,w3-v1.4.0-draft,8e5c7fff9a63ee98cdb2e5261c002b7ff5dc9285ad904de461116e477c8d0e24
recovery_candidate,B0765D6FTM,smart_switch,Electronics,All Electronics,"Intellinet Network (561099) 8-Port RJ45 10/100/1000 Mbps Gigabit Web-Smart Switch, Metal, IEEE 802.3az (Energy Efficient Ethernet)",,"features: The Intellinet 8-Port Gigabit Web-Smart Switch offers an array of features while providing superior network throughput. With a backplane speed of 16 Gbps, there is plenty of performance available for your computers and other networking devices. The Intellinet 561099 8-Port Gigabit Web-Smart Switch is equipped with an impressive array of advanced management functions that allow you to be in full control over your netw… | description: The Intellinet 8-Port Gigabit Web-Smart Switch offers an array of features while providing superior network throughput. With a backplane speed of 16 Gbps, there is plenty of performance available for your computers and other networking devices. The Inte",smart_switch:required_target_context_absent|smart_switch:wrong_product:ethernet|smart_switch:wrong_product:network|smart_switch:wrong_product:port,required_target_context_absent|wrong_product,title|features|description|details,switch,smart_near_switch,hold,low,insufficient_evidence,Metadata does not clearly establish wall-lighting control.,w3-v1.4.0-draft,90b94c440bcdbab3c2ce083b3fdad1cbc4f00894cfb04e2325b0abaaa58bbf9f
recovery_candidate,B0753CL6CY,smart_switch,Electronics,Computers,"Acer Switch 5, 12.0"" QHD Touch, 7th Gen Intel Core i7-7500U, 8GB LPDDR3, 512GB SSD, Active Stylus, SW512-52-77CB, Black",Electronics Computers & Accessories,"categories: Electronics Computers & Accessories | features: 7th Generation Intel Core i7-7500U Processor (Up to 3.5GHz) 12.0"" QHD 2160 x 1440 Multi-Touch IPS Display 8GB of LPDDR3 Memory, 512GB SSD. Connectivity: 802.11ac wireless LAN,Bluetooth 4.0 2-cell Li-Ion (4870 mAh) Battery, Up to 10.5 Hours Battery Life Acer Active Stylus | description: Acer Switch 5 SW512-51-77CB 2 in 1 Laptop comes with these high level specs: 7th Generation Intel Core i7-7500U Processor (Up to 3.5GHz), Windows 10 Home, 12.0"" QHD (2160 x 1440) widescreen LED-backlit IPS display - Multi-touch screen, supporting finger touch, Intel HD Graphics 620, 8GB LPDDR3 Onboard Memory, 512GB SSD, Secure Digital (SD) card reader",smart_switch:approved_identity_phrase_absent|smart_switch:required_target_context_absent|smart_switch:smart_evidence_not_in_title_or_categories,approved_identity_phrase_absent|required_target_context_absent|smart_evidence_not_in_title_or_categories,title|description,switch,wi fi|wifi,hold,low,insufficient_evidence,Metadata does not clearly establish wall-lighting control.,w3-v1.4.0-draft,90cc617138d25899990ef81feac469930d94d53e8908f8932d9c8694e123cc42
recovery_candidate,B01A6JFCR0,smart_switch,Electronics,Computers,Linksys Business LGS326 24-Port Gigabit Smart Managed Switch with 2 Gigabit and 2 SFP Ports,Electronics Computers & Accessories Networking Products Switches,"categories: Electronics Computers & Accessories Networking Products Switches | features: 26 Gigabit Ethernet ports Proven Performance and Reliability Easy Configuration and Management Advanced Network Security IPv6 Support Enhanced Quality of Service (QoS) traffic prioritization Meets EEE (Energy Efficient Ethernet) 802.3az standard | description: Designed for business-class management, security, speed, and quality of service, Linksys Smart Gigabit Switches provide a network your business can grow on. Multiple high-bandwidth trunks between switches enhance availability and redundancy. Spanning Tree Protocol (STP) and Storm Control features help control planned or inadvertent cable loops, so ",smart_switch:approved_identity_phrase_absent|smart_switch:required_target_context_absent|smart_switch:wrong_product:port,approved_identity_phrase_absent|required_target_context_absent|wrong_product,title,switch,smart_near_switch,hold,low,insufficient_evidence,Metadata does not clearly establish wall-lighting control.,w3-v1.4.0-draft,91925b9f4a0462ddce6ed536bbc37a24bec5eb074a2234b2fc48df0caeff0518
recovery_candidate,B07TB8W6NL,smart_switch,Electronics,All Electronics,"8 Ports Hundred Meg Smart Switch , High Performance Network VLAN Hub Desktop Switch Plug and Play,Sturdy Metal Shielded Ports (Black)(us)",Electronics Computers & Accessories Networking Products Switches,"categories: Electronics Computers & Accessories Networking Products Switches | features: …arding, and heat dissipation at the bottom. Built-in broadband power supply design, 5V-20V interval voltage, 360 degree safe escort. VLAN one-button switching, fast and safe, provides independent VLAN switch. When VLAN function is turned on, 1-7 ports can not access each other. Intelligent and ""Uplink"" port communication can effectively restrain network storm and enhance network security. Professional 8-core, multi-m… | description: …warding, and heat dissipation at the bottom. Built-in broadband power supply design, 5V-20V interval voltage, 360 degree safe escort. VLAN one-button switching, fast and sa",smart_plug:approved_identity_phrase_absent|smart_plug:wrong_product:plug and play|smart_switch:required_target_context_absent|smart_switch:wrong_product:network,multi-type conflict|required_target_context_absent|wrong_product,title|features|description|details,switch,smart_near_switch,hold,low,insufficient_evidence,Metadata does not clearly establish wall-lighting control.,w3-v1.4.0-draft,91c544eae71720ee0ccb82d8704a13bc4ae5d568fd77576e90dae5d025bfe62f
recovery_candidate,B075M9GT4N,smart_switch,Electronics,All Electronics,Vanki DC 5v to DC 9v or 12v Adjustable Step-up Voltage Regulator Converter with Switch 1pcs,Electronics Power Accessories Power Converters,"categories: Electronics Power Accessories Power Converters | features: Build-in identification resistor. You can use it to power the router via power bank during power cuts. Input: 5V USB A male; Output: 9V or 12V 5.5*2.1mm DC connector ; Current: 1A; You could toggle between 9V & 12V output via a simple button. | description: …bined 9V and 12V output together, so one cable can suitable for different rate device. 5.T he latest designed function: Supply power from powerbank for WIFI router in emergency situation, keep internet available even powered off. | details: Best Sellers Rank Power Converters 3498 Tools & Home Improvement 803790 Date First Available September 14, 2017 Is Discontinued B",smart_switch:approved_identity_phrase_absent|smart_switch:required_target_context_absent|smart_switch:smart_evidence_not_in_title_or_categories,approved_identity_phrase_absent|required_target_context_absent|smart_evidence_not_in_title_or_categories,title|description,switch,wi fi|wifi,hold,low,insufficient_evidence,Metadata does not clearly establish wall-lighting control.,w3-v1.4.0-draft,92b07e70e290bb886b10acb781cf326743adcef07d2d8a05ec0d82043c325d55
recovery_candidate,B07MG5JLGW,smart_switch,Electronics,Computers,TP-Link 3-packDeco M5 Mesh with 5 port Switch for the port extension,Electronics Computers & Accessories Networking Products Whole Home & Mesh Wi-Fi Systems,"categories: Electronics Computers & Accessories Networking Products Whole Home & Mesh Wi-Fi Systems | features: &Liquor; If you're looking to ditch your traditional router extender setup for a whole home WiFi system, put the TP LINK Deco M5 WiFi system on your short list PC mag Unlike traditional routers that can cause dead zones and buffering, Deco M5 uses three units working seamlessly to create a mesh network that can cover homes up to 5, 500 square Feet And keep 100+ devices connected at the same time PLUG AND PLAY : Easy … | description: TP-Link Deco Whole Home Mesh WiFi System – Homecare Support, Seamless Roaming, Dynamic Backhaul, Adaptive Routing, Up to 5,500 sq. ft. Coverage (M5)Max",smart_plug:approved_identity_phrase_absent|smart_plug:identity_not_in_title_or_categories|smart_switch:approved_identity_phrase_absent|smart_switch:required_target_context_absent|smart_switch:wrong_product:port,approved_identity_phrase_absent|multi-type conflict|required_target_context_absent|wrong_product,title|categories|features|description|details,switch,wi fi|wifi,hold,low,insufficient_evidence,Metadata does not clearly establish wall-lighting control.,w3-v1.4.0-draft,939fd57c539ee09cf9714394f7b553879224a296a25913cfd40b07a547a6aff7
recovery_candidate,B097CLSR6G,smart_switch,Electronics,Computers,Cisco Business CBS250-8T-D Smart Switch | 8 Port GE | Desktop | Limited Lifetime Hardware Warranty (CBS250-8T-D-NA),Electronics Computers & Accessories Networking Products Switches,"categories: Electronics Computers & Accessories Networking Products Switches | features: SWITCH PORTS: 8-Port 10/100/1000 POWER-OVER-ETHERNET: The switch can be powered by PoE on port 1 SIMPLE: Intuitive on-box UI, mobile app and Cisco Business Dashboard simplifies network operations and automates lifecycle management SECURITY and ROUTING: IEEE 802.1X and port security control access to your network, Denial-of- Service (DoS) attack prevention increases network uptime during an attack, while static routin… | description: The Cisco Business CBS250-8T-D switch is the next generation of affordable, smart switches that combines powerful network performance, security, and reliability with a compre",smart_switch:required_target_context_absent|smart_switch:wrong_product:port,required_target_context_absent|wrong_product,title|features|description|details,switch,smart_near_switch,hold,low,insufficient_evidence,Metadata does not clearly establish wall-lighting control.,w3-v1.4.0-draft,949f372a9f5cd181037ce43294b8c4b7e209d9772d88b8e31540b183edf37b59
recovery_candidate,B0796R2BH3,smart_switch,Electronics,All Electronics,HeavenLights DC 5v to DC 9v or 12v Adjustable Step Up Voltage Converter DC-DC from 5V to 9/12V USB to 5.5 x 2.1mm with Selector Power Switch,Electronics Power Accessories Power Converters,"categories: Electronics Power Accessories Power Converters | features: Specifications: USB Input: 5v 2A; DC connecter Output: 9V/12V 1A with selector switch. The conversion rate is 95% or more with lower heat and long working time. Connectors: USB A male to DC jack 5.5*2.1 mm Multiple Applications: Useful for powering the WiFi router via a power bank or other 5V power source during power outages. Can also be used with other devices that require a 9/12V power supply. Protection: Build-in… | description: …2V. This converter cable provide the convenience of using common USB port to power these devices. Applications: This converter can be used with WIFI router, Cameras, Nintendo and many other g",smart_switch:approved_identity_phrase_absent|smart_switch:required_target_context_absent|smart_switch:smart_evidence_not_in_title_or_categories,approved_identity_phrase_absent|required_target_context_absent|smart_evidence_not_in_title_or_categories,title|features|description,switch,wi fi|wifi,hold,low,insufficient_evidence,Metadata does not clearly establish wall-lighting control.,w3-v1.4.0-draft,9541c4a9ab77f05e20cd58b1eded80c68f3a51e2fa599ac408d671a5c755b74f
recovery_candidate,B00SKRVTGO,smart_switch,Electronics,All Electronics,Jiefanglu 5 Port HDMI 1.3 Smart Switch Switcher Selector 5 In 1 Out with Remote Control Supports 1080P/Auto Switching/ 25M Distance,Electronics Computers & Accessories Computer Accessories & Peripherals Cables & Accessories Cables & Interconnects,"categories: Electronics Computers & Accessories Computer Accessories & Peripherals Cables & Accessories Cables & Interconnects | features: Plug and play, no need any software to drive, 5 HDMI input, 1 HDMI output. It can be used for digital high-definition TVs, plasma displays, LCD monitors, set-top boxes, DVD players, Blu-ray players, digital cameras, audio / video receiver, home video, projector system connections. 5 HDMI input, 1 HDMI output, it compatible with HDMI1.3. Single way connection signal maximum range is up to 1920 x 1200, 1080 p Output t… | description: Specification: Product Type: Switch Product Size: 8*5.6*1.8cm Interface Type: HDMI Colour: Black Function: Audio Video Conver",smart_plug:approved_identity_phrase_absent|smart_plug:identity_not_in_title_or_categories|smart_switch:required_target_context_absent|smart_switch:wrong_product:port,multi-type conflict|required_target_context_absent|wrong_product,title|description,switch,smart_near_switch,hold,low,insufficient_evidence,Metadata does not clearly establish wall-lighting control.,w3-v1.4.0-draft,96064341a86e2e1d4226c602af842c53ddf40f24163db4853dc3ba94628dd5e2
recovery_candidate,B08X2LK486,smart_switch,Electronics,Computers,"seenda Multi-Device Bluetooth Keyboard Wireless Keyboard with Phone Holder Compatible for Windows, Mac, Chrome OS Computers, iPad, iPhone, Smart TV, Easy-Switch up to 3 Devices, Black","Electronics Computers & Accessories Computer Accessories & Peripherals Keyboards, Mice & Accessories Keyboards","categories: Electronics Computers & Accessories Computer Accessories & Peripherals Keyboards, Mice & Accessories Keyboards | features: …s Three Devices -- This dual mode wireless bluetooth keyboard can connect up to 3 devices simultaneously:1 USB device and 2 bluetooth devices.You can switch easily between devices by a single click Wide Compatibility -- Widely compatible with Cellphone Tablet PC laptop Desktop with Android Windows iOS and Mac OS system.Works on Apple iPad, iPhone, Galaxy Tab, Macbook, Surface pro & More.Automatically recognizes each … | details: Best Sellers Rank Computer Keyboards 3416 Brand Seenda Color Black Compatible Devices Desktops / PC / Laptop / Computer / Cellphone",smart_switch:approved_identity_phrase_absent|smart_switch:required_target_context_absent,approved_identity_phrase_absent|required_target_context_absent,title|features,switch,smart_near_switch,hold,low,insufficient_evidence,Metadata does not clearly establish wall-lighting control.,w3-v1.4.0-draft,96150600f1cc7e9b3954c6896c93e1b12466cfff044ad3552033faf3511bce23
recovery_candidate,B0081PTLBU,smart_switch,Home_and_Kitchen,Amazon Home,"Hamilton Beach 5-Cup Switch Coffee Maker, Works with Smart Plugs, Black (48136)","Home & Kitchen Kitchen & Dining Coffee, Tea & Espresso Coffee Makers Coffee Machines","categories: Home & Kitchen Kitchen & Dining Coffee, Tea & Espresso Coffee Makers Coffee Machines | features: … Coffee Maker Is Great for Small Kitchen, Dorm Rooms, Offices and Even Traveling Smart Plug Compatible: Plug Into Any Smart Plug Compatible With Alexa, Google Home or Siri to Voice Control or Add to Your Routines; Smart Plug Sold Separately Automatic Pause and Serve: The Brewing Cycle Will Pause When the Carafe Is Removed so You Can Pour Your First Cup Before the Whole Pot Is Ready Swing out Brew Basket: Makes Fillin… | description: There's nothing like a cup of fresh, flavorful Coffee to start the morning. Hamilton Beach 4-5 cup Coffee makers brew four to five Cups in a snap, with a",smart_plug:approved_identity_phrase_absent|smart_plug:identity_not_in_title_or_categories|smart_switch:approved_identity_phrase_absent|smart_switch:required_target_context_absent,approved_identity_phrase_absent|multi-type conflict|required_target_context_absent,title|features|details,switch,alexa|google home|voice control,hold,low,insufficient_evidence,Metadata does not clearly establish wall-lighting control.,w3-v1.4.0-draft,971746027aa692c0a07aff7797a9ebd1d3e8b34e42d87e9b0e746513aaec5b1d
recovery_candidate,B010QD50JQ,smart_switch,Electronics,Computers,Adtran Netvanta 1550-48P - Switch - 48 Ports - Managed - Rack-Mountable - Black/Blue (17101548PF1),Electronics Computers & Accessories Networking Products Switches,"categories: Electronics Computers & Accessories Networking Products Switches | features: 48 10/100/1000baset-t Ports Four SFP+ Ports that support up to 10 Gbps Each Multi-layer switching (layer 2 and layer 3) Non-blocking switching capacity up to 176 Gbps Faster voip deployments with voip setup wizard, advanced QoS and ""zero-touch"" phone setup | description: The NetVanta 1550-48p 48-Port, fully managed Gigabit switch with PoE is a part of best switches for Voice over IP (VoIP). purpose built for enterprises looking to upgrade their networks with high-performance, reliable, scalable and easy to manage switching solutions, the NetVanta 1550-48p switches are ideal for Premises or hosted VoIP, W",smart_switch:approved_identity_phrase_absent|smart_switch:required_target_context_absent|smart_switch:smart_evidence_not_in_title_or_categories,approved_identity_phrase_absent|required_target_context_absent|smart_evidence_not_in_title_or_categories,title|description,switch,wi fi|wifi,hold,low,insufficient_evidence,Metadata does not clearly establish wall-lighting control.,w3-v1.4.0-draft,97b829539777025119fb72bc818053e37df3dc31e497a37920b88077dbd5a9d2
recovery_candidate,B09NRNZG2J,smart_switch,Electronics,Industrial & Scientific,"ELECPOW USB Printer Cable, USB 2.0 Type A Male to B Male Scanner Cord, High-Speed Type B Cable with ON/Off Switch, Fits Hp, Canon, Brother, Samsung, Dell, Epson, Lexmark, Piano, DAC 6.6 FT",Electronics Computers & Accessories Computer Accessories & Peripherals Cables & Accessories Cables & Interconnects USB Cables,"categories: Electronics Computers & Accessories Computer Accessories & Peripherals Cables & Accessories Cables & Interconnects USB Cables | features: …ckward compatible with full-speed USB 1.1 (12 Mbps) and low-speed USB 1.0 (1.5 Mbps). Stable signal data transmission, no delay and non-interrupted by unstable WIFI signal. Eminent Compatibility: This USB Printer Cable compatible with Epson XP-600 / XP-200 / WF-7710 / XP-225 / XP-425 / XP-446 / XP-440 / XP-630 / XP-310 / C88 +; Epson Workforce 545; HP Envy 5660/4520/5055; HP Deskjet 3050/1112, HP Photosmart 5520/7520… | details: Brand ELECPOW Cable Type USB Compatible Devices Hp, Canon, Brother, Samsung, Dell, Epson, Lexmark, Piano, DAC Connec",smart_switch:approved_identity_phrase_absent|smart_switch:required_target_context_absent|smart_switch:smart_evidence_not_in_title_or_categories,approved_identity_phrase_absent|required_target_context_absent|smart_evidence_not_in_title_or_categories,title|features,switch,wi fi|wifi,hold,low,insufficient_evidence,Metadata does not clearly establish wall-lighting control.,w3-v1.4.0-draft,980055b8d51a1b4dc7ae6cf8c16740ff5e71de1ee03a0b0fe6e48857998c919a
recovery_candidate,B00JKB63D8,smart_switch,Electronics,Computers,TP-LINK TL-SG108E 8-Port Gigabit Easy Smart Switch (TL-SG108E),Electronics Computers & Accessories Networking Products Switches,"categories: Electronics Computers & Accessories Networking Products Switches | features: Computer | Networks and components, Computers | Electronics, Switches | description: If you're passionate about IT and electronics, like being up to date on technology and don't miss even the slightest details, buy Desktop Switch TP- LINK Easy Smart TL-SG108E 8P Gigabit at an unbeatable price. | details: Batteries 1 Lithium Ion batteries required. Best Sellers Rank Computer Networking Switches 1997 Brand TP-Link Compatible Devices Desktop Date First Available June 30, 2014 Is Discontinued By Manufacturer No Item Dimensions LxWxH 6.22 x 3.98 x 0.98 inches Item Dimensions LxWxH 6.22 x 3.98 x 0.98 inches It",smart_switch:required_target_context_absent|smart_switch:wrong_product:port,required_target_context_absent|wrong_product,title|description,switch,smart_near_switch,hold,low,insufficient_evidence,Metadata does not clearly establish wall-lighting control.,w3-v1.4.0-draft,98107b4b367beaed1248cdbad031acb4f348a3871ce28c28fa7e28257b50e61c
recovery_candidate,B08HNCPHCY,smart_switch,Electronics,Computers,"Car Tablet Holder Car Headrest Mount 360° Rotating Car Seat Stand Cradle Charging Convenient Detachable Car Back Seat Bracket Universal for 4.4~11"" iPad iPhone Smart Phones Switch Tab E-Reader Red",Electronics Computers & Accessories Tablet Accessories Mounts,"categories: Electronics Computers & Accessories Tablet Accessories Mounts | features: Easy to install and release: The car tablet holder with an elastic design inside, fix one end, press the other end, can quickly complete the installation without any tools. 360-degree rotation design: The support of the bracket adopts a three-stage design, and each part is tightly connected to provide stable support and 360-degree adjustment. Compatibility: The clamp of the car headrest mount is stretchable, the nor… | details: Best Sellers Rank Tablet Mounts 538 Brand ProChosen Color Red Compatible Devices Smartphones, Tablets Compatible Phone Models Iphone Date First Available September 22, 2020 Item Weig",smart_switch:approved_identity_phrase_absent|smart_switch:required_target_context_absent,approved_identity_phrase_absent|required_target_context_absent,title,switch,smart_near_switch,hold,low,insufficient_evidence,Metadata does not clearly establish wall-lighting control.,w3-v1.4.0-draft,98b64417415ce387b6b4b8f72e4ddda76307c32d9d8349e7dd6e609aa7c086c7
recovery_candidate,B09M3RCFJ2,smart_switch,Electronics,All Electronics,Ubiquiti UniFi SmartPower Strip | 6-Port Wi-Fi AC Power Switch (USP-Strip-US),Electronics Accessories & Supplies Power Strips & Surge Protectors Power Strips,"categories: Electronics Accessories & Supplies Power Strips & Surge Protectors Power Strips | features: … Offline Status Works with Internet Devices Featuring US AC Plug, including Cable Modems, DSL Routers, and Optical Network Terminals Adapt via Wi-Fi Using UniFi Network Application or UniFi Network App (6) Power Control Outlets (125V, 1250W Max. Total) (4) USB Type C Ports, 1.5A Max. per Port, 20W Max. Total | description: The SmartPower Strip is a Wi-Fi connected power strip installed between an AC outlet and the power plugs of your internet connectivity hardware (modems, router, etc). The UniFi Network application continuously monitors availability of an internet connection. If the conn",smart_plug:approved_identity_phrase_absent|smart_plug:identity_not_in_title_or_categories|smart_switch:approved_identity_phrase_absent|smart_switch:required_target_context_absent|smart_switch:wrong_product:port,approved_identity_phrase_absent|multi-type conflict|required_target_context_absent|wrong_product,title|features|description,switch,wi fi|wifi,hold,low,insufficient_evidence,Metadata does not clearly establish wall-lighting control.,w3-v1.4.0-draft,990f27e4e72049d03069e490a6d3fd5164d800bfcca437d35e6d1abd9e31ca8a
recovery_candidate,B0B7N387MJ,smart_switch,Electronics,Camera & Photo,"VIMTAG 4MP Smart Indoor Security Camera with Clear Live Video, Auto Switch Night Vision, Motion/Sound Detection, Two Way Talk, Cloud Storage, Works with Alexa, 2.4Ghz Plug-in Cam for Home/Pets/Baby",Electronics Camera & Photo Video Surveillance Surveillance Cameras Dome Cameras,"categories: Electronics Camera & Photo Video Surveillance Surveillance Cameras Dome Cameras | features: … video. 【Instants Alerts & Following Object Moving】Vimtag home camera supports motion, sound and human detection. When it detects a motion or sound, this wifi camera will auto follow the object moving, sending you alerts to warning you and let you make quickly respond. 【Speak to Your Baby/Pet & Clear Night View】Built-in microphone & speaker, speak to your pets/babies and hear them back, telling them you love them or … | details: Brand VIMTAG Connectivity Technology Wired, 2.4Ghz WiFi While is setting up Model Name FI-362B Recommended Uses For Product Baby Monitoring Special Feature Night ",smart_plug:approved_identity_phrase_absent|smart_plug:wrong_product:camera|smart_plug:wrong_product:cameras|smart_plug:wrong_product:security camera|smart_switch:approved_identity_phrase_absent|smart_switch:required_target_context_absent,approved_identity_phrase_absent|multi-type conflict|required_target_context_absent,title|features|details,switch,alexa|wi fi|wifi,hold,low,insufficient_evidence,Metadata does not clearly establish wall-lighting control.,w3-v1.4.0-draft,99616a83feefa4e0372eb1c2e96baa107c76c8fd226529e3a9708ea4b7bd86a4
recovery_candidate,B0044X7SMM,smart_switch,Electronics,Computers,"Edimax ES-5240G+ V3, 24-Port Gigabit Ethernet Web Smart Switch with 4 SFP Slots, Complies with IEEE802.3/802.3U/802.3AB/802.3Z Standards",Electronics Computers & Accessories Networking Products Switches,"categories: Electronics Computers & Accessories Networking Products Switches | features: Complies with IEEE802.3/802.3U/802.3ab/802.3Z standards Supports IEEE802.3x flow control Supports IEEE802.1Q Q-in-Q tag VLAN Supports IEEE802.1P QoS Supports QoS with 4 priority queues Supports 8K Mac address entries Supports 9600 byte jumbo frames Supports 802.1x network access security Supports per-port Shaping, policing and broadcast Storm control Supports multicast/broadcast/unknown-unicast Storm suppression | description: The ES-5240G+ V3 is a cost-effective web-smart Ethernet switch which meets IEEE 802.3/U/x/Z Gigabit Ethernet Specifications. It's equipped with 24 Gigabit ports, four SFP slots and",smart_switch:required_target_context_absent|smart_switch:wrong_product:ethernet|smart_switch:wrong_product:port,required_target_context_absent|wrong_product,title|description,switch,smart_near_switch,hold,low,insufficient_evidence,Metadata does not clearly establish wall-lighting control.,w3-v1.4.0-draft,9a8307ac4ecf67d3f1d8e84a8d2f50b79623aa6953db524b2ac6ca2b8cc44aa8
recovery_candidate,B09X287CCR,smart_switch,Electronics,Computers,"TP-Link TL-SX3008F | 8 Port 10G SFP+ Enterprise Level Switch | L2+ Smart Managed | Omada SDN Integrated | IPv6 | Static Routing | L2/L3/L4 QoS, IGMP & LAG | Limited Lifetime Protection",Electronics Computers & Accessories Networking Products Switches,"categories: Electronics Computers & Accessories Networking Products Switches | features: 【10G Lightning-Fast Connections】8× 10 Gbps SFP+ Ports enable high-bandwidth connectivity and non-blocking switching capacity. 【Integrated into Omada SDN】Omada's Software Defined Networking (SDN) platform integrates network devices including switches, access points & gateways with multiple control options offered - Omada Hardware controller, Omada Software Controller or Omada Cloud-based controller*(Contact TP-Link fo… | description: JetStream 8-Port 10GE SFP+ L2+ Managed Switch | details: Best Sellers Rank Computer Networking Switches 173 Brand TP-Link Compatible Devices Desktop Country of Origin Vietnam",smart_switch:approved_identity_phrase_absent|smart_switch:required_target_context_absent|smart_switch:wrong_product:port,approved_identity_phrase_absent|required_target_context_absent|wrong_product,title|description|details,switch,smart_near_switch,hold,low,insufficient_evidence,Metadata does not clearly establish wall-lighting control.,w3-v1.4.0-draft,9a95ad373a6a6cdae0750c16f85b63b51403b278a4128866aeafe1ab09c58ab9
recovery_candidate,B00SCX7Q7C,smart_switch,Electronics,Computers,Acer Aspire Switch 12 SW5-271-64V2 12.5-Inch Full HD Detachable 5 in 1 Touchscreen Laptop,Electronics 2 in 1 PCs Detachables,"categories: Electronics 2 in 1 PCs Detachables | features: Intel Core M-5Y10c Processor (0.8 GHz) 4 GB DDR3 RAM 128 GB Solid-State Drive 12.5-Inch Screen, Intel HD Graphics 5300 Windows 8.1, 6-hour battery life | description: Product Description Acer Aspire Switch 12 SW5-271-64V2 5-in-1 comes with these high level specs: Intel Core M-5Y10c Processor 0.8GHz with Turbo Boost Technology up to 2.0GHz (4MB L3 cache), Windows 8.1, 12.5"" Full HD 1920 x 1080 resolution, high-brightness, LED-backlit IPS (In-Plane Switching) technology with integrated 10-point multitouch screen, Intel HD Graphics 5300, High-definition audio support, 4GB of LPDDR3 O…",smart_switch:approved_identity_phrase_absent|smart_switch:required_target_context_absent|smart_switch:smart_evidence_not_in_title_or_categories,approved_identity_phrase_absent|required_target_context_absent|smart_evidence_not_in_title_or_categories,title|description|details,switch,wi fi|wifi,hold,low,insufficient_evidence,Metadata does not clearly establish wall-lighting control.,w3-v1.4.0-draft,9b4d191567118703fc1fe9822b070c51d52ce91da5048a6d3e959882b436b5cd
recovery_candidate,B00KB464AA,smart_switch,Electronics,Computers,TP-Link 28-Port Fast Ethernet Smart Switch with 2-Combo SFP Slots and 4-Gigabit Ports (TL-SL2428),Electronics Computers & Accessories Networking Products Switches,"categories: Electronics Computers & Accessories Networking Products Switches | features: 24 10/100Mbps RJ45 Ports, 4 10/100/1000Mbps RJ45 Ports and 2 Combo Gigabit SFP Slots Integrated security strategy including 802.1Q VLAN, Port Security and Storm control help protect LAN area investment L2/L3/L4 QoS and IGMP snooping optimize voice and video application WEB managed modes, SNMP, RMON bring abundant management features | details: Brand TP-Link Compatible Devices Desktop Item Dimensions LxWxH 20.9 x 9.9 x 3.2 inches Item Weight 6 Pounds Number of Ports 24",smart_switch:required_target_context_absent|smart_switch:wrong_product:ethernet|smart_switch:wrong_product:port,required_target_context_absent|wrong_product,title,switch,smart_near_switch,hold,low,insufficient_evidence,Metadata does not clearly establish wall-lighting control.,w3-v1.4.0-draft,9b4dbe898256c3c97db2e8883339b708c3906a188447374e5b4e01c09b3b75fa
recovery_candidate,B07P38KFVJ,smart_switch,Electronics,All Electronics,Cisco SG250-50 50-Port Gigabit Smart Switch (SG250-50-K9-NA),Electronics Computers & Accessories Networking Products Switches,"categories: Electronics Computers & Accessories Networking Products Switches | features: Smart Network Application (SNA) is a network-level monitoring and management tool embedded in the Cisco 100 to 500 Series switches. It can discover network topology, display link status, monitor events, apply configurations, and upgrade software images across multiple switches in the network. The FindIT Network Manager and Probe are designed to manage Cisco 100 to 500 Series switches, routers, and wireless access poi… | description: Cisco SG250-50. Switch type: Managed, Switch layer: L2/L3. Basic switching RJ-45 Ethernet ports type: Gigabit Ethernet (10/100/1000), Basic switching RJ-45 Ethernet ports qua",smart_switch:required_target_context_absent|smart_switch:wrong_product:port,required_target_context_absent|wrong_product,title|features|description|details,switch,smart_near_switch,hold,low,insufficient_evidence,Metadata does not clearly establish wall-lighting control.,w3-v1.4.0-draft,9b9b98a9e4024b76b37e97b31b3774d9645694bd0c86a58efc8928f9bf8f24a9
recovery_candidate,B08TMDJ6Y9,smart_switch,Electronics,All Electronics,"Projector Native 1080P Full HD Portable, WITSEER LCD Home Movie Projector, Compatible with Iphone, Airplay, TV Stick, Laptop, PS4, Switch, Chromecast, Games, USB, HDMI, Use for Indoor, L1M (Miracast )",Electronics Video Projectors,"categories: Electronics Video Projectors | features: …quipped with 1*USB, 1*HDMI and 1*Audio out port, WITSEER L1 projector can compatible with various external devices, like U-disc, PC, Laptop, Earphone, TV Stick, Switch, PS3/4, ect. Let's plug and play your favorite HDMI and USB devices. 💫Miracast / Mirroring Function: Allows to the Wired and wireless connection, iphone with IOS system can be easily Miracast / mirroring via USB and IOS & Android devices can achieve th… | details: Best Sellers Rank Video Projectors 4593 Brand witseer Brand Name witseer Color Name Advanced Version Connectivity Technology Wireless Date First Available January 21, 2021 Display Resolution Maximum 1920*1080 Pixe",smart_plug:approved_identity_phrase_absent|smart_plug:identity_not_in_title_or_categories|smart_switch:approved_identity_phrase_absent|smart_switch:required_target_context_absent|smart_switch:smart_evidence_not_in_title_or_categories,approved_identity_phrase_absent|multi-type conflict|required_target_context_absent|smart_evidence_not_in_title_or_categories,title|features,switch,wi fi|wifi,hold,low,insufficient_evidence,Metadata does not clearly establish wall-lighting control.,w3-v1.4.0-draft,9c74fce40f3a7a4ec543e869ea6187860315d0d08f06466302aa4cbceb6a2e6d
recovery_candidate,B07P765D45,smart_switch,Electronics,All Electronics,"gofanco Intelligent 4x4 HDMI Matrix Switch 4K 60HZ HDR with Voice Control – YUV 4:4:4, 18Gbps, Auto Downscaling, EDID MGMT, Control via Voice-RS232-IP-Control4, TAA (PRO-Matrix44-SC)",Electronics Home Audio Home Audio Accessories Distribution Selector Switch Boxes,"categories: Electronics Home Audio Home Audio Accessories Distribution Selector Switch Boxes | features: …t); HDCP 2.2, HDMI compliant at 18Gbps bandwdith. Supports up to 7.1-channel audio, supports Dolby Digital, DTS Digital, Dolby TrueHD, and DTS-HD Master audio formats ✔ FLEXIBLE SWITCHING OPTIONS – 1) Push buttons, 2) IR remote, 3) RS-232 control, 4) IP control, 5) Supports Alexa Echo voice control. *Control4* driver & the latest control software can be downloaded from our website ✔ MADE IN TAIWAN and HIGH QUALITY CO… | details: Best Sellers Rank Audio & Video Selector Boxes 1008 Brand Gofanco Cable Type HDMI Color Black Compatible Devices Monitor, Television Connector Type HDMI Country ",smart_switch:approved_identity_phrase_absent|smart_switch:required_target_context_absent,approved_identity_phrase_absent|required_target_context_absent,title|categories|features,switch,alexa|voice control,hold,low,insufficient_evidence,Metadata does not clearly establish wall-lighting control.,w3-v1.4.0-draft,9e1b7c625b9831138222bc403a16e84ab20bfb1339acb4c76c2794ac5d7ed441
recovery_candidate,B07QLKR2P2,smart_switch,Electronics,All Electronics,"ALSISK 12V 1A 12W Adapter+7 Different Plugs,Power Plug for Home Appliances,CCTV Camera,Yamaha Keyboard,Routers,Hubs,LED Strips,Telekom,T-Com,Speedport,Scanner,Switch",Electronics Power Accessories AC Adapters,"categories: Electronics Power Accessories AC Adapters | features: …dapter/Charger for many kinds of small household electronics,like Router,Speaker,Hubs,LED strips,Telekom,T-Com,Speedport,Radiowecker,Scanner,Switch and many other compatible electronic devices that not listed.▶Please confirm that your device is compatible before purchasing. ✅AC Input:100-240V ~ 50/60Hz 0.5A,US Wall Plug;DC Output:12V 1A(1000mA) 12W,(5.5*2.1mm Plug).The output current should not exceed 1.5 Amp,not exc… | description: …ct weight:280g; Operating Temperature:-30~+70℃; Wire Length:120cm(47.24Inch) long at outlet end. ►Applications(Avoid wrong purchase): Led light strip / Wireless Wifi Router / Cable Modem / Christ",smart_plug:approved_identity_phrase_absent|smart_plug:smart_evidence_not_in_title_or_categories|smart_plug:wrong_product:camera|smart_switch:approved_identity_phrase_absent|smart_switch:required_target_context_absent|smart_switch:smart_evidence_not_in_title_or_categories,approved_identity_phrase_absent|multi-type conflict|required_target_context_absent|smart_evidence_not_in_title_or_categories,title|features|description,switch,wi fi|wifi,hold,low,insufficient_evidence,Metadata does not clearly establish wall-lighting control.,w3-v1.4.0-draft,9f5dfaed5de2664d8c2d2328280991efcd54438f58cdd6ddf5374f51bc1684f3
recovery_candidate,B099RRY48Q,smart_switch,Electronics,All Electronics,"【Sale】 Projector Native 1080P Full HD Portable, WITSEER LCD Home Projector, Compatible with iPhone, Airplay, TV Stick, Laptop, PS3/4/5,Switch, Chromecast, Games, USB, HDMI, L1M (Miracast)",Electronics Video Projectors,"categories: Electronics Video Projectors | features: …men, Witseer L1M home projectors provide brighter and clearer images for customers. The projector screen delivers more visual details. Built-in WiFi: Witseer L1M wifi projector built-in WiFi function connect with smart phone for miracasting, choose what you like Remote Focus: Witseer L1M movie projector adopts wireless remote to control, which makes focus faster and more accurate, also makes customers enjoy like a ho… | details: Best Sellers Rank Video Projectors 2472 Brand witseer Brand Name witseer Color Name Advanced Version Connectivity Technology USB, HDMI Date First Available July 19, 2021 Display Resolution Maximum 1920 x 1080 Pixe",smart_switch:approved_identity_phrase_absent|smart_switch:required_target_context_absent|smart_switch:smart_evidence_not_in_title_or_categories,approved_identity_phrase_absent|required_target_context_absent|smart_evidence_not_in_title_or_categories,title|features,switch,wi fi|wifi,hold,low,insufficient_evidence,Metadata does not clearly establish wall-lighting control.,w3-v1.4.0-draft,9f75292db3bfa316d99b799a2dcc62566d783f3671e33d67e4901b0e6a2328d7
recovery_candidate,B07WJY6RXT,smart_switch,Electronics,Computers,Makeronics Model B Golden Armor Case with Assembly Instruction | Aluminium Alloy Case Without Fan | Support GPIO Rainbow Ribbon Cable | Power Switch Cable TypeC,Electronics Computers & Accessories Computer Components Single Board Computers,"categories: Electronics Computers & Accessories Computer Components Single Board Computers | features: … rainbow ribbon cable with GPIO adaptor. Detailed instruction manual included. ✔ [Open Case Design and ] GPIO is easily access to use. Open case design no impact to wifi signal. ✔ [Perfect Support 4B] All ports and slots of the case can match with Pi 4 Model B perfectly. | description: … included. [Packing list]1 x Armor Aluminum alloy Case4 x Screw3 x Thermal Tape1 x Screwdriver 1 x GPIO adaptor 1 x instruction manual 1 x Power switch cable1 x USB micro-2-typeC adaptor | details: Brand Makeronics Case Type Raspberry Pi Color Golden Cooling Method Air Date First Available August 14, 2019 H",smart_switch:approved_identity_phrase_absent|smart_switch:required_target_context_absent|smart_switch:smart_evidence_not_in_title_or_categories,approved_identity_phrase_absent|required_target_context_absent|smart_evidence_not_in_title_or_categories,title|features|description,switch,wi fi|wifi,hold,low,insufficient_evidence,Metadata does not clearly establish wall-lighting control.,w3-v1.4.0-draft,a20b01c0b5b01788d996d6da852dafce8170b7e00a754aae3adc3b5717da2c64
recovery_candidate,B00PDSL3GO,smart_switch,Electronics,Computers,"TRENDnet 10-Port Gigabit Web Smart Switch, 20 Gbps Switching Capacity, 8 x RJ-45 Ports, 2 x SFP, Slots, VLAN, QoS, LACP, IPv6 Support, Fanless, Rack Mountable, Lifetime Protection, TEG-082WS Black",Electronics Computers & Accessories Networking Products Switches,"categories: Electronics Computers & Accessories Networking Products Switches | features: …etwork devices. Monitor and download detailed usage reports, easily locate data bottlenecks, and expand the network to improve overall productivity 20Gbps switching capacity; Private and Voice VLAN support IEEE 802.1p QoS with queue scheduling support Fanless rack mountable metal housing NDAA / TAA compliant (U.S. and Canada only) Lifetime TRENDnet Manufacturer’s Protection | description: TRENDnet’s Gigabit Web Smart Switch series offers advanced L2+ features with enhanced traffic management controls to meet the evolving demands of SMB networks. This rack mountable IPv6-ready managed switch comes with a",smart_switch:required_target_context_absent|smart_switch:wrong_product:port,required_target_context_absent|wrong_product,title|description|details,switch,smart_near_switch,hold,low,insufficient_evidence,Metadata does not clearly establish wall-lighting control.,w3-v1.4.0-draft,a3e00b34697c96bee979c3bf110fe54ec154243cd9c7bb4606d01600830ea57c
recovery_candidate,B00EVVGARQ,smart_switch,Electronics,Computers,"TRENDnet TEW-737HRE N300 20 DBM, High Powered Universal Wireless Range Extender, Wi-Fi Repeater, Wall Plug, Plug and Play, Ethernet Port, One Touch connection (WPS), Smart Signal Indicator LED,IP V6, On/Off Power switch, TEW-737HRE",Electronics Computers & Accessories Networking Products Repeaters,"categories: Electronics Computers & Accessories Networking Products Repeaters | features: High power wireless penetrates walls and greatly extends coverage Compact housing plugs directly into an electrical outlet Extends the range of your existing wireless network No CD installation required Automatically adopts router's password and encryption Advanced wireless encryption protects your data | description: …twork dead spots. Setup takes minutes with no CD installation and it stays out of the way by plugging directly into an outlet. Simply press the Wi-Fi Protected Setup (WPS) button on your router, then on the TEW-737HRE and you're done-it's now extending your wireless network over a large a",smart_plug:approved_identity_phrase_absent|smart_plug:wrong_product:plug and play|smart_plug:wrong_product:range extender|smart_plug:wrong_product:wi fi repeater|smart_switch:approved_identity_phrase_absent|smart_switch:wrong_product:ethernet|smart_switch:wrong_product:port,approved_identity_phrase_absent|multi-type conflict|wrong_product,title|description,switch,wi fi|wifi,hold,low,insufficient_evidence,Metadata does not clearly establish wall-lighting control.,w3-v1.4.0-draft,a43318b764b4a7b2be29dcda4e01d6998746daa841822027947d5e8d0e972f6d
recovery_candidate,B004HIN9RM,smart_switch,Electronics,All Electronics,Cisco SG200-18 18-port Gigabit Smart Switch,Electronics Computers & Accessories Networking Products Switches,"categories: Electronics Computers & Accessories Networking Products Switches | features: 18 - 10/100/1000 Ethernet ports 4 mini Gigabit Interface Converter (mini-GBIC) slots (shared with 4 Ethernet ports) for fiber Gigabit Ethernet expansion Dual images for resilient firmware upgrades | description: Product Description Cisco SG200-18 Ethernet Switch - 18 Port - 2 Slot SLM2016T-NA Switches & Bridges From the Manufacturer The Cisco SG200-18 (SLM2016T-NA) switch is an affordable 18-port Gigabit Ethernet smart switch, including two combination mini-GBIC ports, that delivers the performance needed to support high-bandwidth applications. It delivers the basic security and quality of service (QoS) ",smart_switch:required_target_context_absent|smart_switch:wrong_product:port,required_target_context_absent|wrong_product,title|description,switch,smart_near_switch,hold,low,insufficient_evidence,Metadata does not clearly establish wall-lighting control.,w3-v1.4.0-draft,a51d7fc043c986ef9c4cae05f50aea52c732bc6717c20ddc7897354d37eb1bc2
recovery_candidate,B004GHMU4W,smart_switch,Electronics,All Electronics,"Cisco SF200-48 Switch 48 10/100 Ports, Smart Switch, 2 Combo Mini-GBIC Ports, Warranty, One Year Tech Support - SLM248GTNA",Electronics Computers & Accessories Networking Products Switches,"categories: Electronics Computers & Accessories Networking Products Switches | features: Ports: 48-port 10/100. Expansion Ports: 2 combo mini-GBIC. Capacity: 10.12 mpps. Switching Capacity: 13.6 Gbps. Package Contents: Cisco 200 Series Smart Switch; Power cord (power adapter for 8-port and 10-port SKUs); Mounting hardware; Quick-start guide. | description: … clearly falls into the “essential” category. But that doesn’t mean you need the most advanced feature set on the market. With Cisco 200 Series Smart Switches, you can achieve business-class network security and performance without paying for advanced network management features that you will not need. When you need a reliable solution to",smart_switch:required_target_context_absent,required_target_context_absent,title|features|description,switch,smart_near_switch,hold,low,insufficient_evidence,Metadata does not clearly establish wall-lighting control.,w3-v1.4.0-draft,a5cea71e7db3a01361c8bb67ad7cb644d59ab2829bab45f5a123ba834bb2c1f5
recovery_candidate,B01MZ32B1B,smart_switch,Electronics,Computers,"Ubiquiti US-8 Unifi Switch,Silver",Electronics Computers & Accessories Networking Products Switches,"categories: Electronics Computers & Accessories Networking Products Switches | features: Connectivity Technology: Wi-Fi Ready | description: The US-8 is a Poe Powered 8-port gigabit switch with Poe Pass-through. Perfect for cleanly adding Ethernet ports where needed, with pass-through to keep your Poe device powered. | details: Best Sellers Rank Computer Networking Switches 901 Brand Ubiquiti Networks Color Silver Compatible Devices Desktop Date First Available December 24, 2016 Included Components Part Is Discontinued By Manufacturer No Item Dimensions LxWxH 1 x 1 x 1 inches Item Weight 15.2 ounces Item model number US-8 Manufacturer Ubiquiti Number of Ports 8 Product Dimensions 1 x 1 x 1 i",smart_switch:approved_identity_phrase_absent|smart_switch:required_target_context_absent|smart_switch:smart_evidence_not_in_title_or_categories,approved_identity_phrase_absent|required_target_context_absent|smart_evidence_not_in_title_or_categories,title|features|description,switch,wi fi|wifi,hold,low,insufficient_evidence,Metadata does not clearly establish wall-lighting control.,w3-v1.4.0-draft,a5f5a7ee8b4c7531b5abb1ab79927b7ebfc9abf16d8aafcc83845300c1563612
recovery_candidate,B083NRVBLM,smart_switch,Electronics,All Electronics,"Tablet and Cellphone Stand Adjustable, VMEI Metal Desktop Stand Compatible with Tablet Such as iPad 2019 Pro, iPad Air Mini, Kindle, Nexus, E-Reader, Switch,iPhone and All Smart Phone（Silver）",Electronics Computers & Accessories Tablet Accessories Stands,"categories: Electronics Computers & Accessories Tablet Accessories Stands | details: Accessory Connection Type Bracket Brand VMEI Compatible Devices Smartphones, Desktop, Camera Compatible Phone Models Iphone,Nexus Date First Available January 28, 2020 Item Weight 8.8 ounces Manufacturer VMEI Mounting Type Tabletop Product Dimensions 5.75 x 8.3 x 3.45 inches",smart_switch:approved_identity_phrase_absent|smart_switch:required_target_context_absent,approved_identity_phrase_absent|required_target_context_absent,title,switch,smart_near_switch,hold,low,insufficient_evidence,Metadata does not clearly establish wall-lighting control.,w3-v1.4.0-draft,a62cafb913f6f9cb8a65b101da131bd34f0ad209ad912ed6f624765ed54e5035
recovery_candidate,B084SJHNFG,smart_switch,Electronics,All Electronics,D-Link 52-Port Fast Ethernet Web Smart Switch including 2 Gigabit BASE-T and 2 Gigabit Combo BASE-T/SFP Ports (DES-1210-52),Electronics Computers & Accessories Networking Products Switches,"categories: Electronics Computers & Accessories Networking Products Switches | features: Package Contents - 48-Port 10/100 Switch, Power Adapter, Wall Mount Kit, Rubber Feet, CD-ROM with Product Documentation, Special Offers Standards - IEEE.3 10Base-T Ethernet, IEEE.3u 100Base-TX Fast Ethernet, IEEE.3 Nway Auto-negotiation, IEEE 802.3x Flow Control 48 10/100BASE-TX Ports MAC Address Table - 1k Switch Fabric - 1.6Gbps | description: The DES-1210 series is the latest generation of D-Link 10/100 web Smart switches featuring D-Link Green 3. 0 technology. The switches comply with the IEEE 802. 3az Energy Efficient Ethernet standard. Support for IPv6 management and configuration features ensures ",smart_switch:required_target_context_absent|smart_switch:wrong_product:ethernet|smart_switch:wrong_product:port,required_target_context_absent|wrong_product,title|features,switch,smart_near_switch,hold,low,insufficient_evidence,Metadata does not clearly establish wall-lighting control.,w3-v1.4.0-draft,a6c03c6deb35dd8c3387d6b53ac92d58ffd75b3e1fa8bdcb5511e46bef168f9a
recovery_candidate,B00R17VDCO,smart_switch,Electronics,Computers,Acer Aspire Switch 11 (SW5-171-80KM-US) - 11.6-Inch 2-In-1 Touchscreen Laptop - Windows 8.1 64-Bit / Intel Core i5 Haswell / 4GB Memory / 128GB SSD 500GB HDD / Intel HD Graphics 4200 / Wi-Fi / Webcam - Gray,Electronics Computers & Accessories Laptop Accessories Replacement Screens,categories: Electronics Computers & Accessories Laptop Accessories Replacement Screens | details: …Solid State Hard Drive Hard Disk Size 500 GB Hard Drive 500 GB HDD Item Weight 3.5 pounds Item model number SW5-171-80KM-US Model Name Aspire Switch 11 Operating System Windows 8.1 Package Dimensions 15.7 x 9.7 x 2.6 inches Processor core_i5 RAM 4 GB DDR4 Ram Memory Installed Size 4 GB Screen Size 11.6 Inches Series Aspire Switch 11 Standing screen display size 11.6 Inches Wireless Type Bluetooth,smart_switch:approved_identity_phrase_absent|smart_switch:required_target_context_absent,approved_identity_phrase_absent|required_target_context_absent,title|details,switch,wi fi|wifi,hold,low,insufficient_evidence,Metadata does not clearly establish wall-lighting control.,w3-v1.4.0-draft,a723158327fc544daa7015f6f7415ee306abbb9b017cc921a2e12ce13290632a
recovery_candidate,B00FMWJQBK,smart_switch,Electronics,Computers,"Cisco Small Business Smart SF200-24FP - Switch - 24 Ports - Managed - Desktop, Rack-Mountable (SF200-24FP-NA)",Electronics Computers & Accessories Networking Products Network Adapters,"categories: Electronics Computers & Accessories Networking Products Network Adapters | features: Easy configuration and management Performance and reliability Power over Ethernet (PoE) Network security. Encryption Algorithm: MD5 IP telephony support Easy configuration and management Performance and reliability Power over Ethernet (PoE) Network security IP telephony support Networkwide automatic voice deployment IPv6 support An energy-efficient solution | description: Cisco small business 200 Series Smart switches combine powerful network performance with reliability to help you build a basic business network. Affordable and easy to use, these entry-level, Web-Managed switches deliver the ess",smart_switch:approved_identity_phrase_absent|smart_switch:required_target_context_absent|smart_switch:wrong_product:network,approved_identity_phrase_absent|required_target_context_absent|wrong_product,title|details,switch,smart_near_switch,hold,low,insufficient_evidence,Metadata does not clearly establish wall-lighting control.,w3-v1.4.0-draft,a7354263a4d8596e2b07687b56661ef558140252df18e96be9cb62e64ff39982
recovery_candidate,B01E4TD3AG,smart_switch,Home_and_Kitchen,Amazon Home,Eureka Ultra Smart Vac Upright Rocker Switch 28073A,Home & Kitchen Vacuums & Floor Care Vacuums,"categories: Home & Kitchen Vacuums & Floor Care Vacuums | description: Eureka Ultra Smart Vac Upright Rocker Switch 28073A | details: Batteries required No Best Sellers Rank Home & Kitchen 1582879 Household Vacuum Cleaners 5883 Brand Eureka Color Black Controller Type Push Button Filter Type Tissu Form Factor Upright Is Discontinued By Manufacturer No Item Weight 0.352 ounces Item model number 4870AT, 4870ATV, 4870BT, 4870DT, 4872AT, Package Dimensions 6.77 x 2.87 x 1.54 inches Surface Recommendation Carpet",smart_switch:approved_identity_phrase_absent|smart_switch:required_target_context_absent|smart_switch:wrong_product:rocker switch,approved_identity_phrase_absent|required_target_context_absent|wrong_product,title|description,switch,smart_near_switch,hold,low,insufficient_evidence,Metadata does not clearly establish wall-lighting control.,w3-v1.4.0-draft,a75351fa3977512b822183ef75d99e2ca21e1695fe21f5e3de4a2c84b8093157
recovery_candidate,B011DDXGVC,smart_switch,Electronics,Computers,"Plugable USB C to Ethernet Adapter, Fast and Reliable Thunderbolt or USB C to Gigabit Ethernet Adapter, Compatible with Windows, Mac, ChromeOS, Dell XPS, Switch",Electronics Computers & Accessories Networking Products Network Adapters USB Network Adapters,"categories: Electronics Computers & Accessories Networking Products Network Adapters USB Network Adapters | features: Faster Than Wi-Fi - Get a faster, more stable connection than Wi-Fi. Add a wired Gigabit connection to a Thunderbolt, USB4, or USB Type C port. This plug-and-play Gigabit Ethernet USB C adapter provides more performance and stability than most WiFi networks Speed - Connect with an Ethernet cable to reach speeds up to 1000Mbps on a supported gigabit network. No need to rely on spotty Wi-Fi, add gigabit Ethernet to you… | details: Best Sellers Rank USB Computer Network Adapters 343 Brand Plugable Color black Compatible Devices Desktop, Tablet Country of Origin Taiwan Data Link ",smart_plug:approved_identity_phrase_absent|smart_plug:identity_not_in_title_or_categories|smart_switch:approved_identity_phrase_absent|smart_switch:required_target_context_absent|smart_switch:smart_evidence_not_in_title_or_categories|smart_switch:wrong_product:ethernet|smart_switch:wrong_product:network,approved_identity_phrase_absent|multi-type conflict|required_target_context_absent|smart_evidence_not_in_title_or_categories|wrong_product,title|features,switch,wi fi|wifi,hold,low,insufficient_evidence,Metadata does not clearly establish wall-lighting control.,w3-v1.4.0-draft,a96ab2d693962b13f515438a44d49e800c913cad84a5f538aa23d6d3401d7f3c
recovery_candidate,B09PZBBM2G,smart_switch,Electronics,Computers,"ASUS Aluminum Fanless Chromebox with Celeron 5205U, 4GB RAM, 32G eMMC Storage, Dual HDMI, Legacy RS232, Extended Power Switch, Gigabit LAN, WiFi 6, MicroSD Card Reader, VESA Mount, Chrome OS, BLACK",Electronics Computers & Accessories Computers & Tablets Desktops Minis,"categories: Electronics Computers & Accessories Computers & Tablets Desktops Minis | features: Intel Celeron 5265U processor with pre-installed DDR4 4GB RAM, 32GB eMMC stroage, WiFi 6, USB Type C, RS232, VESA Mount, and Chrome OS Extruded-aluminum chassis and a fanless design ensure stable thermal performance anywhere Increased productivity and better workflow, ASUS Fanless Chromebox is equipped with Legacy RS232 via RJ50 interface* for monitor and legacy devices Power Switch - Built for Diverse Commercial Usa… | description: ASUS Fanless Chromebox features a 10th Generation Intel® Core™ or Celeron® processor, support for up to three 4K displays, WiFi 6 connectivity, Google Play access, USB-",smart_switch:approved_identity_phrase_absent|smart_switch:required_target_context_absent,approved_identity_phrase_absent|required_target_context_absent,title|features|description,switch,wi fi|wifi,hold,low,insufficient_evidence,Metadata does not clearly establish wall-lighting control.,w3-v1.4.0-draft,a9b27f364e33a193bf988589295af72f8eca9f6eafbb8a5caa69327e2e1e4397
recovery_candidate,B07CTSJQ5D,smart_switch,Electronics,All Electronics,J-Tech Digital 2x2 Wireless HDMI Matrix Extender 50m/164ft Supporting 1080P with IR (Receiver only) [JTECH-WEX-22R],Electronics Home Audio Home Audio Accessories Distribution Selector Switch Boxes,"categories: Electronics Home Audio Home Audio Accessories Distribution Selector Switch Boxes | features: √ AMAZING VIDEO QUALITY UP TO 164 FT AWAY – The JTECH-WEX-22R HDMI Wireless Extender is one of our most compelling devices. It will allow you to extend 2 separate HDMI audio/video signals to 2 displays, at a distance of up to 164ft (50m) all done wirelessly. (NOTE: Only 2 transmitters can work in the same area) √ SUPPORTS TWO TRANSMITTERS AND TWO RECEIVERS SIMULTANEOUSLY – The transmitter can send video to two recei… | description: …o device enables wireless transmission of audio/video from any HDMI video source, such as a STB or Blu-ray player to High-Definition Displays over Wi-Fi, util",smart_plug:approved_identity_phrase_absent|smart_plug:identity_not_in_title_or_categories|smart_switch:approved_identity_phrase_absent|smart_switch:required_target_context_absent|smart_switch:smart_evidence_not_in_title_or_categories,approved_identity_phrase_absent|multi-type conflict|required_target_context_absent|smart_evidence_not_in_title_or_categories,categories|description|details,switch,wi fi|wifi,hold,low,insufficient_evidence,Metadata does not clearly establish wall-lighting control.,w3-v1.4.0-draft,aabf04362602e91bdd0a53f3f998be63e563a860357f159e71283770e999988d
recovery_candidate,B07PPJHKGL,smart_switch,Electronics,Computers,"NETGEAR JGS516PE-100NAS 16-Port Gigabit Rackmount Smart Managed Plus Switch, 85w 8xPoE, ProSAFE Lifetime Protection (Renewed)",Electronics Computers & Accessories Networking Products Switches,"categories: Electronics Computers & Accessories Networking Products Switches | features: SIMPLE SETUP - Setup and configure with easy-to-use web-browser based interface POWER-OVER-ETHERNET - 16-port Gigabit Ethernet switch with 8 PoE ports (802.3af) providing up to 15w per port with 85w total PoE power budget ESSENTIAL NETWORKING - Segment and prioritize your traffic with VLAN, QoS, IGMP Snooping, rate limiting and traffic monitoring EASY-MONITORING - Monitor your network status and your cabling with the… | description: This pre-owned or refurbished product has been professionally inspected and tested to work and look like new. How a product becomes part of Amazon Renewed, your destination f",smart_switch:approved_identity_phrase_absent|smart_switch:required_target_context_absent|smart_switch:wrong_product:port,approved_identity_phrase_absent|required_target_context_absent|wrong_product,title|features,switch,smart_near_switch,hold,low,insufficient_evidence,Metadata does not clearly establish wall-lighting control.,w3-v1.4.0-draft,ab63e0bdbc05d2e84ea6d815d3d87d3f7e51f8ecc8009c87aefdae4bc642c318
recovery_candidate,B087RH8N77,smart_switch,Electronics,All Electronics,"HDMI Extender Replacement for Roku/TV Stick 4K Max/Lite, Google Chromecast, Switch, Xbox One, PS4, PS3, HDMI Male to Female Cable 5 ft",Electronics Television & Video Accessories Cables HDMI Cables,"categories: Electronics Television & Video Accessories Cables HDMI Cables | features: 5 Feet long HDMI extender cable can connect your streaming media stick nearby your wifi router for stable internet Faster streaming, stop buffer, stop lag, improve internet speeds HDMI male to female port HDMI High-Speed Extension Cable Supports 4K*2K@60HZ,3D video, Audio Return Channel (ARC) , Support full 4K UHD, 1080p Full HD.Synchronized transmission of video and audio.backwards compatible with v2.0 | description: PDEEY HDMI Extender, The extra length allows you to position your Stick closer to your WiFi router. | details: …Cables 1443 Brand PDEEY Brand Name PDEEY Cable Type HDMI Color Black Color Name ",smart_switch:approved_identity_phrase_absent|smart_switch:required_target_context_absent|smart_switch:smart_evidence_not_in_title_or_categories,approved_identity_phrase_absent|required_target_context_absent|smart_evidence_not_in_title_or_categories,title|features|description|details,switch,wi fi|wifi,hold,low,insufficient_evidence,Metadata does not clearly establish wall-lighting control.,w3-v1.4.0-draft,ab77e06e8d6a9eaac60b6c2dd236b6156eb8af636a0e07a78881a04b57897bd4
recovery_candidate,B0897W17CZ,smart_switch,Electronics,All Electronics,"Aura 2K Smith Smart Digital Picture Frame 10 Inch WiFi Cloud Digital Frame, Free Unlimited Storage Share Photos Via App, Auto Rotate Auto Dimmer Alexa Compatible",Electronics Camera & Photo Lighting & Studio Photo Studio Storage & Presentation Materials Digital Picture Frames,"categories: Electronics Camera & Photo Lighting & Studio Photo Studio Storage & Presentation Materials Digital Picture Frames | features: …frame through our easy-to-use app. Invite unlimited friends and family to share pictures to your frame or send photos to their frames all via WiFi. Alexa Compatible. A beautiful gift to keep you connected to loved ones. UNPARALLELED IMAGE QUALITY: Stunning FHD 2048x1536 resolution is the highest in the industry paired with a 10"" screen, giving you clear and crisp photos of loved ones. Ensure your digital photos are d… | description: Aura lets you capture moments and memories and instantly share them with family and friends through the Aura app and any WiF",smart_switch:approved_identity_phrase_absent,approved_identity_phrase_absent,title|features|description|details,dimmer,alexa|wi fi|wifi,hold,low,insufficient_evidence,Metadata does not clearly establish wall-lighting control.,w3-v1.4.0-draft,ac988f9d1e93de8e68b324b94e74588e3ee3cd3a7306dfda93b1fdcbd554d953
recovery_candidate,B093QFSPBB,smart_switch,Electronics,All Electronics,"AGVEE [2 Pack HDMI Coupler Female to Female, 8K@60HZ HDR HDMI 2.1 Adapter Extension Connetor, Backward Compatible with HDMI 2.0 1.4, Alloy Shell for HDTV Roku Stick, Switch, Xbox One, PS4, PC, Gray",Electronics Television & Video Accessories Cables HDMI Cables,"categories: Electronics Television & Video Accessories Cables HDMI Cables | features: …est, the shrapnel contact resistance is still less than 15mΩ, this is very important for adapter. ⭕[Compatibility] This HDMI connector is compatible with Laptop, Macbook, Xbox, HDTV, Roku TV stick, Switch, TV Box, PC, monitors, Blu-ray/DVD player, PS4, PS3. | description: …les for long-distance extension purposes or connect a TV stick and HDMI cable to get the TV stick out of the back of the TV to receive stronger WiFi/remote signals.★Note★ Due to the different quality of various HDMI cables, it may cause the length to be too long and affect the transmission. This is not the reason for the connector. It is",smart_plug:approved_identity_phrase_absent|smart_plug:identity_not_in_title_or_categories|smart_switch:approved_identity_phrase_absent|smart_switch:required_target_context_absent|smart_switch:smart_evidence_not_in_title_or_categories,approved_identity_phrase_absent|multi-type conflict|required_target_context_absent|smart_evidence_not_in_title_or_categories,title|features|description|details,switch,wi fi|wifi,hold,low,insufficient_evidence,Metadata does not clearly establish wall-lighting control.,w3-v1.4.0-draft,ade77efb1f8cb661f435cf6b553ae2de91ff8c17e35ad94189fbce5974b4b873
recovery_candidate,B00PDDE3S4,smart_switch,Electronics,,"Icontrol Networks with a Smart Switch, Piper can be to Control a Light or an Appliance Automa Piper Switch-HSN",Electronics Power Accessories AC Adapters,"categories: Electronics Power Accessories AC Adapters | description: DESCRIPTION Automate lights and appliances or turn them on and off remotely. MAIN FEATURES Easily pairs with Piper to create security and automation rules. Easily pairs with Piper to create security and automation rules. Plug lights and appliances into it, turn them On/Off through the app or using environmental triggers. Plug lights and appliances into it, turn them On/Off through the app or using environmental trig… | details: Brand iControl Connectivity Protocol Wi-Fi Connector Type Wireless Control Method App Current Rating 15 Amps Date First Available November 8, 2014 Item Dimensions LxWxH 3.5 x 2.94 x 3.94 inches Item ",smart_plug:approved_identity_phrase_absent|smart_plug:identity_not_in_title_or_categories|smart_switch:required_target_context_absent,multi-type conflict|required_target_context_absent,title|details,switch,smart_near_switch|wi fi|wifi,hold,low,insufficient_evidence,Metadata does not clearly establish wall-lighting control.,w3-v1.4.0-draft,ae7869218301ee741a63a0115de4bf7fea0775e338d90f114cb6e1692c30c70e
recovery_candidate,B005FGW5N4,smart_switch,Electronics,All Electronics,Cisco SG200-26 Gigabit Ethernet Smart Switch with 24 10/100/1000 Ports and 2 Combo Mini-GBIC Ports (SLM2024T-NA),Electronics Computers & Accessories Networking Products Switches,"categories: Electronics Computers & Accessories Networking Products Switches | features: …y of service (QoS), Layer 3 static routing and IPv6 support. Easy Setup and Management: Intuitive browser-based tools, mass deployment capabilities. Switches optimize power usage for energy efficiency without compromising performance. Consistent features across all models simplify setup and configuration.Status Indicators:Link activity, port transmission speed, system, PoE Speed file transfer times, keep business app… | description: Product Description Cisco SG200-26 Gigabit Ethernet Smart Switch with 24 10/100/1000 Ports and 2 Combo Mini-GBIC Ports SLM2024T-NA From the Manufacturer The Cisco SG200-26 (",smart_switch:required_target_context_absent|smart_switch:wrong_product:ethernet,required_target_context_absent|wrong_product,title|description|details,switch,smart_near_switch,hold,low,insufficient_evidence,Metadata does not clearly establish wall-lighting control.,w3-v1.4.0-draft,aef014c8ae00dd2d5c8baa5b1458b06666ae09508c5a74544c787cbb51473d2b
recovery_candidate,B0BRWKSXPY,smart_switch,Home_and_Kitchen,Amazon Home,"Humidifiers for Bedroom, Humidifier for Baby Portable USB Mini Cute Humidifiers with Night Warm Light,260ML Cool Mist Smart Switch Humidifier 12H,Suitable,Car,Home,Indoor,Travel (Pink)","Home & Kitchen Heating, Cooling & Air Quality Humidifiers","categories: Home & Kitchen Heating, Cooling & Air Quality Humidifiers | features: … intermittent spray (duration 12H) and continuous spray (duration 6H). Nanometer spray technology makes the spray very delicate, cool and easy to clear. 【Safety First Humidifier】: Smart switch function. When there is no water inside the humidifier, it will automatically turn off the power to prevent it from drying. Therefore, you can use it at night without worrying about safety. 【Customer Service】: Make sure that th… | details: Auto Shutoff No Best Sellers Rank Home & Kitchen 1229926 Humidifiers 1324 Brand GYTMDCG Capacity 260 Milliliters Color Pink Country of Origin China Date First Available January 8, 2023",smart_switch:required_target_context_absent|smart_switch:wrong_product:smart switch humidifier,required_target_context_absent|wrong_product,title|features,switch,smart_near_switch,hold,low,insufficient_evidence,Metadata does not clearly establish wall-lighting control.,w3-v1.4.0-draft,b132860cb6c780be6251c422437aa0d0fb875e1ba246f3e2ac23e4ffc771a651
recovery_candidate,B08JGQJ35K,smart_switch,Home_and_Kitchen,Amazon Home,"Acrylic Floating Wall Shelves Set of 2, Small Wall Display Shelf for Switch Smart Speaker Action Figures with Cable Clips, Damage-Free Acrylic Display Organizer Ledge Stick-On Shelf, Black 9 Inch…",,"details: Shape L-Shape Age Range (Description) Adult Batteries required No Brand FOREVERL Furniture Finish black Installation Type Wall Mount Item Weight 10.3 ounces Material Acrylic Number of Items 2 Number of Shelves 2 Product Care Instructions Wipe with Dry Cloth Product Dimensions 3.7 x 9 x 2.4 inches Room Type Bathroom, Kitchen, Bedroom Shelf Type Floating Shelf Special Feature Durable",smart_switch:approved_identity_phrase_absent,approved_identity_phrase_absent,title,switch,smart_near_switch,hold,low,insufficient_evidence,Metadata does not clearly establish wall-lighting control.,w3-v1.4.0-draft,b1908cc52174ca87c108d69438fa46011cc1762ae1de9190e1c8c5986d3ba3e5
recovery_candidate,B01MFBKIIT,smart_switch,Electronics,,KUNCAN 6ft 2.1mm x 5.5mm DC Power Plug Extension Cable Male to Female for 12v Security Camera/LED Strip Lights 18AWG Heavy Duty Cord with Power Switch,Electronics Security & Surveillance Accessories Surveillance Camera Cables,"categories: Electronics Security & Surveillance Accessories Surveillance Camera Cables | features: …ur daily need; Cable Size: 2464 18AWG; Male connector: 2.1mm x 5.5mm. Female Connectors: 2.1mm x 5.5mm. Male Plug to Female Jack Power Cable with Power Switch for DC Power ; DC EXTENTION CORD: 2.1mm X 5.5mm DC power plug extension cable allows flexible option for setting up electronic device, such as LED signage, CCTV security surveillance camera, ip camera or other devices that requires DC input and accept 2.1mm x 5… | description: Specifications: DC power plug extension cable with Power Switch Male Plug to Female Jack Power Cable Power Cable Length: 6ft Cable type: 2464 Voltage Rating: Up to",global:accessory_primary_identity:extension cable|smart_plug:approved_identity_phrase_absent|smart_plug:smart_evidence_not_in_title_or_categories|smart_plug:wrong_product:camera|smart_plug:wrong_product:security camera|smart_switch:approved_identity_phrase_absent|smart_switch:required_target_context_absent|smart_switch:smart_evidence_not_in_title_or_categories,accessory|approved_identity_phrase_absent|multi-type conflict|required_target_context_absent|smart_evidence_not_in_title_or_categories,title|features|description,switch,wi fi|wifi,hold,low,insufficient_evidence,Metadata does not clearly establish wall-lighting control.,w3-v1.4.0-draft,b1be8fb5ebb851e44d5d21d77b5cce4d1c3f63b9a703b7e67d00851d6ab20c4b
recovery_candidate,B0C9F57ZG8,smart_switch,Electronics,Computers,"KAMRUI Mini Gaming PC AMD Ryzen 7 5800U Windows 11 Pro with 16GB RAM 512GB SSD, Small Gaming Desktop Computer, Micro AMR5 3 Mode PERF Switch, RGB Light, Upgrade Capacity, 4K UHD, Type-C, WiFi6/BT5.2",Electronics Computers & Accessories Computers & Tablets Desktops Minis,"categories: Electronics Computers & Accessories Computers & Tablets Desktops Minis | features: …ree immersion in the game world. Gaming recommendations: APEX, LOL, Fortnite, DOTA, CSGO, OW, GTA 5, 2K21, etc. 【TOGGLE PERFORMANCE MODE】There are three modes can be switched at will to match your different usage scenarios. ① ECO Mode, enjoy watching movies or video playback, run with 10-15W energy saving power, fan sound is reduced to the minimum for quiet environment. ② AUTO Mode, view editing or data analysis, tur… | details: …pecific Uses For Product Gaming，Multimedia，Personal Computer，Office PC，HTPC，Education，Photo/Video Editing, Everyday Use Wireless network technology Wi-Fi",smart_switch:approved_identity_phrase_absent|smart_switch:required_target_context_absent|smart_switch:smart_evidence_not_in_title_or_categories,approved_identity_phrase_absent|required_target_context_absent|smart_evidence_not_in_title_or_categories,title|details,switch,wi fi|wifi,hold,low,insufficient_evidence,Metadata does not clearly establish wall-lighting control.,w3-v1.4.0-draft,b1f8bab29ea060387dc9f0e47dc5416150f884a1f11da87ea0feb02c5cf8c438
recovery_candidate,B01GIZYMNQ,smart_switch,Electronics,Amazon Home,"VH Ultra-Quiet USB Powered Portable Desk Fan, Touch Switch with Smart Sensor (Black)",Electronics Computers & Accessories Computer Accessories & Peripherals USB Gadgets USB Fans,"categories: Electronics Computers & Accessories Computer Accessories & Peripherals USB Gadgets USB Fans | details: Collection Name Desk Control Method Touch Controller Type Button Control Date First Available November 16, 2016 Is Discontinued By Manufacturer No Item Weight 13.6 ounces Item model number LYSB01GIZYMNQ-CMPTRACCS Mounting Type Desk Fan,Freestanding Number of Blades 3 Power Source Usb Powered Product Dimensions 4.6 x 4.6 x 4.5 inches Recommended Uses For Product Travel Room Type Bedroom Special Feature Portable Style…",smart_switch:approved_identity_phrase_absent|smart_switch:required_target_context_absent,approved_identity_phrase_absent|required_target_context_absent,title,switch,smart_near_switch,hold,low,insufficient_evidence,Metadata does not clearly establish wall-lighting control.,w3-v1.4.0-draft,b244f0a8b04456d6c925ee31c4ecc5616f2f193b5e3f91ab89cac35cfa0598c9
recovery_candidate,B07PHNTV45,smart_switch,Electronics,Computers,Switch NETGEAR Switch 5 Ports ETHERNET Smart,Electronics Computers & Accessories Networking Products Switches,"categories: Electronics Computers & Accessories Networking Products Switches | features: RESEAU | description: SWITCH NETGEAR SWITCH 5 PORTS ETHERNET SMART | details: Batteries 1 Lithium Ion batteries required. Best Sellers Rank Computer Networking Switches 6657 Brand NETGEAR Color Black Compatible Devices Nein Date First Available April 2, 2019 Included Components 1 product Is Discontinued By Manufacturer No Item Weight 8.8 ounces Item model number GS305E-100PES Manufacturer Netgear Number of Ports 5 Series GS305E Voltage 220",smart_switch:approved_identity_phrase_absent|smart_switch:required_target_context_absent|smart_switch:wrong_product:ethernet,approved_identity_phrase_absent|required_target_context_absent|wrong_product,title|description,switch,smart_near_switch,hold,low,insufficient_evidence,Metadata does not clearly establish wall-lighting control.,w3-v1.4.0-draft,b43e3ae310716d959107c9257ba87598e92e1a0d3f7966c708039a77f6cf89a9
recovery_candidate,B000PS4X8C,smart_switch,Electronics,All Electronics,Netgear ProSafe 8-Port Gigabit Smart Switch,Electronics Computers & Accessories Networking Products Switches,"categories: Electronics Computers & Accessories Networking Products Switches | features: Box Contents - ProSafe 8-Port Gigabit Smart Switch 10/100/1000 (GS108T), Wall-mount kit, Power adapter, Installation guide, Warranty & support information card 8 10/100/1000 Mbps auto sensing Gigabit Ethernet Advanced features: 802.1x, ACLs, Rate limiting, DSCP/TOS-based prioritization, IGMP Snooping, SNMP v1, v2, RSTP Easy-to-manage through web-based GUI System Requirements - UTP Category 5 cables or better, Network… | description: Joining NETGEARs family of Gigabit Smart Switches with web-based management, this 8-port Gigabit switch is high on value and capability. With 8 10/100/1000 Mbps ports and sup",smart_switch:required_target_context_absent|smart_switch:wrong_product:port,required_target_context_absent|wrong_product,title|features|description,switch,smart_near_switch,hold,low,insufficient_evidence,Metadata does not clearly establish wall-lighting control.,w3-v1.4.0-draft,b4c348a69417b76eeace205ed9a2bf6db906343c22f2174f215a20df790c1d77
recovery_candidate,B0B3X3C2HT,smart_switch,Home_and_Kitchen,Tools & Home Improvement,1pc Tuya Smart Curtain Motor BT Voice Control Switch Electric Curtain Robot APP Control Timer Setup Compatible with Home for Roman Rod,Home & Kitchen Home Décor Products Window Treatment Hardware Window Rods Single Rods,"categories: Home & Kitchen Home Décor Products Window Treatment Hardware Window Rods Single Rods | features: …ly hung on the curtain Roman rod, no tools are needed, built-in 4000mAh battery, no complicated wg, and more convenient installation. Intelligent Voice Control: Voice and remote control can be realized after the gateway is configured(Gateway is not incuded), compatible with , Assistant, TmallGenie, etc. Remote control allows you to control the opening and closing of curtains anytime and anywhere to prevent the furnit… | description: …ly hung on the curtain Roman rod, no tools are needed, built-in 4000mAh battery, no complicated wg, and more convenient installation. Intelligent Voice ",smart_switch:approved_identity_phrase_absent|smart_switch:required_target_context_absent,approved_identity_phrase_absent|required_target_context_absent,title|features|description,switch,app control|tuya|voice control,hold,low,insufficient_evidence,Metadata does not clearly establish wall-lighting control.,w3-v1.4.0-draft,b5b06135216ac7b9f677e1f1da82745b412231854925f0dfb048d1cda199ec50
recovery_candidate,B01N593EJY,smart_switch,Electronics,Computers,"iPad Air 2 Keyboard Case, for iPad Air 2 [ONLY], Smart Magnetic Switch Equiped, (Not Compatible with iPad 2017/2018/iPad Air), BK2001 White","Electronics Computers & Accessories Tablet Accessories Bags, Cases & Sleeves Keyboard Cases","categories: Electronics Computers & Accessories Tablet Accessories Bags, Cases & Sleeves Keyboard Cases | features: … 2 and iPad Pro 9. 7 only. Compatible devices：ipad air 2---model: A1566, a1567；ipad Pro 9. 7-Inch ---model: A1673, A1674, A1675 The intelligent magnetic switch design allows the keyboard power on once you lock the iPad in upright position, and it will instantly power off when you separate them. Rechargeable Lithium battery with an industry-high capacity make the keyboard stay for up to 90 days and only needs 2-3 hour… | details: Brand Inateck Color White Date First Available November 29, 2016 Hardware Platform Tablet Is Discontinued By Manufacturer No Item Dimensions LxWxH 9.4",smart_switch:approved_identity_phrase_absent|smart_switch:required_target_context_absent,approved_identity_phrase_absent|required_target_context_absent,title|features,switch,smart_near_switch,hold,low,insufficient_evidence,Metadata does not clearly establish wall-lighting control.,w3-v1.4.0-draft,b7bae5b0e3b074e300c2648035460ee67999218f60b49360891ea60b7b6835be
recovery_candidate,B012E703HG,smart_switch,Electronics,Amazon Home,J-Tech Digital ® Digital to Analog Audio Converter Optical SPDIF/Coaxial Digital to RCA L/R Analog Audio 192kHz/24bit Optical and Coaxial DAC with Cirrus CS8416 Digital Receiver Chip,Electronics Home Audio Home Audio Accessories Distribution Selector Switch Boxes,"categories: Electronics Home Audio Home Audio Accessories Distribution Selector Switch Boxes | features: Converts coaxial or optical digital audio input to analog stereo output over RCA Cirrus CS8416 digital receiver chip, Switch selectable coaxial or optical input. Supports all popular sample rates including 32kHz, 44.1kHz, 48kHz, 96kHz and 192kHz, at up to 24-bit resolution Easy to install and simple to operate Free lifetime technical support from the manufacture and free 1 Year Manufacturer Warranty from J-Tech Digit… | description: …display devices wirelessly with minimal latency. The JTECH-WEX310 HDMI wireless extender kit is ideal for any environment, including areas with high Wi-Fi ac",smart_switch:approved_identity_phrase_absent|smart_switch:required_target_context_absent|smart_switch:smart_evidence_not_in_title_or_categories,approved_identity_phrase_absent|required_target_context_absent|smart_evidence_not_in_title_or_categories,categories|features|description,switch,wi fi|wifi,hold,low,insufficient_evidence,Metadata does not clearly establish wall-lighting control.,w3-v1.4.0-draft,b8530a4902ca690cc2a53a49d5d89819996ec6ba51b40efa5c7d6aa7effad215
recovery_candidate,B0831T2DYV,smart_switch,Electronics,Industrial & Scientific,5Gstore App-Controled Remote Power IP Switch - 2 Outlets (US),Electronics Computers & Accessories Networking Products Switches,"categories: Electronics Computers & Accessories Networking Products Switches | features: NEW version with cloud and app control options! Includes all the same features/functionality of the previous models (UIS-522B and UIS-322B) Cloud4UIS Device Management System: Allows you to monitor status, view logs, and change advanced settings & configurations via web browser GTalk Messenger Support: Sends you notifications and allows you to issue commands to check the status, as well as turn on/off power or power-… | description: This is the latest version of the 2-outlet IP Switch (model UIS-622B) which features a cloud-management option for remote management via web browser or app and an updated des",smart_plug:approved_identity_phrase_absent|smart_plug:identity_not_in_title_or_categories|smart_switch:approved_identity_phrase_absent|smart_switch:required_target_context_absent|smart_switch:smart_evidence_not_in_title_or_categories,approved_identity_phrase_absent|multi-type conflict|required_target_context_absent|smart_evidence_not_in_title_or_categories,title|features|description|details,switch,app control|wi fi|wifi,hold,low,insufficient_evidence,Metadata does not clearly establish wall-lighting control.,w3-v1.4.0-draft,bac3d552d685a09d56d84358e9e535b57abd4abae0f61f2064604c398a435085
recovery_candidate,B09L7V7B2D,smart_switch,Electronics,All Electronics,"Wireless HDMI Transmitter and Receiver Kits, Full HD 1080P Wireless Presentation Facility HDMI Adapter, Plug and Play for , Netflix Switch, PS4, Video, Audio, Laptop, Smartphone to HDTV/Projector",Electronics Television & Video Streaming Media Players,"categories: Electronics Television & Video Streaming Media Players | features: …sed: Wireless HDMI adapters support streaming HD 1080P 3D movies, TV shows, video, games, presentations wirelessly from your laptop, PC, Mac, smartphone, PS4 5, Switch, satellite box, HDSLR camera to HDTV , projector or monitor. Plug & Play- No drive or app needed, no messy cables, easy to connect and pair TV and won't affect other wireless devices, wirelessly mirror and share all content on the big screen, include: … | description: …I Transmitter and Receiver HDMI 4K Wireless HDMI Transmitter 4K Wireless HDMI Transmitter HDMI Transmitter 4K HDMI Transmitter and Receiver WiFi HDMI Transmitter and Receiver Wireles",smart_plug:approved_identity_phrase_absent|smart_plug:smart_evidence_not_in_title_or_categories|smart_plug:wrong_product:plug and play|smart_switch:approved_identity_phrase_absent|smart_switch:required_target_context_absent|smart_switch:smart_evidence_not_in_title_or_categories,approved_identity_phrase_absent|multi-type conflict|required_target_context_absent|smart_evidence_not_in_title_or_categories,title|features|description,switch,wi fi|wifi,hold,low,insufficient_evidence,Metadata does not clearly establish wall-lighting control.,w3-v1.4.0-draft,bb4d344d5fca84b66aaefc14e153f9d355b5ad24ee7c04cfe31d1f54a98ad01c
recovery_candidate,B07SPX1DJ2,smart_switch,Electronics,Home Audio & Theater,Deal4GO Replacement Wireless WiFi Antenna Bluetooth Wire Flex Cable Compatible for Switch Console,,"features: Compatible with Switch Console, this is a used OEM part. Exactly the same as the original ones, Replace your broken, damaged, cracked and unusable WiFi Antenna. This item is supplied to professionals, Therefore, Technical disassembly and installation required. Very easy to install, you can search installation guide video on YOUTUBE. | description: Replace a broken or damaged Internal WiFi Antenna to fix Signal with your device. This part must be fitted internally and requires you to open the console to install the part, the consoles shell must be unscrewed and removed in order to fit this cover to the inside of the consoles housing shell. Requires console disassembly and technical ",smart_switch:approved_identity_phrase_absent|smart_switch:required_target_context_absent,approved_identity_phrase_absent|required_target_context_absent,title|features|description,switch,wi fi|wifi,hold,low,insufficient_evidence,Metadata does not clearly establish wall-lighting control.,w3-v1.4.0-draft,bb56049c378899789a14d2b67ca2c6d5866bac5fc8d1e227d84b187a08203f2f
recovery_candidate,B00121XJKE,smart_switch,Electronics,Home Audio & Theater,CTA Digital HDMI Smart 4 Port Mini Switch,Electronics Home Audio Home Audio Accessories Distribution Selector Switch Boxes,"categories: Electronics Home Audio Home Audio Accessories Distribution Selector Switch Boxes | features: Small compact size Smooth matte finish Switches conveniently among most HDMI Sources Each port supports HDMI or DVI inputs Maintains highest HDMI digital audio and video signal | description: The HDMI Smart Switch, from CTA Digital, efficiently changes signal control from multiple devices to your HDMI display source. With this compact unit you will be able to switch from watching your favorite DVD, satellite programming, HDMI device or playing your PS3 without having to unplug cables from the back of your HDTV or Projector each time. Easy to operate with no complicated installation, just ",smart_plug:approved_identity_phrase_absent|smart_plug:identity_not_in_title_or_categories|smart_switch:approved_identity_phrase_absent|smart_switch:required_target_context_absent|smart_switch:wrong_product:port,approved_identity_phrase_absent|multi-type conflict|required_target_context_absent|wrong_product,title|categories|description,switch,smart_near_switch,hold,low,insufficient_evidence,Metadata does not clearly establish wall-lighting control.,w3-v1.4.0-draft,bc0cca61e802d41656c5928096ba37a79ea169deb349414a19d192b54a8a6a17
recovery_candidate,B00GH2QS74,smart_switch,Electronics,Computers,"商品名称: Wireless Earbuds Bluetooth Earbuds V5.0 with 3D Stereo Pro Sound, 17H Play Time, Noise Canceling Earphones with Built-in Mic and Mono Mode, IPX7 Waterproof, Calls Switch Quick Access to Siri","Electronics Computers & Accessories Laptop Accessories Bags, Cases & Sleeves","categories: Electronics Computers & Accessories Laptop Accessories Bags, Cases & Sleeves | features: 【Strong & Stable Signal】--- This 1200Mps WIFI Extender owns dual-band technology, simultaneously issue two WIFI independently, to achieve full-scale wireless strong & stable extension WIFI. 5GHz(900Mps) WIFI is suitable for short-distance high-speed transmission, for high-definition video/ game. And 2.4GHz(300Mps) WIFI is suitable for medium and long distance transmission, for basic network browsing | description: …n of dust and quickly dissipate heat, ensuring stable operation of the equipment all the time. 7, Fully compatible with any devices like iOS, Android devices, Echo/Alexa devices, P",smart_plug:approved_identity_phrase_absent|smart_plug:identity_not_in_title_or_categories|smart_switch:approved_identity_phrase_absent|smart_switch:required_target_context_absent|smart_switch:smart_evidence_not_in_title_or_categories,approved_identity_phrase_absent|multi-type conflict|required_target_context_absent|smart_evidence_not_in_title_or_categories,title|features|description,switch,alexa|wi fi|wifi,hold,low,insufficient_evidence,Metadata does not clearly establish wall-lighting control.,w3-v1.4.0-draft,bc7842c5f71e95cfc9046f72b8baf749c6eb1bef1759549fdd31826ac78a0674
recovery_candidate,B003QTZN3G,smart_switch,Electronics,Computers,Netgear ProSafe 8-Port Gigabit Smart Switch (GS108T-200NAS),Electronics Computers & Accessories Networking Products Switches,"categories: Electronics Computers & Accessories Networking Products Switches | features: 8 Gigabit ports Advanced features: 802.1x, ACLs, Rate limiting, DSCP/TOS-based prioritization, IGMP Snooping, SNMP v1, v2, RSTP Easy-to-manage through web-based GUI | description: The Netgear ProSafe 8-Port Gigabit Smart Switch is equipped with highly advanced features such as Access Control Lists (ACL), 802.1x port authentication, enhanced QoS, rate limiting and IGMP Snooping among others to provide a small and medium-sized business with a network that is geared for growth while providing scalability and reliability. | details: Best Sellers Rank Computer Networking Switches 4630 Brand NETGEAR Compatible",smart_switch:required_target_context_absent|smart_switch:wrong_product:port,required_target_context_absent|wrong_product,title|description,switch,smart_near_switch,hold,low,insufficient_evidence,Metadata does not clearly establish wall-lighting control.,w3-v1.4.0-draft,beed20ad5a34b724ab601bf09d5b0ae34cfca950ff0d79d93c421f04afa885c7
recovery_candidate,B099DM4GN2,smart_switch,Electronics,Industrial & Scientific,"NETGEAR GS108T 8-Port Gigabit Ethernet Smart Managed Pro Switch, Desktop",Electronics Computers & Accessories Networking Products Switches,"categories: Electronics Computers & Accessories Networking Products Switches | features: 8 Gigabit Ethernet ports 1 x PD port Smart software with easy-to-use interface offers managed control for secure setup, access, and SNMP (NMS 300) management. Includes NETGEAR Insight to remotely manage your networks from anywhere Supports desktop or wall mount placement Lifetime Limited Hardware Warranty, Next Business Day Replacement, and 24/7 chat with a NETGEAR expert Energy efficient design compliant with IEEE8… | description: The NETGEAR GS108Tv3 8-Port Gigabit Smart Managed Pro Switch with Cloud Management gives high-speed connectivity for wireless converged networks and mobility. Advanced feature",smart_switch:approved_identity_phrase_absent|smart_switch:required_target_context_absent|smart_switch:wrong_product:ethernet|smart_switch:wrong_product:port,approved_identity_phrase_absent|required_target_context_absent|wrong_product,title|description|details,switch,smart_near_switch,hold,low,insufficient_evidence,Metadata does not clearly establish wall-lighting control.,w3-v1.4.0-draft,bf29ebd547690405fc759ddac6cf5dd3c070e2fcd6246d61c9108c21d0413097
recovery_candidate,B00NUF6X94,smart_switch,Electronics,Home Audio & Theater,QVS VW-4PHA WePresent VGA/HDMI Wireless Presentation System with Large Touch Screen and Annotation Support,Electronics Home Audio Home Audio Accessories Distribution Selector Switch Boxes,categories: Electronics Home Audio Home Audio Accessories Distribution Selector Switch Boxes | features: Share a projector or HDTV with a VGA or HDMI port thru wireless connection up to 200' 4-way split screen to show up to 4 users simultaneously Annotate on the screen using Air Pad touchpad Conference control function perfect for training sessions Control PC or Mac remotely using USB keyboard/mouse | description: …al for classrooms and conference areas for PowerPoint and real-time video and audio presentations. It allows any mobile device or PC/MAC with Wi-Fi to access the projector or HDTV. It also features Annotation Support that lets you annotate on the screen using Air Pad touchpad or U,smart_switch:approved_identity_phrase_absent|smart_switch:required_target_context_absent|smart_switch:smart_evidence_not_in_title_or_categories,approved_identity_phrase_absent|required_target_context_absent|smart_evidence_not_in_title_or_categories,categories|description,switch,wi fi|wifi,hold,low,insufficient_evidence,Metadata does not clearly establish wall-lighting control.,w3-v1.4.0-draft,bf459bf4e02a728bff0f29cf91baee7593ecf2dd94fbc7c82e72d2ddae9f3409
recovery_candidate,B09167ZVPK,smart_switch,Electronics,Computers,"HP ENVY x360 Convertible 15-inch FHD Touchscreen 2-in-1 Laptop, 10th Gen Intel Core i7-10510U, 8GB RAM, 512GB SSD, Windows 10 Home, Fingerprint Reader, Webcam Kill Switch (15-dr1010nr, Natural Silver) (Renewed)",Electronics Computers & Accessories Computers & Tablets Laptops Traditional Laptops,"categories: Electronics Computers & Accessories Computers & Tablets Laptops Traditional Laptops | features: Cutting-edge security: State-of-the-art security features include Webcam Kill Switch and integrated fingerprint reader Four versatile modes: Easily convert from laptop mode to tablet, stand or tent mode for notetaking, drawing and other daily activities that feel as natural as pen on paper BIOS Recovery and Protection: Automatically checks the health of your PC, protects against unauthorized access, secures local sto… | description: This pre-owned or refurbished product has been professionally inspected and tested to work and look like new. How a product becomes part of Amazon Renewed,",smart_switch:approved_identity_phrase_absent|smart_switch:required_target_context_absent|smart_switch:smart_evidence_not_in_title_or_categories,approved_identity_phrase_absent|required_target_context_absent|smart_evidence_not_in_title_or_categories,title|features,switch,wi fi|wifi,hold,low,insufficient_evidence,Metadata does not clearly establish wall-lighting control.,w3-v1.4.0-draft,bfff2504a1ebd07eff478e25bf756a2797ddceb869329e523021b45e8db8f919
recovery_candidate,B092RYYF9C,smart_switch,Home_and_Kitchen,Amazon Home,"Mini Bag Sealer Handheld Heat Sealing Machine for Airtight Food Storage, Portable Heat Resealer with Smart Double Switch, Reseal Plastic Bags, Chip Bags, Snack Bags, Color Street Nail Strips (Black)",Home & Kitchen Kitchen & Dining Small Appliances Specialty Appliances Vacuum Sealers,"categories: Home & Kitchen Kitchen & Dining Small Appliances Specialty Appliances Vacuum Sealers | features: … separate type power cord, which is very safe and easy to store or carry. Suitable for home kitchens, bakeries, grocery stores and other occasions. 🍟【DOUBLE SWITCH PROTECTION】🎁 Our sealer adopts the design of double smart switch on the side- independent power switch and lock storage switch design.The upgraded switches of sealer machine can better prevent burns caused by accidental touches. Provide double protection f… | details: Best Sellers Rank Kitchen & Dining 302139 Vacuum Sealers 1067 Brand Shendian Color Black Date First Available May 19, 2021 Item Weight 7 ounces Material Acry",smart_plug:approved_identity_phrase_absent|smart_plug:identity_not_in_title_or_categories|smart_switch:approved_identity_phrase_absent|smart_switch:required_target_context_absent,approved_identity_phrase_absent|multi-type conflict|required_target_context_absent,title|features,switch,smart_near_switch,hold,low,insufficient_evidence,Metadata does not clearly establish wall-lighting control.,w3-v1.4.0-draft,c0a1885eef70d64763182338460a3eb506e1e85ab19c02661c9fc9a15935237f
recovery_candidate,B00UC5OZWM,smart_switch,Electronics,Computers,"Cisco WS-C3560CX-12TC-S Catalyst 3560-CX 12 Port Data IP Base Switch, 6779D66",Electronics Computers & Accessories Networking Products Switches,"categories: Electronics Computers & Accessories Networking Products Switches | features: Product Type- Layer 3 Switch POWER CONSUMPTION: 20.8W at 100% throughput Form Factor- Rack-mountable FANLESS DESIGN: Silent operation country of origin:China | description: The Cisco Catalyst 3560-CX and 2960-CX Series Compact Switches help optimize network deployments. These Gigabit Ethernet (GbE) managed switches are ideal for high-speed data connectivity, Wi-Fi backhaul, and Power over Ethernet (PoE) connectivity in places where space is at a premium. With a single copper or fiber cable from the wiring closet, Catalyst compact switches enable IP connectivity for devices such as IP ph…",smart_switch:approved_identity_phrase_absent|smart_switch:required_target_context_absent|smart_switch:smart_evidence_not_in_title_or_categories|smart_switch:wrong_product:port,approved_identity_phrase_absent|required_target_context_absent|smart_evidence_not_in_title_or_categories|wrong_product,title|features|description|details,switch,wi fi|wifi,hold,low,insufficient_evidence,Metadata does not clearly establish wall-lighting control.,w3-v1.4.0-draft,c18a4243d3ff0c2a2bb684bc9b2d5b50251bef4b926c9914e52cbed0281e4835
recovery_candidate,B07KYL9DSZ,smart_switch,Electronics,Computers,"Acer Switch 5, 12.0"" QHD Touch, 7th Gen Intel Core i5-7200U, Alexa Built-in, 8GB LPDDR3, 256GB SSD Windows 10 Home, Backlit Keyboard, Active Stylus, SW512-52-53W5",Electronics Computers & Accessories Computers & Tablets,"categories: Electronics Computers & Accessories Computers & Tablets | features: 7th Generation Intel Core i5-7200U Processor (Up to 3.1GHz) Alexa built-in 12.0"" Qhd 2160 x 1440 Multi-touch IPS display, 8GB of LPDDR3 Onboard Memory & 256GB SSD 802.11AC Wi-Fi, Acer Fingerprint reader, backlit keyboard 2-Cell Li-Ion (4870 mAh) battery, Up to 10.5 hours Battery Life & Windows 10 Home | description: Acer switch 5 SW512-52-53W5 Lexa built-in PC comes with these high level specs: 7th Generation Intel Core i5-7200U Processor 2.5GHz with Turbo Boost Technology up to 3.1GHz (3MB L3 cache), Windows 10 Home, 12.0"" Qhd 2160 x 1440 resolution, high-brightness, LED-backlit IPS (in-plane Switching) technolo",smart_switch:approved_identity_phrase_absent|smart_switch:required_target_context_absent,approved_identity_phrase_absent|required_target_context_absent,title|features|description,switch,alexa|wi fi|wifi,hold,low,insufficient_evidence,Metadata does not clearly establish wall-lighting control.,w3-v1.4.0-draft,c2274b94c5e43733cce955a03886bcb33ba081c49b36a3545be9b16cedb84ad7
recovery_candidate,B01KGHNTOK,smart_switch,Electronics,All Electronics,Otimo 8-Outlet Surge Protector with On Off Timer Switch and 5 Foot Power Cord,Electronics Accessories & Supplies Power Strips & Surge Protectors Surge Protectors,"categories: Electronics Accessories & Supplies Power Strips & Surge Protectors Surge Protectors | features: …age Times, You Will Be Saving Not Only On Your Electric Bill, But Leaving A Smaller Carbon Footprint As Well! Set-And-Forget Timer: 24 Hour Timer Switch Allows For Devices To Be Connected And Disconnected On A Regular Daily Schedule, In 15 Minute Intervals. Set In Your Expected Device Usage One Time And Don'T Think About It Again! Compatible With Gaming Consoles, Fans, Lamps, Cable Boxes, Wifi Routers, Lamps, Holiday… | description: …design allows for convenient placement and storage. This outlet timer is compatible with any appliance with a 3-prong electronic plug, including lamps, W",smart_plug:approved_identity_phrase_absent|smart_plug:smart_evidence_not_in_title_or_categories|smart_switch:approved_identity_phrase_absent|smart_switch:required_target_context_absent|smart_switch:smart_evidence_not_in_title_or_categories,approved_identity_phrase_absent|multi-type conflict|required_target_context_absent|smart_evidence_not_in_title_or_categories,title|features|description,switch,wi fi|wifi,hold,low,insufficient_evidence,Metadata does not clearly establish wall-lighting control.,w3-v1.4.0-draft,c28845c32dae7599acbfe5594c2d3f5911383ff1643cc12511caedcef190b296
recovery_candidate,B004GHMU4C,smart_switch,Electronics,All Electronics,"Cisco SF200-24 Smart Switch: 24 10/100 Ports, 2 Combo Mini-GBIC Ports (SLM224GTNA)",Electronics Computers & Accessories Networking Products Switches,"categories: Electronics Computers & Accessories Networking Products Switches | features: …d Management: Intuitive browser-based tools, mass deployment capabilities, and consistent features across all models simplify setup and configuration. Switches optimize power usage for energy efficiency without compromising performance.",smart_switch:required_target_context_absent,required_target_context_absent,title,switch,smart_near_switch,hold,low,insufficient_evidence,Metadata does not clearly establish wall-lighting control.,w3-v1.4.0-draft,c30d1c1837a400655748fd8d52b348ec545ddb0fe8747f4c6759ca6a9bf09c51
recovery_candidate,B073S7XK5N,smart_switch,Electronics,All Electronics,ON-Q Switch - Radiant in-Wall 1500W Rf Switch - White (LC2201-WH),Electronics Television & Video Accessories,"categories: Electronics Television & Video Accessories | features: Patented top dog RF communication Protocol; 900MHz radio. Avoids interference with other 900MHz devices, such as cordless phones and Baby monitors. Legrand patented RF communication Protocol for reduced interference. Installs easily with no control wiring necessary. Integrates with Legrand's Intuit Home Intelligence. Available in three colors: light Almond, nickel, and white. | description: The radiant collection is a step up from the standard with simple, classic options in wiring devices, home automation controls and Screw less wall plates that complement today's homes.",smart_switch:approved_identity_phrase_absent|smart_switch:smart_evidence_not_in_title_or_categories,approved_identity_phrase_absent|smart_evidence_not_in_title_or_categories,title|details,in wall|switch,wi fi|wifi,include,medium,correct_target,"Primary switch identity, wall-lighting context, and connected-control evidence are all present.",w3-v1.4.0-draft,c399b4922e1b4a0e19609061b5b471fdc8ac750cf70aafdb574f643ff5a5f84a
recovery_candidate,B08SWNG4NN,smart_switch,Electronics,Computers,"TP-Link Unmanaged 8-Port 2.5G Multi-Gigabit Desktop Switch, 802.3X Flow Control, 802.1p/DSCP QoS, Ideal for Small and Home Office with fanless design, Metal Casing, Plug and Play (TL-SG108-M2)",Electronics Computers & Accessories Networking Products Switches,"categories: Electronics Computers & Accessories Networking Products Switches | features: …Gbps Ports: 8× 100Mbps/1Gbps/2.5Gbp Ports unlock the highest performance of your Multi-Gig bandwidth and devices and provide up to 40 Gbps of switching capacity Super-Fast Connections: Provides super-fast connections to 2.5G NAS, 2.5G Server, gaming computer, 2.5G WiFi 6 AP, 4K video, and more Ideal for Various Scenarios: Built for LAN parties, home entertainment, small and home offices, and instant transfer for work… | details: Best Sellers Rank Computer Networking Switches 3326 Brand TP-Link Compatible Devices Desktop Date First Available January 13, 2021 Included Components TL-SG108-M2 Item Weight 2.",smart_plug:approved_identity_phrase_absent|smart_plug:smart_evidence_not_in_title_or_categories|smart_plug:wrong_product:plug and play|smart_switch:approved_identity_phrase_absent|smart_switch:required_target_context_absent|smart_switch:smart_evidence_not_in_title_or_categories|smart_switch:wrong_product:port,approved_identity_phrase_absent|multi-type conflict|required_target_context_absent|smart_evidence_not_in_title_or_categories|wrong_product,title|features|details,switch,wi fi|wifi,hold,low,insufficient_evidence,Metadata does not clearly establish wall-lighting control.,w3-v1.4.0-draft,c3aaa11bce42476947d11cb10b51ee9a982830d2a47b0338ecafe0ef2b74f2a6
recovery_candidate,B00481BTOS,smart_switch,Electronics,Cell Phones & Accessories,"Wireless Earbuds Bluetooth Earbuds V5.0 with 3D Stereo Pro Sound, 17H Play Time, Noise Canceling Earphones with Built-in Mic and Mono Mode, IPX7 Waterproof, Calls Switch Quick Access to Siri","Electronics Headphones, Earbuds & Accessories Headphones & Earbuds Earbud Headphones","categories: Electronics Headphones, Earbuds & Accessories Headphones & Earbuds Earbud Headphones | features: 【Strong & Stable Signal】--- This 1200Mps WIFI Extender owns dual-band technology, simultaneously issue two WIFI independently, to achieve full-scale wireless strong & stable extension WIFI. 5GHz(900Mps) WIFI is suitable for short-distance high-speed transmission, for high-definition video/ game. And 2.4GHz(300Mps) WIFI is suitable for medium and long distance transmission, for basic network browsing | description: …n of dust and quickly dissipate heat, ensuring stable operation of the equipment all the time. 7, Fully compatible with any devices like iOS, Android devices, Echo/Alexa de",smart_plug:approved_identity_phrase_absent|smart_plug:identity_not_in_title_or_categories|smart_switch:approved_identity_phrase_absent|smart_switch:required_target_context_absent|smart_switch:smart_evidence_not_in_title_or_categories,approved_identity_phrase_absent|multi-type conflict|required_target_context_absent|smart_evidence_not_in_title_or_categories,title|features|description,switch,alexa|wi fi|wifi,hold,low,insufficient_evidence,Metadata does not clearly establish wall-lighting control.,w3-v1.4.0-draft,c3c77a7e62af4e8d12e13d7d854e8b05b4619a455e8f59a7c4d3a8dc1ee56184
recovery_candidate,B0963CCSDY,smart_switch,Home_and_Kitchen,,6L / 1.5 Gallon Water Distiller Countertop Water Pure Water Machine with an Extra Smart Switch Purifier Filter for Home Office,Home & Kitchen Kitchen & Dining Water Coolers & Filters Pitcher Water Filters,"categories: Home & Kitchen Kitchen & Dining Water Coolers & Filters Pitcher Water Filters | details: Capacity 1.5 Gallons Brand GPOAS Date First Available July 2, 2021 Item model number 167995-5326-1758283763 Manufacturer GPOAS Material Stainless Steel Product Dimensions 23.23 x 12.99 x 11.22 inches; 13 Pounds Purification Method Distillation",smart_switch:required_target_context_absent,required_target_context_absent,title,switch,smart_near_switch,hold,low,insufficient_evidence,Metadata does not clearly establish wall-lighting control.,w3-v1.4.0-draft,c3f369132108a99cf8d305203df2c95ace0de8e7ab22be397a6dbfb54618ef4c
recovery_candidate,B000UPTCRW,smart_switch,Electronics,All Electronics,Cisco SLM2024 24-Port 10/100/1000 Gigabit Smart Switch with 2 Combo SFPs,Electronics Computers & Accessories Networking Products Switches,"categories: Electronics Computers & Accessories Networking Products Switches | features: …ons like Link Aggregation, Spanning Tree and Portfast 802.1x port authentication and MAC-based filtering brings network security down to the switch port level. Basic QoS enables the network to be used for networked applications including voice, video and data storage",smart_switch:required_target_context_absent|smart_switch:wrong_product:port,required_target_context_absent|wrong_product,title|features,switch,smart_near_switch,hold,low,insufficient_evidence,Metadata does not clearly establish wall-lighting control.,w3-v1.4.0-draft,c454675cf3be8f7f00e3b9b973566908047d53f31f8b1d39c54886165dccd9f8
recovery_candidate,B01M9ETH45,smart_switch,Electronics,All Electronics,KUNCAN 20ft 2.1mm x 5.5mm DC Power Plug Extension Cable Male to Female for 12v Security Camera/LED Strip Lights 18AWG Heavy Duty Cord with Power Switch,Electronics Security & Surveillance Accessories Surveillance Camera Cables,"categories: Electronics Security & Surveillance Accessories Surveillance Camera Cables | features: …ur daily need; Cable Size: 2464 18AWG; Male connector: 2.1mm x 5.5mm. Female Connectors: 2.1mm x 5.5mm. Male Plug to Female Jack Power Cable with Power Switch for DC Power ; DC EXTENTION CORD: 2.1mm X 5.5mm DC power plug extension cable allows flexible option for setting up electronic device, such as LED signage, CCTV security surveillance camera, ip camera or other devices that requires DC input and accept 2.1mm x 5… | description: Specifications: DC power plug extension cable with Power Switch Male Plug to Female Jack Power Cable Power Length: 20ft Cable type: 2464 18 AWG copper Voltage Rati",global:accessory_primary_identity:extension cable|smart_plug:approved_identity_phrase_absent|smart_plug:smart_evidence_not_in_title_or_categories|smart_plug:wrong_product:camera|smart_plug:wrong_product:security camera|smart_switch:approved_identity_phrase_absent|smart_switch:required_target_context_absent|smart_switch:smart_evidence_not_in_title_or_categories,accessory|approved_identity_phrase_absent|multi-type conflict|required_target_context_absent|smart_evidence_not_in_title_or_categories,title|features|description,switch,wi fi|wifi,hold,low,insufficient_evidence,Metadata does not clearly establish wall-lighting control.,w3-v1.4.0-draft,c49580b2bcee82d1a9ec462173e735f1032013dbd8ec5aee9308226fe624b659
recovery_candidate,B08Q2R8NC4,smart_switch,Electronics,Computers,Cisco Business CBS250-8T-E-2G Smart Switch | 8 Port GE Ext PS | 2x1G Combo | Limited Lifetime Protection (CBS250-8T-E-2G-NA),Electronics Computers & Accessories Networking Products Switches,"categories: Electronics Computers & Accessories Networking Products Switches | features: SWITCH PORTS: 8-Port 10/100/1000 plus 2 x 1GE copper/SFP combo SIMPLE: Intuitive Cisco Business Dashboard or on-box U/I simplifies network operations and automates lifecycle management FLEXIBLE: Extensive portfolio provides ultimate flexibility from 8 to 48 ports and PoE plus combinations SECURITY: Integrated with IEEE 802.1X port security to control access to your network, Denial-of- Service (DoS) attack prevention … | description: The Cisco Business CBS250-8T-E-2G switch is the next generation of affordable, smart switches that combines powerful network performance, security, and reliability with a com",smart_switch:required_target_context_absent|smart_switch:wrong_product:port,required_target_context_absent|wrong_product,title|features|description|details,switch,smart_near_switch,hold,low,insufficient_evidence,Metadata does not clearly establish wall-lighting control.,w3-v1.4.0-draft,c55a17729dd6f70fc69435e24cdcfef9bc7a4db9ecf1ff44654427ba0ffe56a1
recovery_candidate,B0B58X4WRD,smart_switch,Home_and_Kitchen,Amazon Home,"Facelle Smoothie Blender, 400W Powerful Personal Blender, 17Oz Personal Size Blender with 4 Sharp Stainless Steel Blades, Smart Switch Portable Blender for Shakes Frozen Drinks Smoothies Food Juices",Home & Kitchen Kitchen & Dining Small Appliances Blenders Personal Size Blenders,"categories: Home & Kitchen Kitchen & Dining Small Appliances Blenders Personal Size Blenders | features: 【Smart Control & IPX5】Note: the mixing Glass is fixed, can't be removed.Facelle smoothie blender with touch control switch. and smoothie blender with IPX5 waterproof. 【400W/500ML/17Oz Personal Size Blender】：Note: the mixing Glass is fixed, can't be removed.Facelle 400W person blender has a strong and sharp 4 blades,ability to quickly blend a variety of foods,and 500ml capacity cup meet personal mixing needs. 【Food Gr… | details: Best Sellers Rank Kitchen & Dining 422207 Personal Size Blenders 573 Blade Material Stainless Steel Brand Facelle Capacity 500 Milliliters Date First Available Ju",smart_plug:approved_identity_phrase_absent|smart_plug:identity_not_in_title_or_categories|smart_switch:required_target_context_absent|smart_switch:wrong_product:smart switch portable blender,multi-type conflict|required_target_context_absent|wrong_product,title|features,switch,smart_near_switch,hold,low,insufficient_evidence,Metadata does not clearly establish wall-lighting control.,w3-v1.4.0-draft,c68b30fb074cca44baf42b37a7adfb108ee299324f5508dcd5b10ee3f0b0c925
recovery_candidate,B000E3K774,smart_switch,Electronics,Computers,NETGEAR ProSafe FS728TS 24-Port 1U Smart Switch,Electronics Computers & Accessories Networking Products Switches,"categories: Electronics Computers & Accessories Networking Products Switches | features: Product Description NETGEAR ProSafe FS728TS Smart Switch - switch - 24 portsDevice Type Switch - sta Form Factor External - 1 U NOTE: THIS PRODUCT CANNOT BE SHIPPED TO MASSACHUSETTS OR DISTRICT OF COLUMBIA (WASHINGTON, D.C.) Dimensions (WxDxH) 17.3 in x 8.1 in x 1.7 in Weight 5.7 lbs Localization North America RAM 128 KB Ports Qty 24 x Ethernet 10Base-T, Ethernet 100Base-TX Data Transfer Rate 100 Mbps Data Link Proto… | description: NETGEAR expands its line of award-winning ProSafe Smart Switches with a suite of 10/100 Stackable Smart Switches. The ProSafe Stackable Smart Switches adds the flexibility of",smart_switch:required_target_context_absent|smart_switch:wrong_product:port,required_target_context_absent|wrong_product,title|features|description,switch,smart_near_switch,hold,low,insufficient_evidence,Metadata does not clearly establish wall-lighting control.,w3-v1.4.0-draft,c6d215cd41bf2c03e095d7731b3955e17eeb0e538c500007131287d67c2981ab
recovery_candidate,B09QYJCGW9,smart_switch,Home_and_Kitchen,Industrial & Scientific,VIVOHOME 4L Brushed 304 Stainless Steel Water Distiller Countertop Distilled Water Machine with an Extra Smart Switch Purifier Filter for Home Office,Home & Kitchen Kitchen & Dining Water Coolers & Filters Pitcher Water Filters,"categories: Home & Kitchen Kitchen & Dining Water Coolers & Filters Pitcher Water Filters | features: …plastic materials, which is durable and leak-resistant; The interior components are of the highest quality; Designed with an extra waterproof ON/OFF smart switch on the shell of this electric water distiller so that you can leave for a while during distillation, which is safer and more convenient REMOVE HARMFUL IMPURITIES - It effectively removes VOC and other harmful impurities from your water; If you are trying to … | details: Item Weight 12.1 Pounds Brand VIVOHOME Color Red Country of Origin China Date First Available September 22, 2021 Item model number VH585-RE Manufacturer VIVOHOME Ma",smart_switch:required_target_context_absent,required_target_context_absent,title|features,switch,smart_near_switch,hold,low,insufficient_evidence,Metadata does not clearly establish wall-lighting control.,w3-v1.4.0-draft,c6edc3c318bb80a64a0ae96472d305106cf2751e7647fb1e5b340a6fe5c6fa3e
recovery_candidate,B003CFATWO,smart_switch,Electronics,All Electronics,"TP-LINK TL-SL2428WEB 24+4G Gigabit-Uplink Web Smart Switch, 24 10/100M ports, 2 10/100/1000M ports, 2 SFP expansion slots",Electronics Computers & Accessories Networking Products Switches,"categories: Electronics Computers & Accessories Networking Products Switches | features: 24+4G Gigabit-Uplink Web Smart Switch. Quick and easy setup with Web-based management. Supports Port-Based VLAN and IEEE 802.1Q Tag VLAN. Supports Static MAC address and filtering MAC address management Rack-mountable steel case. | description: The TP-LINK TL-SL2428WEB is a web smart switch with 24 10/100Mbps ports, 2 10/100/1000Mbps Port, and 2 Gigabit SFP Slots supporting Mini GBIC modules. It integrates advanced management and security functions that provide performance and scalability. It delivers maximum throughput where you need it to high-performance workgroups at the edge of the network. What’s m",smart_switch:required_target_context_absent,required_target_context_absent,title|features|description|details,switch,smart_near_switch,hold,low,insufficient_evidence,Metadata does not clearly establish wall-lighting control.,w3-v1.4.0-draft,c72937c31922aa5c2733834e569abc5a85be0281ef121aec6356166eaa06ac25
recovery_candidate,B000UPTCSQ,smart_switch,Electronics,All Electronics,Linksys SLM248G 48-port 10/100 + 2-port 10/100/1000 Gigabit Smart Switch with 2 Combo SFPs,Electronics Computers & Accessories Networking Products Switches,"categories: Electronics Computers & Accessories Networking Products Switches | features: …ons like Link Aggregation, Spanning Tree and Portfast 802.1X port authentication and MAC-based filtering brings network security down to the switch port level Basic QoS enables the network to be used for networked applications including voice, video and data storage | description: …The SLM248G offers fourty eight (48) 10/100 Copper ports with two (2) shared Gigabit copper or optical (SFP) uplink interfaces for connecting the switch to the core network. The simplified user interface is an intuitive management tool enabling you to quickly utilize the comprehensive feature-set of the switch, resulting in a",smart_switch:required_target_context_absent|smart_switch:wrong_product:port,required_target_context_absent|wrong_product,title|features|description|details,switch,smart_near_switch,hold,low,insufficient_evidence,Metadata does not clearly establish wall-lighting control.,w3-v1.4.0-draft,c984ee21762d03f7c0b58ffc49236996ad63a3ddd49c548172f205552eded639
recovery_candidate,B08JGB7HVV,smart_switch,Home_and_Kitchen,Amazon Home,"Acrylic Floating Wall Shelves Set of 2, Small Wall Display Shelf for Switch Smart Speaker Action Figures with Cable Clips, Damage-Free Acrylic Display Organizer Ledge Stick-On Shelf, White 9 Inch…",,"details: Age Range (Description) Adult Batteries required No Brand FOREVERL Furniture Finish white Installation Type Wall Mount Item Weight 6.6 pounds Material Acrylic Maximum recommended load 3 Kilograms Mounting Type Wall Mount Number of Items 2 Number of Shelves 2 Product Care Instructions Wipe with Dry Cloth Product Dimensions 9""D x 3.7""W x 2.4""H Room Type Bathroom, Kitchen, Bedroom Shape Rectangular Shelf Type Floating …",smart_switch:approved_identity_phrase_absent,approved_identity_phrase_absent,title,switch,smart_near_switch,hold,low,insufficient_evidence,Metadata does not clearly establish wall-lighting control.,w3-v1.4.0-draft,c9d1f9b7e55ea806d1c56d37d985fdd28e797906fc9086f7c1bd86b350cf0b5b
recovery_candidate,B08CZ6HFZF,smart_switch,Electronics,Cell Phones & Accessories,4G Wired GPS Tracker for Vehicles with 1 Year Subscription No Monthly Fee Real Time Hidden Hardwired Car Tracking Device Remote Engine Kill Switch for Truck Trailer Motorcycle Fleet Location Locator,"Electronics GPS, Finders & Accessories GPS Trackers","categories: Electronics GPS, Finders & Accessories GPS Trackers | features: … ReiWour Hardwired GPS tracker for vehicles keeps 180 days tracking history, playback car track from any computer, tablet or phone by Android and IOS APP. Remote kill switch(Optional) - When our phone receive an abnormal alarm, we can send ignition kill command from our phone. Additional Relay is Required, You can choose whether to install the relay according to your own needs. Fleet management - fleet GPS tracker is… | details: Best Sellers Rank Electronics 126856 GPS Trackers 337 Brand Reiwour Connectivity Technology Cellular, Wi-Fi Connectivity technologies Cellular, Wi-Fi Date First Available May 14, 2020 Includ",smart_switch:approved_identity_phrase_absent|smart_switch:required_target_context_absent|smart_switch:smart_evidence_not_in_title_or_categories,approved_identity_phrase_absent|required_target_context_absent|smart_evidence_not_in_title_or_categories,title|features|details,switch,wi fi|wifi,hold,low,insufficient_evidence,Metadata does not clearly establish wall-lighting control.,w3-v1.4.0-draft,ca1fa3d4f0044be40b90c00723b0d9c194dcadc9dc56538f2677c136a1d39910
recovery_candidate,B0141JZKLY,smart_switch,Electronics,,"TP-LINK 16-Port Gigabit Easy Smart Switch/Manageable - 16 x RJ-45-10/100/1000Base-T - Desktop, Rack-mountable/TL-(Renewed).",Electronics Computers & Accessories Networking Products Switches,"categories: Electronics Computers & Accessories Networking Products Switches | features: This Certified Refurbished product is tested & certified by TP-LINK to look and work like-new. The product includes all original accessories, and is backed by a 90-Days warranty MPN: TL-SG1016DE | description: Brand Name: TP-LINK Product Model: TL-SG1016DE Product Name: 16-Port Gigabit Easy Smart Switch Marketing Information: What This Product Does The TL-SG1016DE 16-Port Gigabit Easy Smart switch is an ideal upgrade from an unmanaged switch, designed for Small and Medium Business networks that require simple network management. Network administrators can effectively monitor traffic via Port Mirroring, L",smart_switch:required_target_context_absent|smart_switch:wrong_product:port,required_target_context_absent|wrong_product,title|description,switch,smart_near_switch,hold,low,insufficient_evidence,Metadata does not clearly establish wall-lighting control.,w3-v1.4.0-draft,caa834e6770b22c268df17e4261f44c5e203e4d154709995755cee3c58457f5f
recovery_candidate,B09P59S8X5,smart_switch,Electronics,Computers,"Switch Console for Gaming Animal Crossing: Horizons Edition with Green and Blue Joy-Con - 32GB Internal Storage, 802.11AC WiFi, Bluetooth 4.1, 6.2"" Touchscreen LCD Display - Oubpps Carrying_Case",,"features: Get the gaming system that lets you play the games you want, wherever you are, however you like. Includes the Switch console and Switch dock in black, with contrasting left and right Joy‑Con controllers—one red, one blue. Also includes all the extras you need to get started. This model includes battery life of approximately 4.5 - 9 hours(The battery life will depend on the games you play. For instance, the battery wi… | description: …hich is reserved for use by the system. Users can easily expand storage space using microSDHC or microSDXC cards up to 2TB (sold separately).WirelessWi-Fi (IEEE 802.11 a/b/g/n/ac)Bluetooth 4.1Video outputUp to 1080p via HDMI in TV modeUp to 720p via bu",smart_switch:approved_identity_phrase_absent|smart_switch:required_target_context_absent,approved_identity_phrase_absent|required_target_context_absent,title|features|description|details,switch,wi fi|wifi,hold,low,insufficient_evidence,Metadata does not clearly establish wall-lighting control.,w3-v1.4.0-draft,cc3290d05518c32e874ef42f9e32a162cfbd17fb5d576a63cec7f1eb1e190d7b
recovery_candidate,B00KJ2ZXG0,smart_switch,Electronics,Home Audio & Theater,ALEKO LM181 Universal WiFi Remote Control Switch Five Channel Transmitter,Electronics Television & Video Accessories Remote Controls,"categories: Electronics Television & Video Accessories Remote Controls | features: Open your gates and operate electronic devices using your Wi-Fi Easy programming in minutes with your phone or PC Integrated five 10A rated normal open relays on board for a wide rage Out contact quantity: 5 channels | description: ALEKO LM181 universal WIFI remote control switch five channel remote control transmitter linked to the mobile phone or PC software, easy programming in minutes. Open your gates and operate electronic devices using your Wi-Fi. Integrated five 10A rated normal open relays on board for a wide rage of applications such as smart home system, home automation by WIFI/internet. Compatible w",smart_switch:approved_identity_phrase_absent|smart_switch:required_target_context_absent,approved_identity_phrase_absent|required_target_context_absent,title|features|description|details,switch,smart home|wi fi|wifi,hold,low,insufficient_evidence,Metadata does not clearly establish wall-lighting control.,w3-v1.4.0-draft,cd858ff2a385f04ef699f32b1b21e4e9e34f297fdec742498a1c559ee5c72344
recovery_candidate,B006V38C1O,smart_switch,Electronics,Computers,Netgear GS110T ProSafe 8-Port Gigabit Smart Switch with 2 Dedicated Gigabit SFP Ports,Electronics Computers & Accessories Networking Products Switches,"categories: Electronics Computers & Accessories Networking Products Switches | features: …complete package of features for the observation, configuration, and control of the network. With a Web-based Graphical User Interface (GUI), the switch's many capabilities can be viewed and used in a simple and intuitive manner. Features include configuration for port and switch information, | description: The GS110T Smart Switch also provides the benefit of administrative management with a complete package of features for the observation, configuration, and control of the network. With a Web-based Graphical User Interface (GUI), the switch's many capabilities can be viewed and used in a simple and int",smart_switch:required_target_context_absent|smart_switch:wrong_product:port,required_target_context_absent|wrong_product,title|features|description,switch,smart_near_switch,hold,low,insufficient_evidence,Metadata does not clearly establish wall-lighting control.,w3-v1.4.0-draft,cdaf28708d094100f6a4d8f267fb4e9f21b38d6b489260c1921ed998837e8113
recovery_candidate,B09N8NZJ7D,smart_switch,Home_and_Kitchen,Amazon Home,"Topmart Cat Pet Water Fountain, 51oz/1.5L, Automatic Cat Water Dispenser with Quiet Pump, Cat Drinking Fountains for Dogs Pets,LED Light & USB Port,Smart Switch",,"features: …rent water flow settings: a gentle fountain and a high-speed fountain that attracts small pets to drink the water. You can control it by smart switch. Each mode can meet the needs of different pets. The tilt design protects your pet's spine and prevents your pet from getting its fur wet. High Quality Material&Filtration System: Cat water dispenser is made of ABS friendly material and BPA-free material. Contains multi… | details: Brand Topmart Capacity 1.5 Liters Color White Country of Origin China Date First Available December 8, 2021 Item Weight 1.02 pounds Item model number 1010 Manufacturer Topmart Material Acrylonitrile Butadiene Styrene (ABS) Package Dimensions 6.69 x 6.02 x ",smart_switch:required_target_context_absent|smart_switch:wrong_product:port,required_target_context_absent|wrong_product,title|features,switch,smart_near_switch,hold,low,insufficient_evidence,Metadata does not clearly establish wall-lighting control.,w3-v1.4.0-draft,ce573ee58669fb609856355b95c15bd092ebbe5b0e3b34612b19e2e02416e360
recovery_candidate,B07MM1PM9H,smart_switch,Electronics,All Electronics,"4 Ports USB Hub,Aluminum USB Hub Expansion High Speed USB 3.0 Ultra Slim Data Hub Splitter Switch Lead Adapter Cable for PS3,Xbox,WiFi,PC,MAC,Laptop,Notebook,Mac Book,Netbook,Tablet.Tab.Silver",Electronics Computers & Accessories Computer Accessories & Peripherals USB Hubs,"categories: Electronics Computers & Accessories Computer Accessories & Peripherals USB Hubs | features: More Ports: Turn one of your computer's USB ports into 4. SuperSpeed Data:Up to 5 Gbps data speeds let you transfer an HD movie in seconds. Ultra Portable: Aluminum material About an ounce in weight and super small, making it easy to grab and go. Extra Durable:Cable reinforcement,sturdy exterior and heat-resistant connectors ensure ultimate durability. Easy to Setup: Plug & Play and Hot Swappable | description: 4 Ports Aluminum USB Hub Expansion High Speed | details: Brand XINDA Color Silver Compatible Devices Tablets, Laptops, Desktops Data Transfer Rate 5 Gigabits Per Second Date First A",smart_plug:approved_identity_phrase_absent|smart_plug:identity_not_in_title_or_categories|smart_switch:approved_identity_phrase_absent|smart_switch:required_target_context_absent,approved_identity_phrase_absent|multi-type conflict|required_target_context_absent,title,switch,wi fi|wifi,hold,low,insufficient_evidence,Metadata does not clearly establish wall-lighting control.,w3-v1.4.0-draft,cf38fc90e17534c9fadcf05a2b543599ea6dc4c968852b1df75c10fcd9662525
recovery_candidate,B096WBR4RR,smart_switch,Electronics,Computers,HPE OfficeConnect 1920S 8-Port Gig Smart Switch-8xGE 10/100/1000 |Desktop | Fanless (JL380A#ABA),Electronics Computers & Accessories Networking Products Switches,"categories: Electronics Computers & Accessories Networking Products Switches | features: HPE OfficeConnect 1920S Series switches are advanced Gigabit web managed smart switches for small business and SMB networks. Functionality: Advanced, highly flexible Layer 2/3 features including static routing, Access Control Lists (ACLs), VLANs, 802.1X network login, and Link Aggregation. Hardware: small form desktop configuration but ships with mounting brackets | Ports and LEDs to front | #ABA w/ US cord | Limited… | details: …Packard Enterprise company Color Black Compatible Devices Desktop Date First Available March 9, 2017 Included Components Accessories, Network Switch Is Discontinued By Manufactu",smart_switch:required_target_context_absent|smart_switch:wrong_product:port,required_target_context_absent|wrong_product,title|details,switch,smart_near_switch,hold,low,insufficient_evidence,Metadata does not clearly establish wall-lighting control.,w3-v1.4.0-draft,d1739105c07f86d4297b5290978861320ef1e6d08e54e66b4bb87a84271eac01
recovery_candidate,B0755XHTSK,smart_switch,Electronics,Computers,"Edimax AC1200 Range Extender, Supports WiFi Roaming for Whole Home WiFi Coverage with Auto-Switch to Stronger Signal (RE11S)",Electronics Computers & Accessories Networking Products Repeaters,"categories: Electronics Computers & Accessories Networking Products Repeaters | features: Whole Home Roaming WiFi Add-on Extender to work with RG21S router to let your WiFi always connect to stronger signal Three modes in one: Wi-Fi extender, access point or Wi-Fi Bridge No hassle with manually switching Wi-Fi network name and password AC1200 concurrent dual-band Wi-Fi with speeds (2.4GHz up to 300Mbps & 5GHz up to 867Mbps) One press of the WPS (Wi-Fi protected setup) button with Zero configuration for Ea… | description: Edimax Gemini RE11S extender builds an intelligent home roaming Wi-Fi signal with one Wi-Fi name and password. The upgrade extender works with any Edimax Gemini whole home d",smart_plug:approved_identity_phrase_absent|smart_plug:identity_not_in_title_or_categories|smart_plug:wrong_product:range extender|smart_switch:approved_identity_phrase_absent|smart_switch:required_target_context_absent,approved_identity_phrase_absent|multi-type conflict|required_target_context_absent,title|features|description,switch,wi fi|wifi,hold,low,insufficient_evidence,Metadata does not clearly establish wall-lighting control.,w3-v1.4.0-draft,d2c7294466c8498aa17dc7a4ab2387254d408050824d671bb6b990713b368dbe
recovery_candidate,B09VNQLTHG,smart_switch,Electronics,Computers,"SAMSUNG Galaxy Tab A8 10.5-inch (1920x1200) WiFi Only Tablet Bundle, Eight-Core Unisoc T618 Processor, Bluetooth, Front & Rear Camera, Smart Switch,Android 11 + Accessories (64GB, Gray)",Electronics Computers & Accessories Computers & Tablets Tablets,"categories: Electronics Computers & Accessories Computers & Tablets Tablets | features: …en display and narrow bezel design, Four speakers that support Dolby Atmos to enhance your movie experience with virtual surround sound, Smart Switch makes it a breeze to move your data and favorite files in three easy steps Powered By Unisoc T618 eight-core processor providing the power to multitask a variety of apps and games, Octa-core Processor, 2 x 2.0GHz + 6 x 2.0GHz, Mali G52 Graphics, Dual HD cameras for phot… | description: Color : Gray RAM : 4GB Memory : 64GB Extra Accessories : 64GB SD Card, Type-C charging cable, Stylus Pen, Cleaning Cloth Screen Size : 10.5-inch (1920x1200) WUXGA Touchscreen",smart_switch:required_target_context_absent,required_target_context_absent,title|features,switch,smart_near_switch|wi fi|wifi,hold,low,insufficient_evidence,Metadata does not clearly establish wall-lighting control.,w3-v1.4.0-draft,d42c0a683619738e70dea6e7a10113f1ad1deebce07e21f910f3623ff13011a9
recovery_candidate,B00BWBLL6S,smart_switch,Electronics,Computers,Netgear ProSAFE 12-Port 10-Gigabit Ethernet Smart Switch (XS712T),Electronics Computers & Accessories Networking Products Switches,"categories: Electronics Computers & Accessories Networking Products Switches | features: 12x 10-Gigabit RJ45 ports + 2 x 10-Gigabit SFP+ combo port 10x the performance of Gigabit, perfect for virtualization or server deployments needing 10 Gigabit performance 1U rackmount form factor Comprehensive networking features such as VLAN, QoS, IGMP and MLD snooping, Static Routing, Link Aggregation, ACL Easy to use Web management GUI, IPv6 management supported LIFETIME WARRANTY LIFETIME Next Business Day Replac… | description: Industry's first 10G Smart Managed Switch, purposely design for SMB with 10G speed and easy management at an affordable cost. As a leading provider of network equipment for SM",smart_switch:required_target_context_absent|smart_switch:wrong_product:ethernet|smart_switch:wrong_product:port,required_target_context_absent|wrong_product,title|description,switch,smart_near_switch,hold,low,insufficient_evidence,Metadata does not clearly establish wall-lighting control.,w3-v1.4.0-draft,d51f7659f01934e44f209bc0e9e574e5ec6e01f6323df12e7d9974612c6855b0
recovery_candidate,B08J7LS9NC,smart_switch,Electronics,Computers,"Multi-Device Wireless Bluetooth Keyboard - Dual Mode Keyboard with Phone Holder - Compatible with Windows, Mac, Chrome OS Computers, iPad, iPhone, Smart TV, Easy-Switch up to 3 Devices, Black","Electronics Computers & Accessories Computer Accessories & Peripherals Keyboards, Mice & Accessories Keyboards","categories: Electronics Computers & Accessories Computer Accessories & Peripherals Keyboards, Mice & Accessories Keyboards | features: …e nano USB receive into your computer or connect via bluetooth and use the keyboard instantly.Connect up to three devices simultaneously and switch between them at the touch of button. Wide Compatibility: Widely Compatible with Cellphone Tablet PC laptop Desktop with Android Windows iOS and Mac OS system. Works on Apple iPad, iPhone, Galaxy Tab, Macbook, Surface pro & More.Automatically recognizes each device and map… | details: Best Sellers Rank Computer Keyboards 5008 Brand VIVEFOX Color Black Compatible Devices Laptop, Smart TV, Tablet Connectivity Techno",smart_switch:approved_identity_phrase_absent|smart_switch:required_target_context_absent,approved_identity_phrase_absent|required_target_context_absent,title|features,switch,smart_near_switch,hold,low,insufficient_evidence,Metadata does not clearly establish wall-lighting control.,w3-v1.4.0-draft,d523a26917af939d7b852c977313aa69efcb68f730cd6ce1ca4346f06c95e24c
recovery_candidate,B07KFSMJL7,smart_switch,Electronics,Computers,Acer Switch SW5-52 Ultra-Portable Touchscreen 2-1 Laptop Intel Core i5 up to 3.1GHz 8GB 256GB SSD 12in QHD LED Dual Cams (Renewed),Electronics Computers & Accessories Computers & Tablets Laptops Traditional Laptops,"categories: Electronics Computers & Accessories Computers & Tablets Laptops Traditional Laptops | features: … Hello 8GB memory; 256GB Solid State Drive; Dual Cameras (Front and Rear); Intel HD Graphics 620; Long Lasting battery; Keyboard Dock Included; Stylus Included 802.11ac WiFi + Bluetooth 4.0 (Dual-band wireless network connectivity for high speed wifi); 1x USB-A 3.0, 1x USB-C 3.1 gen 1, mic/headphone, microSD card reader (microSDXC); Color: Metal Silver / black | description: …ance CPU, so you get powerful computing without ever hearing the whine of a fan. Sporting a powerful 7th generation Intel Core processor1, the Switch 5 is the perfect blend of productivity, portability and flexib",smart_switch:approved_identity_phrase_absent|smart_switch:required_target_context_absent|smart_switch:smart_evidence_not_in_title_or_categories,approved_identity_phrase_absent|required_target_context_absent|smart_evidence_not_in_title_or_categories,title|features|description,switch,wi fi|wifi,hold,low,insufficient_evidence,Metadata does not clearly establish wall-lighting control.,w3-v1.4.0-draft,d61fa224a89c13e7f19b694b1b83502fd3af60597534b3d0e3d2aaa4c20cdbce
recovery_candidate,B00ODVGHI6,smart_switch,Electronics,Computers,Zyxel 24-Port Gigabit Ethernet Smart Managed Switch - Fanless Design with 4 Gigabit Combo Ports [GS1920-24],Electronics Computers & Accessories Networking Products Switches,"categories: Electronics Computers & Accessories Networking Products Switches | features: Smart managed switch with essential L2 features GbE RJ-45, GbE combo (RJ-45/SFP) and fixed GbE SFP connectivity Supports ZON Utility, ZON inter-device features and iStacking facilitates easy network initialization and management Reliable network availability with Loop Guard, IPSG, and CPU protection Smart managed switch with essential L2 features 24x Gbe RJ-45, 4x Gbe combo (RJ-45/SFP) (28 Ports Total) Reliable netwo… | description: Drp-zywall110 | details: Best Sellers Rank Computer Networking Switches 4036 Brand ZYXEL Color Black Compatible Devices PC Date First Available September 16, 2014 Hardware Pl",smart_switch:approved_identity_phrase_absent|smart_switch:required_target_context_absent|smart_switch:wrong_product:ethernet|smart_switch:wrong_product:port,approved_identity_phrase_absent|required_target_context_absent|wrong_product,title|features|details,switch,smart_near_switch,hold,low,insufficient_evidence,Metadata does not clearly establish wall-lighting control.,w3-v1.4.0-draft,d70ceb417c6c5bd7461326825ae4ddae368f2a96106de58bbe16b67e443aa0e8
recovery_candidate,B009LEJJM6,smart_switch,Electronics,Computers,TP-Link 16-Port Gigabit Ethernet Smart Switch with 2-Combo SFP Slots (TL-SG2216),Electronics Computers & Accessories Networking Products Switches,"categories: Electronics Computers & Accessories Networking Products Switches | features: Gigabit Ethernet connections on all ports provide full speed of data transferring Integrated security strategy including 802.1Q VLAN, Port Security and Storm control help protect LAN area investment L2/L3/L4 QoS and IGMP snooping optimize voice and video applications WEB/CLI managed modes, SNMP, RMON bring abundant management features | description: What This Product Does TP-LINK Gigabit Smart Switch TL-SG2216 is equipped with 16 Gigabit RJ45 ports and 2 combo SFP slots. The switch provides high performance, enterprise-level QoS, useful security strategies and rich layer 2 management features. It is a co",smart_switch:required_target_context_absent|smart_switch:wrong_product:ethernet|smart_switch:wrong_product:port,required_target_context_absent|wrong_product,title|description|details,switch,smart_near_switch,hold,low,insufficient_evidence,Metadata does not clearly establish wall-lighting control.,w3-v1.4.0-draft,d95adcdc6e870a90b7f7a5111f1471b13a58f70d2ad7b9f3744956ce36fc7506
recovery_candidate,B003A2SDOU,smart_switch,Electronics,Computers,D-Link DGS-1210-48 48-Port Gigabit Smart Switch with 4 Combo SFP Ports,Electronics Computers & Accessories Networking Products Switches,"categories: Electronics Computers & Accessories Networking Products Switches | features: DGS-1210-48 Smart switch Gigabit 48 ports, dont 4 ports Combo SFP, 96 Gbps, 8 K, 71.4 Mpps, 201.65 BTU/hr | description: D-Link 48-port 10/100/1000 Gigabit Smart Switch including 4 Combo 1000BaseT/SFP | details: Best Sellers Rank Computer Networking Switches 6648 Brand D-Link Compatible Devices Desktop Computer Memory Type DDR3 SDRAM Date First Available July 7, 2010 Department Wired networking Is Discontinued By Manufacturer No Item Dimensions LxWxH 8.27 x 17.32 x 1.73 inches Item Dimensions LxWxH 8.27 x 17.32 x 1.73 inches Item Weight 2.3 Kilograms Item model number DGS-1210-48 Manufacturer D-Link Syst",smart_switch:required_target_context_absent|smart_switch:wrong_product:port,required_target_context_absent|wrong_product,title|features|description,switch,smart_near_switch,hold,low,insufficient_evidence,Metadata does not clearly establish wall-lighting control.,w3-v1.4.0-draft,d98862489559662922245ec42c9441a346cb5abdecb2a220c5556e83903bcda7
recovery_candidate,B09BFWG1KP,smart_switch,Electronics,,"Waterproof 4G Smart Watch for Kids Toddler – Shock Resistant - Nano Sim, GPS Tracking + Safe Zones, Album, Phone Book, WiFi, Camera, SOS, Alarm, Touch Screen, Theme Switch, Voice Chat (Pink)",Electronics Wearable Technology Smartwatches,"categories: Electronics Wearable Technology Smartwatches | features: [GPS Tracker for Kids] Feel your Kid is in Safety with improved GPS tracking watches using Local Base Station systems + GPS + WiFi. Get the alarm prompt on your phone when a child leaves his set area [WiFi 4G Nano Sim] Reliable connection with child is of our main target and care. The Watch supports improved updated 4G networks, WiFi making calls clearer and signals more stable [Voice Messages / Touch Screen] Kids ca… | description: …tions: Processor: Chip SP9820E Display: color touch screen 1.4 inches IPS with a resolution of 240x240 Waterproof: IP67 Material: high quality plastic, silicone Positioning: GPS, LBS, WiFi Batt",smart_switch:approved_identity_phrase_absent|smart_switch:required_target_context_absent,approved_identity_phrase_absent|required_target_context_absent,title|features|description,switch,wi fi|wifi,hold,low,insufficient_evidence,Metadata does not clearly establish wall-lighting control.,w3-v1.4.0-draft,d997ddff2d57713027e7ea74d3a11bffe51912c884fac149f7462af8ade7b99c
recovery_candidate,B000HDLA22,smart_switch,Electronics,All Electronics,Netgear ProSafe 48-Port Gigabit Smart Switch (GS748TNA),Electronics Computers & Accessories Networking Products Switches,"categories: Electronics Computers & Accessories Networking Products Switches | features: Contents: 48-port Gigabit Smart Switch GS748T, Rubber footpads, Power cord, Rack-mount kit, Smart Switch Resource CD, Smart Switch Installation guide 4 SFP slots for fiber Gigabit Ethernet modules IEEE 802.1Q Tag VLAN (up to 64 Static VLAN groups) Port-based VLAN (up to 48 groups) IEEE 802.1p (Class of Service) | description: Ideal for combining 10, 100, and 1000 Mbps devices it delivers 10/100/1000 automatic speed and full/half-duplex sensing plus Auto Uplink on every port. | details: Best Sellers Rank Computer Networking Switches 3763 Brand NETGEAR Color Blue Compatible Devices Desktop Date First Avail",smart_switch:required_target_context_absent|smart_switch:wrong_product:port,required_target_context_absent|wrong_product,title|features,switch,smart_near_switch,hold,low,insufficient_evidence,Metadata does not clearly establish wall-lighting control.,w3-v1.4.0-draft,da933d8b6bb4cb9487bd76934f8d808dc205b1d127acf54b7c5d8e3f8619cbdf
recovery_candidate,B07XYN76W9,smart_switch,Electronics,Computers,JSER KVM USB 2.0 Switch Selector 2 Port PCs Sharing 4 Devices Compatible for Keyboard Mouse Scanner Printer (USB 2.0),Electronics Computers & Accessories Computer Components External Components KVM Switches,"categories: Electronics Computers & Accessories Computer Components External Components KVM Switches | features: Kindly Note: 1) There are USB 3.0/USB 2.0 Models optional,please place order according to your actual needs. 2) This switch requires manual control to select the active computer port; it can not automatically switch between ports. 3) Using the provided 1.5M cables to connect the USB switch to your computers and to keep the USB cable which connects your peripheral to the USB switch under 6ft/1.8m. 4) Please use standa… | description: KVM USB 2.0 or USB 3.0 Switch Selector 2 Port PCs Sharing 4 Devices for Keyboard Mouse Scanner Printer It's ideal for sharing a printer or scanner in ",smart_switch:approved_identity_phrase_absent|smart_switch:required_target_context_absent|smart_switch:smart_evidence_not_in_title_or_categories|smart_switch:wrong_product:port,approved_identity_phrase_absent|required_target_context_absent|smart_evidence_not_in_title_or_categories|wrong_product,title|features|description|details,switch,wi fi|wifi,hold,low,insufficient_evidence,Metadata does not clearly establish wall-lighting control.,w3-v1.4.0-draft,dbb0523ea910fc0ff7d9cd853fd6c6c1ea7dd546626fe60df5dafb9cd4921460
recovery_candidate,B0BXJB7MJ1,smart_switch,Electronics,All Electronics,"AuviPal 140W Magnetic USB C Adapter with 3 Magnetic Connectors Tips Heads for MacBook, Switch, Notebook, Laptop, Smart Tablets & Phones and More Type C Devices",Electronics Computers & Accessories Computer Accessories & Peripherals Computer Cable Adapters USB-to-USB Adapters,"categories: Electronics Computers & Accessories Computer Accessories & Peripherals Computer Cable Adapters USB-to-USB Adapters | features: …to the ultra compact design, the male USB C and female USB C connector Passes 10,000+ push and pull tests. Plug and play, Compatible with Steam Deck, Nintendo Switch, Oculus Quest, VR, Macbook Pro/Air, iPad, Game Consoles, PC, Laptop, Tablet, Mobile Phone and More USB Type C devices. | details: Best Sellers Rank Computer Cables & Interconnects 6238 USB-to-USB Adapters 260 Brand AuviPal Color Black Compatible Devices MacBook, Switch, Notebook, Tablets & Phones and More Type C Devices Connector Gender Male-to-Female Connector Type USB Type C Country of Ori",smart_plug:approved_identity_phrase_absent|smart_plug:identity_not_in_title_or_categories|smart_switch:approved_identity_phrase_absent|smart_switch:required_target_context_absent,approved_identity_phrase_absent|multi-type conflict|required_target_context_absent,title|features|details,switch,smart_near_switch,hold,low,insufficient_evidence,Metadata does not clearly establish wall-lighting control.,w3-v1.4.0-draft,dc751d938007ee77261d7184dbdb2efbb6e8992bea1d27c129406df860feac8f
recovery_candidate,B09WDMB54W,smart_switch,Electronics,All Electronics,"Laivli Echo Show 15 Stand, Swivel and Tilt Stand for Echo 15, Adjustable Foldable Stand with 360 Degree Rotatable Base, Easy Switch Device in Portrait and Landscape Orientations",Electronics Computers & Accessories Tablet Accessories Stands,"categories: Electronics Computers & Accessories Tablet Accessories Stands | features: … a foldable and portable function that makes it convenient to move anywhere, which is great for kitchen, bedroom, living room, office, etc. STABILITY: This alexa show 15 mount is made of thickened aluminum alloy material with well built. The round base enhances much greater stability. Thickened rod supports your device solidly and multiple anti-skid pads can prevent device from tip-over. PACKAGE LIST AND NOTE: The pa… | details: Best Sellers Rank Tablet Stands 51 Brand Laivli Color Silver Compatible Devices Tablets Compatible Phone Models ipad/Tablet/show 15 Country of Origin China Date First Available Mar",smart_switch:approved_identity_phrase_absent|smart_switch:required_target_context_absent|smart_switch:smart_evidence_not_in_title_or_categories,approved_identity_phrase_absent|required_target_context_absent|smart_evidence_not_in_title_or_categories,title|features,switch,alexa,hold,low,insufficient_evidence,Metadata does not clearly establish wall-lighting control.,w3-v1.4.0-draft,dcb4ee29e0e73f331e1a96603ccec8c4c0d4d737353c9d2ab6b1c55754f72544
recovery_candidate,B08BZ5LMGN,smart_switch,Home_and_Kitchen,Amazon Home,"YestBuy 2 Pack Clear Acrylic Floating Wall Shelves, Display Shelf, Floating Corner Shelves, Small Display Shelf with Cable Clips for Smart Speaker,Webcam, Switch, Electronics",Home & Kitchen Home Décor Products Home Décor Accents Floating Shelves,"categories: Home & Kitchen Home Décor Products Home Décor Accents Floating Shelves | features: …Y】 Acrylic wall shelf can freestyle decor design and extend storage space. Perfect decor start from this wall shelves to display Smart Speaker/webcam/Switch/Electronics Pop Figures, for living room, bedroom, bathroom. 【EASY TO INSTALL】The acrylic display shelf is easy to install, equipped with 3M adhesive strips and screws, two installation methods, you can drill holes in the wall and use screws to install, or you ca… | details: Age Range (Description) Adult Assembly Required Yes Best Sellers Rank Floating Shelves 3357 Home & Kitchen 1217232 Storage Racks, Shelves & Drawers 4491 Brand YestBuy Date",smart_switch:approved_identity_phrase_absent,approved_identity_phrase_absent,title|features,switch,smart_near_switch,hold,low,insufficient_evidence,Metadata does not clearly establish wall-lighting control.,w3-v1.4.0-draft,dcf8d45f92e32ebe31f0e49806e5715c21edf56cccbc95361ff791c1118c1f77
recovery_candidate,B00Y2983X6,smart_switch,Home_and_Kitchen,Amazon Home,"Dimmer Light Timer Controller,TC420 12V/24V Time Cotrollers Programmable Timers Digital Box Switch-Lights Smart for Christmas Light Led Strip Aquarium Light Pool Plant Lamps Indoor Lighting",Home & Kitchen Kitchen & Dining Kitchen Utensils & Gadgets Thermometers & Timers Timers,"categories: Home & Kitchen Kitchen & Dining Kitchen Utensils & Gadgets Thermometers & Timers Timers | features: …me Not only the light strip as long as the electronic equipment conforms to 12V to 24V and the power does not exceed 480W,. The intelligent Timer dimmer controller can be programmed, especially suitable for aquarium lights, interior decoration light bars, plant growth lights, pool lights, boat light bars, and other low-voltage safety electronic equipments. This Dimmer Controller can control load of led changing effec… | description: Features LED Dimmer Timer Controller Color: Black. Color: Black. Material: Aluminum. Material: Aluminum. Size: 12x6.9x2.4 cm/4.72x2.72x0.94 inch Size:",smart_switch:approved_identity_phrase_absent|smart_switch:conditional_without_specific_smart_control_evidence,approved_identity_phrase_absent|conditional_without_specific_smart_control_evidence,title|features|description,dimmer|switch,smart_near_switch,hold,low,insufficient_evidence,Metadata does not clearly establish wall-lighting control.,w3-v1.4.0-draft,ddc08107e35b93ce98e2e9011d7f3bcdd1a20e449d337f73e78062711801f7d5
recovery_candidate,B000I0VLF0,smart_switch,Electronics,Computers,CNet CSH-2402S 24-Port 10/100 Smart Switch,Electronics Computers & Accessories Networking Products Switches,"categories: Electronics Computers & Accessories Networking Products Switches | features: Main Specifications Product Description CNet Smart Switch CSH-2402S - switch - 24 ports Device Type Switch Form Factor External Dimensions (WxDxH) 17.4 in x 5.1 in x 1.7 in Ports Qty 24 x Ethernet 10Base-T, Ethernet 100Base-TX Data Transfer Rate 100 Mbps Data Link Protocol Ethernet, Fast Ethernet Auxiliary Network Ports 2x100BaseFX Communication Mode Half-duplex, full-duplex - NOTE: THIS PRODUCT CANNOT BE SHIPPED TO … | description: CSH-2402 Series is CNet's 24 port 10/100Mbps smart switch with 2 shared selectable copper/fiber ports. This new switch not only provides the basic features of a 10/100 Mbps s",smart_switch:required_target_context_absent|smart_switch:wrong_product:port,required_target_context_absent|wrong_product,title|features|description,switch,smart_near_switch,hold,low,insufficient_evidence,Metadata does not clearly establish wall-lighting control.,w3-v1.4.0-draft,e132033c1654b271892105ed6695e78801d6566dc3dfae49a7047b05073b97cb
recovery_candidate,B0897VM8GQ,smart_switch,Electronics,All Electronics,"Aura 2K Smith Smart Digital Picture Frame 10 Inch WiFi Cloud Digital Frame, Free Unlimited Storage Share Photos Via App, Auto Rotate Auto Dimmer Alexa Compatible",,"details: Brand AURA Compatible Devices Smartphone Connectivity Technology Wi-Fi Date First Available May 27, 2020 Human Interface Input Touch Bar Item Weight 5.19 pounds Item model number Smith Manufacturer Aura Home, Inc. Product Dimensions 11.75 x 3.3 x 9.79 inches Screen Size 10 Inches",smart_switch:approved_identity_phrase_absent,approved_identity_phrase_absent,title|details,dimmer,alexa|wi fi|wifi,hold,low,insufficient_evidence,Metadata does not clearly establish wall-lighting control.,w3-v1.4.0-draft,e19b87a6049af3ed21c8f0f8e681fac5879571a1cdc8cfde517cc2400dd81cea
recovery_candidate,B0151Z7V1E,smart_switch,Electronics,Computers,"Smart Switch 6, ZW096-A02, by Aeotec, Cert ID: ZC10-15050012",Electronics Computers & Accessories Networking Products Switches,"categories: Electronics Computers & Accessories Networking Products Switches | features: Smart Switch 6 is a plug-in on/off switch module that also provides energy metering. Z-Wave Certification ID: ZC10-15050012 Frequency Region: U.S./Canada/Mexico, Z-Wave Library Version: 6.51.06 Device Categories: All Lighting Devices,On/Off Switches/Devices Supported Command Classes: Meter,Firmware Update,Binary Switch,Clock,Configuration,Color Switch,All Switch,Association,AGI,Security,Powerlevel,Multilevel Switch | description: Aeotec Smart Switch 6 is a low-cost Z-Wave Switch plug-in module specifically used to enable Z-Wave command and control (on/off) of any plug-in tool. It can report immediate wat",smart_plug:approved_identity_phrase_absent|smart_plug:identity_not_in_title_or_categories|smart_switch:required_target_context_absent,multi-type conflict|required_target_context_absent,title|features|description|store,switch,smart_near_switch|z wave,hold,low,insufficient_evidence,Metadata does not clearly establish wall-lighting control.,w3-v1.4.0-draft,e315ae7775837da7ab6d354925c778d638455764293e40bd1900a5ccceb3939a
recovery_candidate,B08BC6RYJ6,smart_switch,Home_and_Kitchen,,"HOBFU 300ml Automatic Soap Dispenser, Soap Dispenser, Fully Automatic Non-Contact Smart Foam, One Key Switch,Modern Simplicity,Used in Bathroom Kitchen Restroom",Home & Kitchen Bath Bathroom Accessories Holders & Dispensers Dispensers Countertop Soap Dispensers,"categories: Home & Kitchen Bath Bathroom Accessories Holders & Dispensers Dispensers Countertop Soap Dispensers | details: Best Sellers Rank Bathroom Countertop Soap Dispensers 7225 Home & Kitchen 4336886 Brand HOBFU Date First Available June 30, 2020 Item Weight 11 ounces Material PC, Acrylonitrile butadiene styrene Number of Sets 1 Package Dimensions 9.45 x 4.25 x 3.23 inches",smart_switch:approved_identity_phrase_absent|smart_switch:required_target_context_absent|smart_switch:wrong_product:key switch,approved_identity_phrase_absent|required_target_context_absent|wrong_product,title,switch,smart_near_switch,hold,low,insufficient_evidence,Metadata does not clearly establish wall-lighting control.,w3-v1.4.0-draft,e3773bbfed788be6c50ddec0f068032f08a452b01f261a5343f388a9167e2658
recovery_candidate,B07HCBT63R,smart_switch,Electronics,Portable Audio & Accessories,DollaTek 12V ESP8266 Four Ways WiFi Relay IOT Smart Home Cepphone APP Remote Control Switch,,"features: Two working mode : Mode 1:cellphone carry on wifi module directly Mode 2: cellphone and wifi module carry on router together Additional function :work as USB module when remove ESP-01 module Transmission distance: (1) the open environment, when the mobile phone carrying on the WIFI module ,maximum transmission distance is 100 m; (2), when the WiFI module and cell phone carrying on the router at the same time, the sig… | description: …act details as below ：(1)When extinguished, it is being configured or disconnected from the router.(2)0.5s fast blinking represents cellphone app is configuring WIFI account and password for ESP-01 module(3) 2S slow blinking to configure finished ,and ",smart_switch:approved_identity_phrase_absent|smart_switch:required_target_context_absent|smart_switch:wrong_product:relay,approved_identity_phrase_absent|required_target_context_absent|wrong_product,title|features|description|details,switch,smart home|wi fi|wifi,hold,low,insufficient_evidence,Metadata does not clearly establish wall-lighting control.,w3-v1.4.0-draft,e5f5e806a6ed80198ed24ce266aee8a5a08a5fd905b7ca3b5a39188a0e476a5f
recovery_candidate,B09831YM7S,smart_switch,Electronics,All Electronics,"D-Link 6-Port 10GB & 2.5GB Unmanaged Gaming Switch with 1 x 10G, 5 x 2.5G - Multi-Gig, Network, Fanless, Plug & Play, Colored Indicator (DMS-106XT)",Electronics Computers & Accessories Networking Products Switches,"categories: Electronics Computers & Accessories Networking Products Switches | features: 5 x 2.5 Gbps Ethernet Ports for unrestricted Wi-Fi 6 or AP connections 1 x 10 Gbps Ethernet Port for uplink or NAS server connection Smart Turbo Mode delivers Quality of Service (QoS) and port-based priority for uninterrupted online gaming and 4K streaming. Perfect for multiplayer gaming parties and 10G/5G fiber internet. Power efficiency design for low power consumption Colored indicators conveniently indicates port… | description: High-speed solution for next-generation home network - 2.5GE high-speed Ethernet port connects next-generation PC, 10GPON or G.fast modem - 10G Ethernet port for non-blocking",smart_plug:approved_identity_phrase_absent|smart_plug:smart_evidence_not_in_title_or_categories|smart_plug:wrong_product:plug and play|smart_switch:approved_identity_phrase_absent|smart_switch:required_target_context_absent|smart_switch:smart_evidence_not_in_title_or_categories|smart_switch:wrong_product:network|smart_switch:wrong_product:port,approved_identity_phrase_absent|multi-type conflict|required_target_context_absent|smart_evidence_not_in_title_or_categories|wrong_product,title|features,switch,wi fi|wifi,hold,low,insufficient_evidence,Metadata does not clearly establish wall-lighting control.,w3-v1.4.0-draft,e77a3c6e67c1bbd835c9e526d288d8d3cb814c5110de7426b77c92450ad5efe9
recovery_candidate,B0B4VGS7DR,smart_switch,Home_and_Kitchen,Amazon Home,"Sandman Clocks Doppler Smart Clock & Speaker with 6 Charging Ports and Alexa Multifunctional Bedside Clock with Alexa Built-in, Alarm, Smart Buttons, Premium Sound, Auto Dimmer - Blackout",Home & Kitchen Home Décor Products Clocks Alarm Clocks,"categories: Home & Kitchen Home Décor Products Clocks Alarm Clocks | features: …IDE TABLE: Combining a sleek design with an auto-dimming display, a large snooze button and dedicated smart buttons that can silently trigger Alexa Routines, this is the best smart alarm clock for your bedroom. The large, clear, discrete LED screen can also be dimmed down to zero if you like sleeping in total darkness. Local weather and temperature details provided too! A CHARGING STATION WITH MULTIPLE USB PORTS: Dop… | details: Age Range (Description) Adult Alarm Clock Yes Are Batteries Included Yes Batteries 1 Lithium Ion batteries required. (included) Best Sellers Rank Alarm Clocks 1634 Home & Kitchen 883902 B",smart_switch:approved_identity_phrase_absent,approved_identity_phrase_absent,title|features,dimmer,alexa|smart home,hold,low,insufficient_evidence,Metadata does not clearly establish wall-lighting control.,w3-v1.4.0-draft,e7d89f6762a16994f08d016d6df05bcc33b5ca6216cac9b7310a203ff885ebd7
recovery_candidate,B07G33LNDY,smart_switch,Electronics,Computers,"SHELLY 1 One Relay Switch Wireless WiFi Home Automation iOS Android Application - 1 Pack Non UL (1, Count)",Electronics Computers & Accessories Networking Products Routers,"categories: Electronics Computers & Accessories Networking Products Routers | details: Best Sellers Rank Computer Routers 950 Computers & Accessories 26889 Brand Shelly Connectivity Protocol Wi-Fi Connector Type Wireless Control Method Voice Controller Type iOS, Android Date First Available July 31, 2018 Is Discontinued By Manufacturer No Item Dimensions LxWxH 1.61 x 1.42 x 0.67 inches Item Weight 0.705 ounces Item model number INS903 Manufacturer Allterco Robotics EOOD Mounting Type Wall Mount Operati…",smart_switch:approved_identity_phrase_absent|smart_switch:required_target_context_absent|smart_switch:wrong_product:relay,approved_identity_phrase_absent|required_target_context_absent|wrong_product,title|details,switch,wi fi|wifi,hold,low,insufficient_evidence,Metadata does not clearly establish wall-lighting control.,w3-v1.4.0-draft,e7f4da2d3fc6a44ddef2e8dfd8c1576f51d15a0f29897fed6dc9dce787d16e5e
recovery_candidate,B07T6BZ8JG,smart_switch,Electronics,Computers,"TRENDnet 52-Port Gigabit Web Smart Switch, 48 Gigabit RJ-45 Ports, 4 Shared Gigabit Ports (RJ-45 or SFP), VLAN, QoS, LACP, IPv6, Lifetime Protection, TEG-524WS,Black",Electronics Computers & Accessories Networking Products Switches,"categories: Electronics Computers & Accessories Networking Products Switches | features: ETHERNET PORT INTERFACE: 48 x Gigabit Ports; 4 x Shared Gigabit Ports (RJ-45/SFP) SWITCHING CAPACITY: The Web Smart Gigabit switch provides 48 gigabit (RJ-45) ports, 4 shared gigabit ports (RJ-45 or SFP), a 104Gbps switching capacity, a built-in power supply, and rackmount brackets. WEB SMART MANAGEMENT: The 52 Port Switch provides an easy to use web-based GUI management for reduced switch configuration complexity an… | description: TRENDnet’s 52-Port Gigabit Web Smart Switch, model TEG-524WS, delivers advanced management features with a 104Gbps switching capacity. This rack mountable IPv6 ready switch c",smart_switch:required_target_context_absent|smart_switch:wrong_product:port,required_target_context_absent|wrong_product,title|features|description,switch,smart_near_switch,hold,low,insufficient_evidence,Metadata does not clearly establish wall-lighting control.,w3-v1.4.0-draft,e8ae0645cb3d8416e36108c82d6542923ff39960dd62413031afd63bf54ba223
recovery_candidate,B004GQL3ZU,smart_switch,Electronics,Computers,Cisco SLM2016T SG200-18 18-Port Gigabit Smart Switch,Electronics Computers & Accessories Networking Products Switches,"categories: Electronics Computers & Accessories Networking Products Switches | features: SMART SWITCH WITH 2 COMBO SFPS IN | description: Small Business 200 Series Switch SG200-18 - 16 10/100/1000 Mbps ports + 2 SFP Gigabit ports | details: Brand Cisco Compatible Devices Desktop Date First Available December 19, 2011 Flash Memory Size 16 Is Discontinued By Manufacturer No Item Dimensions LxWxH 7.99 x 17.35 x 1.74 inches Item Dimensions LxWxH 7.99 x 17.35 x 1.74 inches Item Weight 2.01 Kilograms Item model number SLM2016T-EU Manufacturer CISCO SYSTEMS - ENTERPRISE Number of Ports 16 Product Dimensions 7.99 x 17.35 x 1.74 inches RAM 128 MB",smart_switch:required_target_context_absent|smart_switch:wrong_product:port,required_target_context_absent|wrong_product,title|features|description,switch,smart_near_switch,hold,low,insufficient_evidence,Metadata does not clearly establish wall-lighting control.,w3-v1.4.0-draft,e95ab1d4caf9b5069880154df3a39d374dfc1d3a6ca62bdb82b448e3b1e8b927
recovery_candidate,B00AI9H5J2,smart_switch,Electronics,Computers,D-Link Systems 20-Port Gigabit Web Smart Switch including 4 Gigabit SFP Ports (DGS-1210-20),Electronics Computers & Accessories Networking Products Switches,"categories: Electronics Computers & Accessories Networking Products Switches | features: D-Link DGS-1210-20 Ethernet Switch 20 Ports - Manageable - 4 x Expansion Slots - 10/100/1000Base-T - Shared SFP Slot - 4 x SFP Slots - 2 Layer Supported - Desktop, Rack-mountable The D-Link DGS-1210 Series is the latest generation of Web Smart switches to feature D-Link Green technology. Equipped with 10, 16, 24, or 48 10/100/1000Mbps ports and two or four combo 10/100/1000BASE-T/SFP ports, the series integrates adva… | details: Brand D-Link Compatible Devices Desktop Item Dimensions LxWxH 7.08 x 11.02 x 1.73 inches Item Weight 0.02 Pounds Number of Ports 16",smart_switch:required_target_context_absent|smart_switch:wrong_product:port,required_target_context_absent|wrong_product,title|features,switch,smart_near_switch,hold,low,insufficient_evidence,Metadata does not clearly establish wall-lighting control.,w3-v1.4.0-draft,e9a2fcfc3d3730bd003a5b5e940b7ba823be5b17f7d41527eb810513e42225bc
recovery_candidate,B01NCSRGX6,smart_switch,Electronics,All Electronics,"TRENDnet 48-Port 10/100/1000 Mbps Gigabit Web Smart Switch with 4 Shared SFP Slots, Private & Voice VLAN Support, IPv6, Fanless, Rack Mountable, TEG-448WS",Electronics Computers & Accessories Networking Products Switches,"categories: Electronics Computers & Accessories Networking Products Switches | features: IPv6, 802.3ad, Private and Voice VLAN support 48 x Gigabit ports 4 shared SFP slots Rack-mount metal housing Smart fans reduce energy consumption LIFETIME WARRANTY & TOLL-FREE TECH SUPPORT- TRENDnet backs this product with a Limited Lifetime manufacturer warranty as well as toll-free tech support | description: TRENDnet’s 48 Port Gigabit Web Smart Switch, model TEG-448WS, delivers advanced management features with a 96 Gbps switching capacity. This rack-mountable IPv6 ready switch comes with an intuitive web-browser interface, and smart fans which turn on when needed. Advanced traffic management, access,",smart_switch:required_target_context_absent|smart_switch:wrong_product:port,required_target_context_absent|wrong_product,title|description|details,switch,smart_near_switch,hold,low,insufficient_evidence,Metadata does not clearly establish wall-lighting control.,w3-v1.4.0-draft,e9f853c14f7955fcf84ab8ed82601ec2145ad145b8d20d38cf4a2c359881f310
recovery_candidate,B07DWCWW3N,smart_switch,Electronics,All Electronics,Switchmate Light Switch Systems Toggle - Wireless Wall Switch,,"features: Brand New in box. The product ships with all relevant accessories | description: Set up your smart lighting with Switchmate! There’s no need to rewire sockets or replace any bulbs, the Switchmate quickly installs by snapping over your home’s existing light switch plate. Custom schedule your lighting your way, and be greeted automatically by lights as you arrive home. With a built in motion sensor, there’s no need to ever enter a dark room again! Switchmate is designed with you in mind, offering v… | details: Date First Available June 20, 2018 Item Weight 6.4 ounces Manufacturer Switchmate Product Dimensions 7.1 x 1.5 x 3.6 inches",smart_switch:smart_evidence_not_in_title_or_categories,smart_evidence_not_in_title_or_categories,title|description,existing light switch|light switch|switch|wall switch,google assistant|voice control,include,medium,correct_target,"Primary switch identity, wall-lighting context, and connected-control evidence are all present.",w3-v1.4.0-draft,ea6deacccab2ef49ff78056d63ecb54ac1188ec907a614f756d655f9d8cdb42b
recovery_candidate,B0BJLCWLC7,smart_switch,Electronics,All Electronics,"Aluminum Desktop Stand for Echo Show 15, Echo Show 15 Stand Swivel and Tilt, Adjustable and Foldable Stand with 360 Degree Rotatable Base, Multi-Angles, Easy Switch Device in Portrait and Landscape",Electronics Accessories & Supplies Mounts Speaker Mounts,"categories: Electronics Accessories & Supplies Mounts Speaker Mounts | features: Unique Design: This aluminum desktop stand is designed for the All-New Alexa Echo Show 15 (also fits show 8 and show 5). It can also fit tablets from 10-17 inches. Just place your device on this stand without any tools and fit the support block of the stand to the back of your device perfectly. 360° Rotation and Tilt: With a 360-degree swivel base and adjustable support bar, you can easily rotate and tilt your device… | details: Best Sellers Rank Speaker Mounts 378 Brand Putimom Compatible Devices Tablets, Echo Show 15 Compatible Phone Models Desktop, Tablets Country of Origin Hong Kong Date First Available Nove",smart_switch:approved_identity_phrase_absent|smart_switch:required_target_context_absent|smart_switch:smart_evidence_not_in_title_or_categories,approved_identity_phrase_absent|required_target_context_absent|smart_evidence_not_in_title_or_categories,title|features,switch,alexa,hold,low,insufficient_evidence,Metadata does not clearly establish wall-lighting control.,w3-v1.4.0-draft,ea7712a948eb7b03932d48f8df888b7d21c414ed4db1f8fe49be5478d93363b5
recovery_candidate,B0861NX6H2,smart_switch,Electronics,Industrial & Scientific,ezOutlet5 - Internet Enabled IP & WiFi Remote Power Switch with Reboot (AC Power/Single Outlet/iOS/Android/Cloud/Web Controllable) - Newest Model (EZ-72b),Electronics Computers & Accessories Networking Products,"categories: Electronics Computers & Accessories Networking Products | features: …matically Restart Remote Equipment such as Modems, Routers, PCs or Security Cameras when they Crash, Freeze or Lock-Up Connects to your LAN via 2.4G WiFi or 10/100 Ethernet Schedule Multiple Automatic Power Cycles (e.g. ON at 6 AM, OFF at 9 PM) Free Monitor & Control App for iPhone / iPad / Android Phones & Tablets or use Cloud & Web Interfaces | details: …em Dimensions LxWxH 4.3 x 3 x 1.4 inches Item model number EZ72b Manufacturer Proxicast Product Dimensions 4.3 x 3 x 1.4 inches; 14.89 Ounces Switch Type Toggle Switch",smart_plug:approved_identity_phrase_absent|smart_switch:approved_identity_phrase_absent|smart_switch:required_target_context_absent,approved_identity_phrase_absent|multi-type conflict|required_target_context_absent,title|features|details,switch,wi fi|wifi,hold,low,insufficient_evidence,Metadata does not clearly establish wall-lighting control.,w3-v1.4.0-draft,ea7803b546c24e10f704abd36045b387cdca6a30d5b2fbdd2836b938d726a984
recovery_candidate,B0B21C45ST,smart_switch,Electronics,All Electronics,"WWZMDiB((((1Pcs)))) ESP-01S Relay Control Module,You Will Easy to DIY Your Smart Switch to Control Any Device by Your Phone Anywhere.",,"details: Date First Available September 21, 2022 Manufacturer WWZMDiB",smart_switch:required_target_context_absent|smart_switch:wrong_product:relay,required_target_context_absent|wrong_product,title,switch,smart_near_switch,hold,low,insufficient_evidence,Metadata does not clearly establish wall-lighting control.,w3-v1.4.0-draft,eac29d33632a101aaeb59265e9453e5bb416166095836114a976f26fbd610250
recovery_candidate,B0BN5LSFMY,smart_switch,Electronics,Computers,"Samsung Galaxy Tab A8 10.5” 32GB Android Tablet w/LCD Screen, Long Lasting Battery, Kids Content, Smart Switch, Expandable Memory, US Version, Dark Gray, w/64GB Micro SD Card",Electronics Computers & Accessories Computers & Tablets Tablets,"categories: Electronics Computers & Accessories Computers & Tablets Tablets | features: …ibrary of safe and fun games, books and videos that are kid friendly and parent approved Easiest. Transfer. Ever: No matter what operating system you're using, Smart Switch makes it a breeze to move your data and favorite files in three easy steps | description: …ry Expandable Memory Compatibility: microSD Compatibility Operating System: Android 11 Operating System Compatibility: Android 11 Works With: Bixby, Google Assistant, SmartThings Connectivity Wireless Connectivity: Wi-Fi Network Connectivity: None Headphone Jack: Yes Power Power Supply Input: USB Type C Charging Interface(s): USB Type C Battery ",smart_switch:required_target_context_absent,required_target_context_absent,title|features|description,switch,google assistant|smart_near_switch|smartthings|wi fi|wifi,hold,low,insufficient_evidence,Metadata does not clearly establish wall-lighting control.,w3-v1.4.0-draft,eb60619630e0bd25a1b7b2a2ea981a441130ec9639e842fef1dcc608e7c67dd3
recovery_candidate,B000ZKH6LG,smart_switch,Electronics,All Electronics,8G+ 1 Sfp Web Smart Switch,Electronics Computers & Accessories Networking Products Switches,"categories: Electronics Computers & Accessories Networking Products Switches | features: Features - 32-bit PCI v2.2 Bus interface Store-and-Forward switching method Supports flow control IEEE 802.3x for full-duplex mode and backpressure flow control for half-duplex mode Self-defines 256 bytes memory I/O or register I/O based command and status register | description: Gigabit Ethernet Solution LevelOne GSW-0841 Gigabit switch equips 8 Gigabit ports that lead you to a real Gigabit connection. Users are now able to transfer large and high bandwidth-needed files faster and hence get a real efficiency improvement. In addiotion to the copper ports, the one of the ports support fiber connection wit",smart_switch:required_target_context_absent,required_target_context_absent,title|description,switch,smart_near_switch,hold,low,insufficient_evidence,Metadata does not clearly establish wall-lighting control.,w3-v1.4.0-draft,ec6cd40fcec2f6793eb949f366b19b24db13d88758cd5acde61a18a048b01e81
recovery_candidate,B0C6P79WL5,smart_switch,Electronics,,"Projector with WiFi and Bluetooth, 5G WiFi Projector, Native1080P Portable Outdoor Projector with Remote Control, 9000Lux Movie 4K Projector Compatible with Smartphone/TV Stick/PS4/Laptop/Switch",Electronics Video Projectors,"categories: Electronics Video Projectors | features: …video experience.This Full HD 1080p projector has a high brightness rating of 9000 lumens for brighter, clearer and more vivid pictures and videos. 【❤️‍🔥Stable WiFi Connection & Mini Projector】- With latest dual-band 2.4G and 5G WiFi Connection, Pericat wifi projector offers you a more stable connection and lag-free online video, music enjoyment.This mini projector is only 5.5”x4.7”x2” (1lb), almost the size of your … | details: …ensions 6.3 x 5.12 x 2.76 inches Speaker Type Built-In Special Features ★ Dual Buit-in Speakers, ★ Equipped with Cooling system, Low Noise, ★ 5G+2.4G WiFi and 5.1 Bluetooth, ★ Supports Table, Tripod, Ceiling Inst",smart_switch:approved_identity_phrase_absent|smart_switch:required_target_context_absent,approved_identity_phrase_absent|required_target_context_absent,title|features|details,switch,wi fi|wifi,hold,low,insufficient_evidence,Metadata does not clearly establish wall-lighting control.,w3-v1.4.0-draft,ec8235b8a0d7af6772774b8c1e4db8794aef5153ab030359d5213431cd51e9bd
recovery_candidate,B00YRYA2IA,smart_switch,Electronics,Industrial & Scientific,HPE OfficeConnect 1950 48-Port Gig Smart Switch-48xGE|2xSFP+|2x10GBASE-T (JG961A#ABA),Electronics Computers & Accessories Networking Products Switches,"categories: Electronics Computers & Accessories Networking Products Switches | details: Actuator Type Push Button Brand Aruba a Hewlett Packard Enterprise company Connectivity Protocol Wi-Fi Date First Available December 27, 2015 International Protection Rating IPv6, IP4 Is Discontinued By Manufacturer No Item Dimensions LxWxH 17.32 x 14.17 x 1.73 inches Item model number JG961A#ABB Manufacturer Aruba a Hewlett Packard Enterprise company Material Copper Mounting Type Surface Mount Product Dimensions 17.…",smart_switch:required_target_context_absent|smart_switch:wrong_product:port,required_target_context_absent|wrong_product,title|details,switch,smart_near_switch|wi fi|wifi,hold,low,insufficient_evidence,Metadata does not clearly establish wall-lighting control.,w3-v1.4.0-draft,ecf742fd4762266f2beee08c6fc3c1fff72a838673913e8408e5667e24306453
recovery_candidate,B0B2X1CKHK,smart_switch,Electronics,Industrial & Scientific,"Wildgame Innovations outdoor Switch Lightsout, 20 Megapixels, Lightsout Technology, Weather Resistant, Photo and Video (WGI-WGICM0722),720p",Electronics Camera & Photo Lighting & Studio Lighting On-Camera Video Lights,"categories: Electronics Camera & Photo Lighting & Studio Lighting On-Camera Video Lights | features: …moisture Up to 1 year battery life Requires 8 AA batteries and SD card required (not included) Unit count: 1.0 Wireless communication technology: Wi-Fi | description: Three buttons: that’s all it takes to get the Switch Lightsout fully operational. This dummy-proof trail camera is so easy to set up, even first-time hunters and kids can figure it out. Choose a capture mode, delay setting and time zone – and you’re done. The Switch captures crisp, 20-megapixel images and 720p HD videos, and updates the date and time automatically (even during Daylight Savings). The Switch Lightsout …",smart_switch:approved_identity_phrase_absent|smart_switch:smart_evidence_not_in_title_or_categories,approved_identity_phrase_absent|smart_evidence_not_in_title_or_categories,title|features|description|details,switch,wi fi|wifi,hold,low,insufficient_evidence,Metadata does not clearly establish wall-lighting control.,w3-v1.4.0-draft,ed60ccc3d9f5729ff961ed69b8df1a05d31f8d17acfe51a009805b991f8b9922
recovery_candidate,B003PQO5U2,smart_switch,Home_and_Kitchen,Amazon Home,Generac RTSX100A3 Nexus Smart Switch 100 Amp (Discontinued by Manufacturer),,"features: More backup coverage with a smaller generator Additional DLM Modules can manage up to four more large electrical loads (sold separately) Aluminum enclosure 120/240 1 NEMA 3R | description: Engineered with Generac's Digital Load Management (DLM) technology, the Nexus Smart Switch is the smartest transfer switch on the market. It has the ability to cycle on and off two air conditioners without adding additional components, allowing for a smaller generator to cover more circuits than when paired with a standard transfer switch. | details: Department Unisex Adult Is Discontinued By Manufacturer Yes Item Weight 19.75 pounds Item model number RTSX100A3 Manufacturer Generac Power Systems ",smart_switch:required_target_context_absent,required_target_context_absent,title|description,switch,smart_near_switch,hold,low,insufficient_evidence,Metadata does not clearly establish wall-lighting control.,w3-v1.4.0-draft,ed6f3c5e5500043ff037d0cab990d6290c0b4b2dbb7ff846ece6bf99653716c6
recovery_candidate,B07P4D5K3C,smart_switch,Electronics,All Electronics,Cisco SG220-26 Smart Switch with 26 x Gigabit Ethernet Ports (SG220-26-K9-NA),Electronics Computers & Accessories Networking Products Switches,"categories: Electronics Computers & Accessories Networking Products Switches | details: Date First Available February 20, 2019 Item model number SG220-26-K9-NA Manufacturer CISCO SYSTEMS - ENTERPRISE",smart_switch:required_target_context_absent|smart_switch:wrong_product:ethernet,required_target_context_absent|wrong_product,title,switch,smart_near_switch,hold,low,insufficient_evidence,Metadata does not clearly establish wall-lighting control.,w3-v1.4.0-draft,ede0a7cb526754443269663be78c64a70ee18a4d614c4e72bdc5e5330220d562
recovery_candidate,B003I86OPG,smart_switch,Electronics,Tools & Home Improvement,"Insteon 2466DI ToggleLinc Insteon Remote Control Dimmer Switch, Ivory",Electronics Accessories & Supplies Mounts,"categories: Electronics Accessories & Supplies Mounts | features: Control lights remotely, turning them on and off and adjusting brightness levels Incorporate a light into multiple lighting design scenes in minutes Same great features as the award-winning SwitchLinc but with a familiar toggle control to match your home's decor Easy-to-install dimmer uses Insteon technology for superior performance and reliability Neutral wire required; 600 watt maximum load | description: From the Manufacturer Behind its classic toggle switch styling, ToggleLinc Dimmer opens up a world of opportunity for lighting and appliance control. Not only can ToggleLinc Dimmer provide dimming control to the lights that",smart_plug:approved_identity_phrase_absent|smart_plug:conditional_without_specific_smart_control_evidence|smart_plug:identity_not_in_title_or_categories|smart_switch:conditional_without_specific_smart_control_evidence|smart_switch:smart_evidence_not_in_title_or_categories,conditional_without_specific_smart_control_evidence|multi-type conflict|smart_evidence_not_in_title_or_categories,title|features|description|store|details,control lights|dimmer|dimmer switch|neutral wire|switch|switch box|togglelinc|traditional wall switch|wall switch,insteon|smart home,include,high,correct_target,"Primary switch identity, wall-lighting context, and connected-control evidence are all present.",w3-v1.4.0-draft,ee07f72d69cd255b3b389bc3dafe1a871e13a3cb6fca7b424cf130616220df70
recovery_candidate,B0B7MG1RJB,smart_switch,Electronics,All Electronics,"Powered USB Hub [Durable Aluminum] USB Hub 3.0 Powered, Individual Switch Buttons Smart Charging USB Port Expander Fit for External Hard Drive Electronics Gaming Laptop Desktop PC",Electronics Computers & Accessories Networking Products Hubs,"categories: Electronics Computers & Accessories Networking Products Hubs | features: …ver-voltage & over-current protection design, the powered USB 3.0 hub can protect your devices from overcurrent, overvoltage, short circuit and overheating 【Simple Switch to Control】Each port of the USB hub 3.0 powered has an individual switch with an LED light. With this powered USB hub, you can easily connect and disconnect devices by pressing the power button for one second. Turn off the idle port for power saving… | details: Best Sellers Rank Computer Networking Hubs 463 Electronics 90609 Brand NIAO-CHAO Color Black Powered USB Hub Compatible Devices 👍99% USB Port✅ Date First Available December 1, 2022 ",smart_plug:approved_identity_phrase_absent|smart_plug:identity_not_in_title_or_categories|smart_switch:approved_identity_phrase_absent|smart_switch:required_target_context_absent|smart_switch:wrong_product:port,approved_identity_phrase_absent|multi-type conflict|required_target_context_absent|wrong_product,title|features,switch,smart_near_switch,hold,low,insufficient_evidence,Metadata does not clearly establish wall-lighting control.,w3-v1.4.0-draft,ee16ba23464e70447d120e82268279f88548df03c15dc96741c4d810f1c1cd9e
recovery_candidate,B07PWLG2BS,smart_switch,Electronics,Cell Phones & Accessories,"Adjustable Cellphone Stand for Desk, Universal Flexible Aluminium Display Holder Compatible with All Smart Phones, Switch, Samsung Tab, iPad Mini Air Air2 and Tablets (Up to 10.1 inch), Black",Electronics Computers & Accessories Tablet Accessories Stands,"categories: Electronics Computers & Accessories Tablet Accessories Stands | details: Brand FARCTRL Color Black Compatible Devices Tablets, Smartphones ect, Keyboard Compatible Phone Models Ipad,Iphone Date First Available January 31, 2019 Item Weight 4.6 ounces Item model number FC159M Manufacturer Shenzhen FARCOM communication CO LTD Mounting Type Phone Mount,On,For,Foldable,Desk Other display features Wireless Package Dimensions 5.35 x 3.43 x 0.94 inches Special features Portable,Adjustable,Foldab…",smart_switch:approved_identity_phrase_absent|smart_switch:required_target_context_absent,approved_identity_phrase_absent|required_target_context_absent,title,switch,smart_near_switch,hold,low,insufficient_evidence,Metadata does not clearly establish wall-lighting control.,w3-v1.4.0-draft,eee067a316eb437156c81e23da7c488615155bca7bf2add43ee3e7ae7fca0a1e
recovery_candidate,B00E40L8VC,smart_switch,Electronics,All Electronics,"Etekcity 4 x 1 HDMI Switcher Selector with audio output: This switch supports 720/1080p and 3D, along with stereo, toslink, COAX, LPCM, and DTS digital audio. Great for Xbox 360, PS3, Cable boxes, and any other HDMI device. Also this includes auto-switch (smart/intelligent function)",,"details: Date First Available October 21, 2013 Item Weight 1.25 pounds Item model number 04-PET4000-Etek Manufacturer Etekcity Package Dimensions 9.7 x 7.9 x 2.3 inches",smart_switch:approved_identity_phrase_absent|smart_switch:required_target_context_absent,approved_identity_phrase_absent|required_target_context_absent,title,switch,smart_near_switch,hold,low,insufficient_evidence,Metadata does not clearly establish wall-lighting control.,w3-v1.4.0-draft,efcacc323c3c92e9227183116fff467035bedfd2367d3173325aaaba729e8265
recovery_candidate,B01HBTC154,smart_switch,Electronics,Computers,"Acer Switch Alpha 12 SA5-271-57DS 12"" Quad HD Touchscreen Detachable Notebook Computer, Intel Core i5-6200U 2.3GHz, 8GB RAM, 128GB SSD, Windows 10",Electronics Computers & Accessories Computers & Tablets Laptops Traditional Laptops,categories: Electronics Computers & Accessories Computers & Tablets Laptops Traditional Laptops | features: Intel Core i5-6200U Processor 2.3GHz 8GB of LPDDR3 Onboard Memory and128GB SSD Drive Integrated Intel HD Graphics and 802.11ac WiFi 12-Inch QHD IPS 10-point multi-touch screen (2160 x 1440) Windows 10 Home | description: …D Graphics 520 - Windows 10 - 12 IPS Multi-Touch Display - QHD 2160 x 1440 Screen Resolution - microSDXC Slot - Detachable Backlit Keyboard Included - 802.11ac Wi-Fi & Bluetooth 4.0 - USB 3.0 / USB 3.1 Type-C | details: Batteries 1 Lithium Ion batteries required. Brand Acer Card Description Integrated Chipset Brand Intel Computer Memory Type Unknown Date First Availab,smart_switch:approved_identity_phrase_absent|smart_switch:required_target_context_absent|smart_switch:smart_evidence_not_in_title_or_categories,approved_identity_phrase_absent|required_target_context_absent|smart_evidence_not_in_title_or_categories,title|features|description,switch,wi fi|wifi,hold,low,insufficient_evidence,Metadata does not clearly establish wall-lighting control.,w3-v1.4.0-draft,f11e3b7883ba3f0943b082b64a414039938f3ef7da6d91c068dbb8ae3cc63303
recovery_candidate,B0B935VPJ9,smart_switch,Electronics,Camera & Photo,"HAWKRAY Wireless Indoor Security Camera, 3MP 2K Resolution 3X Digital Zoom，Battery Powered WiFi（2.4G only Cameras for Home Security System, Day/Night Auto Switch, Motion Detection",Electronics Security & Surveillance,"categories: Electronics Security & Surveillance | features: 【PIR Motion Detection & AI Recognition】: The wireless battery WiFi security cameras with advanced AI technology, can distinguish humans, pets, and vehicles based on the monitoring target you set in App, and send you notifications that really matter. Upgraded PIR sensor sends you real-time alerts when motion is detected so that you don't have to constantly check the app. 【2K HD Live Video and Day/Night Vision】: 3X dig… | details: Best Sellers Rank Electronics 343943 Security & Surveillance Equipment 16064 Brand Hawkray cams Connectivity Technology Wireless Date First Available August 9, 2022 Indoor/Outdoor Usage Indoor Item Weight 4.",smart_switch:approved_identity_phrase_absent|smart_switch:required_target_context_absent,approved_identity_phrase_absent|required_target_context_absent,title|features,switch,alexa|wi fi|wifi,hold,low,insufficient_evidence,Metadata does not clearly establish wall-lighting control.,w3-v1.4.0-draft,f17ea5abc804c14afcdeb41a6ff91931984490dbf005e9711d44d228b3a2b927
recovery_candidate,B079VSVR2G,smart_switch,Electronics,Tools & Home Improvement,Leviton DZPD3-2BW Decora Smart Plug-in Dimmer w/ Z-Wave Plus Technology (2 Pack),Electronics Camera & Photo Video Surveillance Surveillance Cameras Hidden Cameras,"categories: Electronics Camera & Photo Video Surveillance Surveillance Cameras Hidden Cameras | details: Batteries Included? No Batteries Required? No Brand Leviton Connectivity Protocol Z-Wave Connectivity Technology Wireless Controller Type Wink, SmartThings, Amazon Alexa Date First Available November 6, 2018 Is Discontinued By Manufacturer No Item Weight 12.5 ounces Manufacturer Leviton Mounting Type Wall Mount Part Number DZPD3-2BW_K1 Product Dimensions 8 x 6.2 x 4.6 inches Special Feature Portable Special Features …",smart_plug:wrong_product:camera|smart_plug:wrong_product:cameras|smart_switch:approved_identity_phrase_absent,approved_identity_phrase_absent|multi-type conflict,title|details,dimmer,alexa|smart_near_switch|smartthings|z wave,hold,low,insufficient_evidence,Metadata does not clearly establish wall-lighting control.,w3-v1.4.0-draft,f209b34e986eaf5fa0f1b676343a54dc34c810ab1febfd2c2f6c7baabd04d243
recovery_candidate,B00I5W5M12,smart_switch,Electronics,Computers,"NETGEAR 48-Port Gigabit Ethernet Smart Switch (GS748T) - Managed, with 2 x 1G SFP and 2 x 1G Combo, Desktop or Rackmount, and Limited Lifetime Protection",Electronics Computers & Accessories Networking Products Switches,"categories: Electronics Computers & Accessories Networking Products Switches | features: 48 Gigabit Ethernet ports 4 x 1G SFP ports (2 are shared) Smart software with easy-to-use interface offers managed control for secure setup, access, and SNMP (NMS 300) management. Supports desktop or rackmount placement, and includes all the necessary mounting hardware in the box Lifetime Limited Hardware Warranty, Next Business Day Replacement, and 24/7 chat with a NETGEAR expert Energy efficient design compliant w… | description: The NETGEAR GS748T Smart Managed Pro Switch is designed for desktop or rackmount and features 48-Ports of Gigabit Ethernet, 4 x 1Gb SFP ports (2 are shared), ProSAFE Lifetime ",smart_switch:required_target_context_absent|smart_switch:wrong_product:ethernet|smart_switch:wrong_product:port,required_target_context_absent|wrong_product,title|description,switch,smart_near_switch,hold,low,insufficient_evidence,Metadata does not clearly establish wall-lighting control.,w3-v1.4.0-draft,f239d07b5bd3fc0eac3963e700ead2b75652b0b0e5cc696d3b86d3ddae318adf
recovery_candidate,B0932GQP4B,smart_switch,Electronics,Computers,"NETGEAR 8-Port Gigabit Ethernet Smart Switch (GS108T) - Managed, with 1 x PD Port, Optional Insight Cloud Management, Desktop or Wall Mount, Silent Operation, and Limited Lifetime Protection",Electronics Computers & Accessories Networking Products Switches,"categories: Electronics Computers & Accessories Networking Products Switches | features: 8 Gigabit Ethernet ports 1 x PD port Smart software with easy-to-use interface offers managed control for secure setup, access, and SNMP (NMS 300) management. Includes NETGEAR Insight to remotely manage your networks from anywhere. Supports desktop or wall mount placement Energy efficient design compliant with IEEE802.3az Silent operation ideal for noise sensitive environment | description: The NETGEAR GS108Tv3 8-Port Gigabit Smart Managed Pro Switch comes with 2 dedicated SFP ports for fiber uplinks. Fan less, the GS108Tv3 supports perfectly silent desktop operation or wall mounting. The GS108Tv3 Smart ",smart_switch:wrong_product:ethernet|smart_switch:wrong_product:port,wrong_product,title|description|details,switch,smart_near_switch,hold,low,insufficient_evidence,Metadata does not clearly establish wall-lighting control.,w3-v1.4.0-draft,f391cae0613247fddc5aa796dc2a9d0a7ffe65ba586435debf04fc7597e622ef
recovery_candidate,B07H9Z6L5X,smart_switch,Electronics,Computers,"ZYXEL 28-Port Gigabit Ethernet Smart Switch (GS1920-24V2) - Managed, 4X SFP, Optional Nebula Cloud Management, Rackmount, Limited Lifetime Protection",Electronics Computers & Accessories Networking Products Switches,"categories: Electronics Computers & Accessories Networking Products Switches | features: Fast networking performance with 24 Gigabit Ethernet ports and non-blocking full bandwidth of 2,000 Mbps per port with 4 SFP/RJ-45 Ports Operates in 2 management modes, cloud or standalone with the power of NebulaFlex(TM) Rack mount design for easy installation Lifetime hardware warranty, free firmware upgrade support and free technical support for long-term assurance Advanced features like VLAN, QoS, IGMP Snooping,… | description: Zeal 24-port high powered Gigabit | details: Best Sellers Rank Computer Networking Switches 2329 Brand ZYXEL Color 24-port 4x SFP Compatible Devices Desktop Date First Availab",smart_switch:required_target_context_absent|smart_switch:wrong_product:ethernet|smart_switch:wrong_product:port,required_target_context_absent|wrong_product,title,switch,smart_near_switch,hold,low,insufficient_evidence,Metadata does not clearly establish wall-lighting control.,w3-v1.4.0-draft,f3f476a1c46f44b291eb5d046f083c529cb65820e29bfe24f43ae3fe861dee5e
recovery_candidate,B0BB7GG2YB,smart_switch,Electronics,Computers,"ASUS TUF 15.6"" 144Hz IPS Gaming Laptop, 10 Cores Intel 12th Gen i7-12650H, GeForce RTX 3070 TGP 105W MUX Switch, Backlit KB, Wi-Fi 6, Thunderbolt 4, Hi-Res Audio (40GB DDR5 | 2TB PCIe SSD)",Electronics Computers & Accessories Computers & Tablets Laptops Traditional Laptops,"categories: Electronics Computers & Accessories Computers & Tablets Laptops Traditional Laptops | features: …ssors are engineered to deliver enthusiast-level gameplay in smaller slimmer & more portable devices than ever. 【NVIDIA GeForce RTX 3070 TGP 105W MUX Switch】Cutting-edge GPUs offer reliable frame rates for popular games. Experience dependably smooth performance for esports, AAA games, and everything in between. MUX Switch - You can switch to a direct GPU mode that reduces latency and boosts performance by 5%~10% on a… | description: …ast 4800MHz DDR5 RAM power through everyday work & play. Leverage the full gaming performance of the GeForce RTX 3070 Laptop GPU with a dedicated MUX Swi",smart_switch:approved_identity_phrase_absent|smart_switch:required_target_context_absent,approved_identity_phrase_absent|required_target_context_absent,title|features|description,switch,wi fi|wifi,hold,low,insufficient_evidence,Metadata does not clearly establish wall-lighting control.,w3-v1.4.0-draft,f4fd67ed2b75c1b8c9de712298f3bfe3e069b960591b1a488162875bca108d14
recovery_candidate,B00DYAUOT0,smart_switch,Electronics,Cell Phones & Accessories,Belkin WeMo Switch & Motion Sensor (Bundle No Longer Sold by Manufacturer) (Discontinued by Manufacturer),Electronics Security & Surveillance,"categories: Electronics Security & Surveillance | features: …om Anywhere Motion Control your Lamp, never walk into a dark room again You've already got everything you need: WeMo works with your existing Wi-Fi router and any Apple iOS (v5 or higher) and Android smartphones and tablets Modular system - You can add additional WeMo Switches and WeMo Motion sensors easily, any time. Control as much or as little of your house as you want to. Not compatible with Amazon Echo Not compa… | description: The Belkin WeMo Switch and WeMo Motion Kit gives you wireless control of your home appliances and electronics, turning devices of your choice on or off as soon as movement is detected. The sensor plugs ",smart_plug:approved_identity_phrase_absent|smart_plug:identity_not_in_title_or_categories|smart_plug:wrong_product:motion sensor|smart_switch:approved_identity_phrase_absent|smart_switch:required_target_context_absent|smart_switch:smart_evidence_not_in_title_or_categories,approved_identity_phrase_absent|multi-type conflict|required_target_context_absent|smart_evidence_not_in_title_or_categories,title|features|description|details,switch,ifttt|smartthings|wi fi|wifi|zigbee,hold,low,insufficient_evidence,Metadata does not clearly establish wall-lighting control.,w3-v1.4.0-draft,f557db5a0de21c340edea572ad2e9222a96074390565c54100bb67e9e4892120
recovery_candidate,B010UAB0V2,smart_switch,Electronics,Camera & Photo,Belkin WeMo Light Switch,,"description: Compatible with Alexa and Google Assistant. UPC: 722868979785 Version: VA02. The Wi-Fi enabled WeMo Light Switch allows you to turn lights on and off from anywhere-from across the house, from the backyard, or from the other side of the world. WeMo Light Switch replaces a standard light switch in your home and can be controlled remotely with an Android smartphone or tablet, iPhone, iPad, or iPod touch. It works with y… | details: Date First Available July 3, 2015 Is Discontinued By Manufacturer No Item Weight 8.8 ounces Item model number F7C030fc Manufacturer Belkin Components Product Dimensions 26 x 5.3 x 7.4 inches",smart_switch:smart_evidence_not_in_title_or_categories,smart_evidence_not_in_title_or_categories,title|description,light switch|switch,alexa|google assistant|wi fi|wifi,include,medium,correct_target,"Primary switch identity, wall-lighting context, and connected-control evidence are all present.",w3-v1.4.0-draft,f61ba9dbf2fc93fd29a4e37f9193eb17d2a13b85e53d0c811f16f33b57a942cc
recovery_candidate,B00KE06V9U,smart_switch,Electronics,Computers,"VSTN Acer Aspire Switch 10 ultra-thin Smart Cover Case, only fit Acer Aspire Switch 10 tablet (For Acer Aspire Switch 10, Black II)","Electronics Computers & Accessories Tablet Accessories Bags, Cases & Sleeves Cases","categories: Electronics Computers & Accessories Tablet Accessories Bags, Cases & Sleeves Cases | features: Exclusive design for Acer Aspire Switch 10, Button and port cutouts are designed for the older Switch 10 SW5-011, however, it will also fit the newer Switch 10 SW5-012 with no buttons or ports being obstructed. Foldable front flip gives you perfect viewing angle Premium quality PU leather with microfiber interior Protect and secure your tablet from shocks, scratches and dust Precise cut-outs with full access to all c… | details: Brand Vostrostone Color black Compatible Devices Acer Aspire Switch 10 Date First Available January 15, 2015 Form Factor Case Item Weight 0.01 ounces Item model",smart_switch:approved_identity_phrase_absent|smart_switch:required_target_context_absent,approved_identity_phrase_absent|required_target_context_absent,title|features|details,switch,smart_near_switch,hold,low,insufficient_evidence,Metadata does not clearly establish wall-lighting control.,w3-v1.4.0-draft,f6b1cd238c191ab1b14c57234dd356e4d3e8ad3b6e722b316a5b6ae12780d3a5
recovery_candidate,B0BHFY7WHZ,smart_switch,Electronics,Computers,Lenovo Smart True Wireless Earbuds - Smart Switch Fast Pair - Active Noise Cancelling Earphones with Wireless Charging Case - 28 Hrs Playtime Headphones - 6 Built-in Mics - Bluetooth - White,"Electronics Headphones, Earbuds & Accessories Headphones & Earbuds Earbud Headphones","categories: Electronics Headphones, Earbuds & Accessories Headphones & Earbuds Earbud Headphones | features: …o devices simultaneously, and connect the Lenovo Smart Wireless Earbuds to any combination of phone, laptop or tablet; the earphones automatically switch your audio from one device to the other Lenovo Smart Wireless Earbuds dynamically adjust noise cancellation intensity in relation to your environment with smart adaptive noise cancelling, which can reduce up to 36 dB of ambient noise Listen to your tunes or podcasts… | description: Enjoy true wireless audio convenience, made smart, with Lenovo Smart Switch True Wireless Earbuds. Exceptionally convenient, these wireless in-ear headph",smart_switch:required_target_context_absent,required_target_context_absent,title|features|description,switch,smart_near_switch,hold,low,insufficient_evidence,Metadata does not clearly establish wall-lighting control.,w3-v1.4.0-draft,f9dc9b8acb160e4f773de3d048ea21d98c003278da31b484387a71b5d36fa8a9
recovery_candidate,B09KGXNZ2Q,smart_switch,Electronics,Industrial & Scientific,HiLetgo 2pcs ESP8285 ESP-01M IR Infrared Transmitter Receiver Module Digital Infrared Transceiver Sensor WiFi Remote Control Switch,Electronics Computers & Accessories Networking Products Network Transceivers,"categories: Electronics Computers & Accessories Networking Products Network Transceivers | features: ESP8285 ESP-01M IR Infrared Transmitter Receiver Module Support infrared control, wireless WIFI control and firmware update Work Voltage:DC 5V; Size:23.4*23.4*18mm | description: Description: This is a Infrared ESP8285 Wireless WIFI Transceiver Module.The ESP-01M module with ESP8285 as the core be used as the master control, The program is the same as ESP8266. The module board is equipped with an infrared receiving tube and an infrared transmitting tube which are respectively io14 and io4 controlled, and a burning port is set apart. The demonstration program can read and emit infrared key val",smart_switch:approved_identity_phrase_absent|smart_switch:required_target_context_absent|smart_switch:wrong_product:network,approved_identity_phrase_absent|required_target_context_absent|wrong_product,title|features|description,switch,wi fi|wifi,hold,low,insufficient_evidence,Metadata does not clearly establish wall-lighting control.,w3-v1.4.0-draft,fc0e0a8f21b37ae3882441003da2f480e0d752a2e95f51ab2bf78befe0b2a038
recovery_candidate,B0BC3497VR,smart_switch,Electronics,All Electronics,"Tkisko 5G WiFi Bluetooth Projector, Native 1080P Home and Outdoor Video Projector, Dust-Proof Portable 4D Keystone Home Theater Movie Projector, Compatible with Phones, Laptops, Switch (Orange)",Electronics Video Projectors,"categories: Electronics Video Projectors | features: 【A Fully-featured and Budget-friendly Movie Projector】TO1 HD Video Projector features in true 1080P resolution, 2.4G/5G wifi wireless mirror display, 5.1 bidirectional Bluetooth, 4P/4D keystone correction, 100%-50% Zoom. With a fully sealed optical engine, it is also a dust-proof projector. The diffused light can be much less harmful to your eyes than tv. If you want to enjoy platforms like Netflix, Disney+, an extra… | description: Tkisko Home and Outdoor Video Projector, Portable Home Theater Movie Projector, Compatible with Phones, Laptops, Switch (Orange) | details: Best Sellers Rank Video Projectors 4403 Brand Tkisko Brand Name Tkisko",smart_switch:approved_identity_phrase_absent|smart_switch:required_target_context_absent,approved_identity_phrase_absent|required_target_context_absent,title|features|description|details,switch,wi fi|wifi,hold,low,insufficient_evidence,Metadata does not clearly establish wall-lighting control.,w3-v1.4.0-draft,fca5a7c936aa628b006429f7a6335a2c6740dcd457d54544ea0733e62cf9ce6a
recovery_candidate,B0756N22NY,smart_switch,Home_and_Kitchen,Tools & Home Improvement,E-lec 3D Night Lamp Optical Novelty Illusion Led Light Smart Touch Dimmer Lights 7 Color Changing Bedroom Home Decoration Visual RGB Gradient Table Lamps for Kids Gift Spiderman Toys,Home & Kitchen Home Décor Products Kids' Room Décor Lamps & Lighting,"categories: Home & Kitchen Home Décor Products Kids' Room Décor Lamps & Lighting | features: …argeable charge, etc; suitable for girls boys kids room, calligraphy, bedroom, bar, coffee shop and outdoor use. The 3D 7-color gradual gradient changing LED touch switch visualization illusion atmosphere desklamp and nightlight is a fantastically unique item that makes for the perfect gift. The spiderman games lamp is perfect for kids, adults, men, spiderman gifts lovers. Touch button: Red, Green, Blue, Yellow, Cyan… | description: …Home Decor Creative Spiderman Spider Man Toys Acrylic Plate Touch Desk Lamps for Kids Adults Gift Colorful Atmosphere Lamp Novelty Lighting Switch mode: Touch Product p",smart_bulb:approved_identity_phrase_absent|smart_bulb:conditional_without_specific_smart_control_evidence|smart_bulb:identity_not_in_title_or_categories|smart_switch:approved_identity_phrase_absent|smart_switch:conditional_without_specific_smart_control_evidence,approved_identity_phrase_absent|conditional_without_specific_smart_control_evidence|multi-type conflict,title|features|description|details,dimmer|switch,smart_near_switch,hold,low,insufficient_evidence,Metadata does not clearly establish wall-lighting control.,w3-v1.4.0-draft,fe1808c2366df2fad7c001ca301c2f9d4de21a661c8cd87487d0cb9e20890227
recovery_candidate,B086Z1B92G,smart_switch,Home_and_Kitchen,Amazon Home,"YestBuy 2 Pack Clear Acrylic Floating Wall Shelves, Display Shelf, Floating Corner Shelves, Small Display Shelf with Cable Clips for Smart Speaker,Webcam, Switch, Electronics",Home & Kitchen Home Décor Products Home Décor Accents Floating Shelves,"categories: Home & Kitchen Home Décor Products Home Décor Accents Floating Shelves | features: …crylic panel, more firm and stable, Equipped with 3M adhesive and can hold up to 8 pounds. 【MULTI-FUNCTION DISPLAY】Acrylic wall rt Speaker/webcam/Switch/Electronics/shelf can freestyle decor design and extend storage space. Perfect decor starts from this wall shelves to display Pop Figures, for living room, bedroom, bathroom. 【EASY TO INSTALL】The floating Shelf more convenient installation, metope is more beautiful. … | details: Age Range (Description) Adult Best Sellers Rank Floating Shelves 3367 Home & Kitchen 1223679 Storage Racks, Shelves & Drawers 4586 Brand YestBuy Date First Available April",smart_switch:approved_identity_phrase_absent,approved_identity_phrase_absent,title|features,switch,smart_near_switch,hold,low,insufficient_evidence,Metadata does not clearly establish wall-lighting control.,w3-v1.4.0-draft,fea6e49bca0cf1fe22f1132fe8d485c45263db247e62032d7743ff770263dd89
recovery_candidate,B003GOFIC2,smart_switch,Electronics,Industrial & Scientific,NETGEAR ProSafe GS108Tv2 Gigabit Smart Switch,Electronics Computers & Accessories Networking Products Switches,"categories: Electronics Computers & Accessories Networking Products Switches | features: Ports: 8 x 10/100/1000Base-T (RJ-45) MAC Address Entries: 8000 | description: …Power over Ethernet (PoE). It can obtain its power from either a PoE source or from an external AC power adapter. This gives an SMB flexibility when installing the switch in places where a power outlet is not present. The GS108T comes with an intuitive, Web-browser interface which offer simple Smart Switch management, making it a snap to monitor switch performance, configure ports, even set up port trunks, VLANs, and… | details: …ES Manufacturer Netgear, Inc National Stock Number 5930-01-602-5143 Number of Ports 8 Product Dime",smart_plug:approved_identity_phrase_absent|smart_plug:identity_not_in_title_or_categories|smart_switch:required_target_context_absent,multi-type conflict|required_target_context_absent,title|description|details,switch,smart_near_switch,hold,low,insufficient_evidence,Metadata does not clearly establish wall-lighting control.,w3-v1.4.0-draft,ff2b4a0cb5e88d8d3a3920d3e4e4ca10134f4f97737cd43cd5229c40da69ad35
strong_exclusion_control,B085L53K5W,smart_switch,Electronics,Industrial & Scientific,"OHWOAI 8 Port Poe Switch +2 Ethernet Uplink Port,125W Unmanaged Powered Poe Switch,Poe Network Switch,Extend Function,Support IEEE802.3af/at,Poe Hub,Fanless,Plug&Play,Metal Housing",Electronics Computers & Accessories Networking Products Switches,"categories: Electronics Computers & Accessories Networking Products Switches | features: ✔【10-port network poe switch 】This poe switch has 8 poe port(10/100Mbps)+2 uplink ports(10/100Mbps),which can provide more bandwidth and connect to different devices,such as poe camera, APs, nvr, router, etc. OHWOAI 10 port poe switch will provide more convenient and faster internet for you. ✔ 【High Powered Poe Passthrough Switch 】Support IEEE 802.3af/at. Max 125 watt poe+ budget, built-in power, each port up to 30W/… | details: …aterial Metal Date First Available March 5, 2020 Manufacturer OHWOAI Number of Ports 5 Package Dimensions 9.9 x 8.3 x 2.4 inches; 2.45 Pounds Switch Type Metal Voltage 48 Volts",smart_plug:approved_identity_phrase_absent|smart_plug:smart_evidence_not_in_title_or_categories|smart_plug:wrong_product:network switch|smart_plug:wrong_product:plug and play|smart_switch:approved_identity_phrase_absent|smart_switch:required_target_context_absent|smart_switch:smart_evidence_not_in_title_or_categories|smart_switch:wrong_product:ethernet|smart_switch:wrong_product:network|smart_switch:wrong_product:network switch|smart_switch:wrong_product:poe switch|smart_switch:wrong_product:port,approved_identity_phrase_absent|multi-type conflict|required_target_context_absent|smart_evidence_not_in_title_or_categories|wrong_product,title|features|details,switch,,exclude,high,wrong_device_type,"Primary identity is a prohibited switch type, accessory, or RF-only item.",w3-v1.4.0-draft,0192b24c3c7567ec1396116b3d64730752628495236ea2f97fc33965981cb657
strong_exclusion_control,B099RDZZVV,smart_switch,Home_and_Kitchen,Amazon Home,Plumeet Digital Alarm Clock LED Electric Clocks Mirror Surface for Makeup with Brightness Dimmer and Alarm Volume - Desk Clock for Bedroom Living Room Office - Snooze and Dual USB Port (Black),Home & Kitchen Home Décor Products Clocks Alarm Clocks,"categories: Home & Kitchen Home Décor Products Clocks Alarm Clocks | features: DIGITAL CLOCK MIRROR SURFACE -- Plumeet alarm clock perfectly combines makeup mirror and alarm clock together. 5.5'' mirror HD display allows you read the time while putting on makeup. ANY BRIGHTNESS AND ALARM VOLUME -- 0-100 level adjustable LED brightness enables you to set any brightness as your like. ""beep"" alarm sound can be set from 30-90 DP as person preference. alarm will be last around 3 minutes until using… | details: Age Range (Description) Kid Alarm Clock Yes Are Batteries Included No Batteries 1 AA batteries required. Best Sellers Rank Alarm Clocks 2195 Home & Kitchen 1177929 Brand Plumeet Color Black",smart_plug:approved_identity_phrase_absent|smart_plug:conditional_without_specific_smart_control_evidence|smart_plug:identity_not_in_title_or_categories|smart_switch:approved_identity_phrase_absent|smart_switch:conditional_without_specific_smart_control_evidence|smart_switch:smart_evidence_not_in_title_or_categories|smart_switch:wrong_product:alarm clock|smart_switch:wrong_product:mirror|smart_switch:wrong_product:port,approved_identity_phrase_absent|conditional_without_specific_smart_control_evidence|multi-type conflict|smart_evidence_not_in_title_or_categories|wrong_product,title,dimmer,,exclude,high,wrong_device_type,"Primary identity is a prohibited switch type, accessory, or RF-only item.",w3-v1.4.0-draft,06925e03dbda82447ef49ac7c8162d89ad660edd48a26da725254ab77ce4b9e3
strong_exclusion_control,B08LYZ1N49,smart_switch,Home_and_Kitchen,Amazon Home,"TedGem Projection Alarm Clock for Bedrooms, Digital Alarm Clock with Large 3.8” LED Display & Dimmer, 180° Projector, USB Charger, 12/24 H, DST, Snooze, Ceiling Clock for Kid Elderly (White)",Home & Kitchen Home Décor Products Clocks Alarm Clocks,"categories: Home & Kitchen Home Décor Products Clocks Alarm Clocks | features: 【3.8 INCH ADJUSTABLE SCREEN DISPLAY】Projection alarm clock designed with 3.8 inch LCD screen and adjustable display brightness, no stimulus no fatigue for eyes, long life for using. Digital alarm clock 4 display brightness enables you to customize the display you like. Enables you to set the display to a brighter setting in daytime and softer one at night. You can also turn off the display and leave the projection o… | details: Age Range (Description) Adult Are Batteries Included No Brand TedGem Color White Display Type Digital Power Source Corded Electric Room Type Bedroom Shape Rectangular Special Feature Adjust",smart_switch:approved_identity_phrase_absent|smart_switch:conditional_without_specific_smart_control_evidence|smart_switch:smart_evidence_not_in_title_or_categories|smart_switch:wrong_product:alarm clock,approved_identity_phrase_absent|conditional_without_specific_smart_control_evidence|smart_evidence_not_in_title_or_categories|wrong_product,title,dimmer,,exclude,high,wrong_device_type,"Primary identity is a prohibited switch type, accessory, or RF-only item.",w3-v1.4.0-draft,0a11489d81edf5db152fbaab87b87632c09b55aae428e6b81fab9bec9379d0b9
strong_exclusion_control,B0C53XFQFY,smart_switch,Electronics,Computers,"UPERFECT Portable Gaming Monitor 144Hz 16.1"" Portable Monitor for Laptop 1080P 500Nits 1200:1 FreeSync HDR w/Smart Cover Ultra Slim Travel Monitor for PC, Mac, PS5, Xbox, Switch, Steam Deck",Electronics Computers & Accessories Monitors,"categories: Electronics Computers & Accessories Monitors | features: …rt and 1 OTG/Micro-B Port . Only single USB-C Cable is needed for power supply & display signal transmission. Solve the multi-wire winding problem. Easy to connect with Steam Deck, Switch, Xbox, PS5, Laptop, PC, Mac, Tablet, Phone and Raspberry Pi. Buit-in 2 speakers and 3.5 mm audio jack for better entertainment experience. Dual Monitor Capability: Use the UPERFECT portable monitor as a second screen to improve your… | details: Aspect Ratio 16:9 Best Sellers Rank Computer Monitors 412 Electronics 15184 Brand UPERFECT Date First Available November 12, 2018 Display Resolution Maximum 1920 x 1080 Pixels Image brightness 500 ",smart_plug:approved_identity_phrase_absent|smart_plug:identity_not_in_title_or_categories|smart_switch:approved_identity_phrase_absent|smart_switch:required_target_context_absent|smart_switch:wrong_product:monitor,approved_identity_phrase_absent|multi-type conflict|required_target_context_absent|wrong_product,title|features,switch,,exclude,high,wrong_device_type,"Primary identity is a prohibited switch type, accessory, or RF-only item.",w3-v1.4.0-draft,107d5991f47ca333807937203c5ea6bb590f23f53e0846cb80bd2fda8d42ce4f
strong_exclusion_control,B07KW4XCK7,smart_switch,Home_and_Kitchen,Home Audio & Theater,"CANY Dual Alarm Clock with Large 6.3 Inch LED Display for Bedrooms, Kitchen, Desk, Shelf, Travel, Home and Business (UL Certified Power Adapter, Micro USB Cable and Backup Battery Included)",Home & Kitchen Home Décor Products Clocks Alarm Clocks,"categories: Home & Kitchen Home Décor Products Clocks Alarm Clocks | features: …-feet long micro USB cable are included in the package. Adjustable Brightness - Set the display to your preference and lighting conditions with high, low, and off dimmer modes for optimal screen visibility regardless of the time of day Smart Snooze- During the wake-up sound playing gradually louder, just gently touch button for a 9 minute delay of your alarm and enjoy the last minutes of your dreams | description: When you go for this classic design clock, you’re able to incorporate basic features for less money, as well as keeping the nature of the product intact. One new package includes: a smart clock with bui",smart_switch:approved_identity_phrase_absent|smart_switch:identity_not_in_title_or_categories|smart_switch:required_target_context_absent|smart_switch:wrong_product:alarm clock|smart_switch:wrong_product:power adapter,approved_identity_phrase_absent|identity_not_in_title_or_categories|required_target_context_absent|wrong_product,features,dimmer,,exclude,high,wrong_device_type,"Primary identity is a prohibited switch type, accessory, or RF-only item.",w3-v1.4.0-draft,1e48df84abf5d6ca46dfb1b703259e4596ed030ef872ad2568fa5d3d2ce2b8f7
strong_exclusion_control,B09HX1QVVV,smart_switch,Home_and_Kitchen,Amazon Home,"Projection Digital Alarm Clock for Bedrooms, Radio Alarm Clock on Ceiling, USB Charger Port, Temperature & Humidity Display, 7.3” Large Mirror LED Display,12/24H,Snooze,Dual Loud Alarm Clock- 4 Dimmer",Home & Kitchen Home Décor Products Clocks Alarm Clocks,"categories: Home & Kitchen Home Décor Products Clocks Alarm Clocks | features: 【180° Projection Alarm Clock for Bedrooms】 Perfect ceiling clocks for bedrooms,this 180° rotatable clock with focus control ring projected a clear time on your wall. Whenever you wake up, the time comes into your eyes. And our clock equipped with a high sensitivity sensor which can adjust the display brightness, it will not disturb you or your kids sleeping. 【Dual Alarms Clock & Snooze Function】You can set two separ… | details: Age Range (Description) Adult Alarm Clock Yes Are Batteries Included Yes Batteries 1 CR2 batteries required. (included) Best Sellers Rank Alarm Clocks 161 Home & Kitchen 54703 Brand Hanaix ",smart_switch:approved_identity_phrase_absent|smart_switch:conditional_without_specific_smart_control_evidence|smart_switch:smart_evidence_not_in_title_or_categories|smart_switch:wrong_product:alarm clock|smart_switch:wrong_product:mirror|smart_switch:wrong_product:port,approved_identity_phrase_absent|conditional_without_specific_smart_control_evidence|smart_evidence_not_in_title_or_categories|wrong_product,title,dimmer,,exclude,high,wrong_device_type,"Primary identity is a prohibited switch type, accessory, or RF-only item.",w3-v1.4.0-draft,3316f314ce8f8c9c7d8639bcec746a984ecf1eee90bbf494c31501d3ce0d5c06
strong_exclusion_control,B075TT9XLC,smart_switch,Electronics,All Electronics,"4x1 HDMI Splitter 4K HDR HDMI Switch with Remote Control, NEWPOWER 4X Input 1x Output HDMI Switcher Support Ultra Hd 4K x 2K 1080P x 3D and PIP Function, Compatible with HDTV Xbox PS",Electronics Television & Video Accessories Satellite Equipment Splitters,"categories: Electronics Television & Video Accessories Satellite Equipment Splitters | features: ✔Strong Performance: 4K HDMI splitter can serve 4 HDMI devices simultaneously. Just connect 4 HDMI compatible devices to 4 in HDMI switch, such as HDTVs, Xbox, PS3/PS4, Apple TV,Roku,Fire TV,STB, Blu-ray DVD Players,etc. ✔High Resolution: Up to 4K x 2K@30Hz, 1080P@120Hz and 1080P 3D@60Hz display resolutions is supportive on the 4x HDMI splitter. Also it supports deep color 30bit/36bit/48bit per pixel. ✔PIP(Picture in… | description: 4K HDMI Splitter 4x1 HDMI Switch With Remote Control, 4 Input 1 Output HDMI Switcher HDMI switch box Great Compatibility: Most HDMI source device is compatible with t",smart_switch:approved_identity_phrase_absent|smart_switch:required_target_context_absent|smart_switch:smart_evidence_not_in_title_or_categories|smart_switch:wrong_product:hdmi switch,approved_identity_phrase_absent|required_target_context_absent|smart_evidence_not_in_title_or_categories|wrong_product,title|features|description,switch|switch box,,exclude,high,wrong_device_type,"Primary identity is a prohibited switch type, accessory, or RF-only item.",w3-v1.4.0-draft,40bed5b5e95560bdc7ec32592ce4a1f0b3162c1eb8ab03ec77ca336ad1dcba24
strong_exclusion_control,B0B73H3DD4,smart_switch,Electronics,All Electronics,"MakerFocus Raspberry Pi 4 Battery Pack UPS, RPI Pack Standard 10000mAh Raspberry Pi Battery USB Pack Raspberry Pi Latest Version V3Plus Expansion Board Power Supply Type-C for RPI 4B 3B+ 3B 2B+",Electronics Computers & Accessories Computer Components Single Board Computers,"categories: Electronics Computers & Accessories Computer Components Single Board Computers | features: Note: If you use UPS to power Raspberry Pi3b/3B+ while charging, please make sure that the input power is not less than 2.5A. Recommended use: 3V 2.5A power supply★ The document link is obtained in the Product guides and documents The link to the assembly video is available on the product page, Two power supply modes: outdoor portable type and indoor UPS power supply mode: 1) As an outdoor portable power supply, the… | description: …to understand the product differences between UPS V3P version and v2 version. You will like this latest version of UPS charging board. It has a smart switch fun",smart_switch:approved_identity_phrase_absent|smart_switch:identity_not_in_title_or_categories|smart_switch:required_target_context_absent|smart_switch:wrong_product:power supply,approved_identity_phrase_absent|identity_not_in_title_or_categories|required_target_context_absent|wrong_product,description,switch,,exclude,high,wrong_device_type,"Primary identity is a prohibited switch type, accessory, or RF-only item.",w3-v1.4.0-draft,4203fc81312cf46b780e6aa08289922a552621b24d67b2771d3d337ed75f5eb3
strong_exclusion_control,B089LY16BD,smart_switch,Home_and_Kitchen,Amazon Home,SOLFART Modern Led Large Mirror 40 X 32 Inch Anti-Fog Lighted Mirrors Wall Mounted for Bathroom Salon Wall Decor Dimmable Makeup Mirror with Lights (Horizontal/Vertical),Home & Kitchen Bath Bathroom Accessories Bathroom Mirrors Wall-Mounted Vanity Mirrors,"categories: Home & Kitchen Bath Bathroom Accessories Bathroom Mirrors Wall-Mounted Vanity Mirrors | features: …3 years warranty against electrical parts 4. EXCELLENT LED BACKLIT LIGHT: Top Brand EPISTAR LED Chip,CRI>90,No Flicker,UL LISTED Driver. Memory smart touch switch, Full Range Dimmable Light & Color Change. Support Wall Switch Control ON/OFF. 5.EASY INSTALLATION:Newest Hanging Hook Design. No need to align the screw holes.Horizontal and vertical. | details: Assembly Required No Batteries required No Brand SOLFART Frame Material Glass Frame Type Framed Item Weight 40.9 pounds Manufacturer SOLFART Material Glass, silver, Copper Mounting Type Wall Mount Number of Items 1 Number of Piece",smart_switch:approved_identity_phrase_absent|smart_switch:identity_not_in_title_or_categories|smart_switch:wrong_product:mirror,approved_identity_phrase_absent|identity_not_in_title_or_categories|wrong_product,features,switch|wall switch,,exclude,high,wrong_device_type,"Primary identity is a prohibited switch type, accessory, or RF-only item.",w3-v1.4.0-draft,44037388d40d43c6d23dd3fc3cd9eefca936ad41f941e74b82e9362ed0edaa3a
strong_exclusion_control,B0B6R8HNH6,smart_switch,Electronics,Computers,"MokerLink 5 Port 2.5G Ethernet Switch, 5 x 2.5GBASE-T Ports, Compatible with 10/100/1000Mbps, Metal Unmanaged Fanless Network Switch",Electronics Computers & Accessories Networking Products Switches,"categories: Electronics Computers & Accessories Networking Products Switches | features: 2.5G Ports: The network switch has 5 x 2.5Gigabit Ethernet Ports, compliant IEEE 802.3bz (2.5G) standard, auto negotiation backwards compatible 10/100/1000Mbps. Easy to Use: Unmanaged Plug and Play, just plug in the power cord, connect the ethernet cable directly to the device, without any configuration. Metal Fanless: With durable metal casing, fanless design lowers energy consumption, quiet no noise and stable oper… | details: Best Sellers Rank Computer Networking Switches 1137 Brand MokerLink Connector Type Plug In Country of Origin China Date First Available March 23, 2022 International Protection Ra",smart_plug:approved_identity_phrase_absent|smart_plug:identity_not_in_title_or_categories|smart_plug:wrong_product:ethernet switch|smart_plug:wrong_product:network switch|smart_switch:approved_identity_phrase_absent|smart_switch:required_target_context_absent|smart_switch:smart_evidence_not_in_title_or_categories|smart_switch:wrong_product:ethernet|smart_switch:wrong_product:ethernet switch|smart_switch:wrong_product:network|smart_switch:wrong_product:network switch|smart_switch:wrong_product:port,approved_identity_phrase_absent|multi-type conflict|required_target_context_absent|smart_evidence_not_in_title_or_categories|wrong_product,title|features|details,switch,wi fi|wifi,exclude,high,wrong_device_type,"Primary identity is a prohibited switch type, accessory, or RF-only item.",w3-v1.4.0-draft,48ef1e61e9405adcef034f66c9f40a0bba6b76ed45111a3d064c074d2e7134c8
strong_exclusion_control,B097N1RPZZ,smart_switch,Electronics,All Electronics,"Desktop Clamp Power Strip with USB, Power Charging Station Outlet with 3 Plugs 1 USB A 1 USB C PD 20W Fast Charging Outlets Switch, Desk Mount Multi-Outlets for Home Office Garage Workshop",Electronics Accessories & Supplies Power Strips & Surge Protectors Power Strips,"categories: Electronics Accessories & Supplies Power Strips & Surge Protectors Power Strips | features: …nd power outages. PD FAST CHARGING: Power outlet into a 3-port smart USB charging station with 3 handy AC outlets and 2 USB Outlets Ports with 1 Switch. Every single USB port can intelligently indentify your device and seeks to maximize its charging speed, USB-A Port:5V/2.4A,USB-C Port:18W 5V/3A;9V/2A,PD Fast Charging. SMART INSTALL SOLUTION: With the easy assemble mounting system, clamp removable outlet to the edge … | details: Best Sellers Rank Electronics 203878 Power Strips 3976 Brand VILONG Color Black Date First Available June 25, 2021 Item Dimensions LxWxH 7.91 x 5.67 x 4.21 inches",smart_plug:approved_identity_phrase_absent|smart_plug:conditional_without_specific_smart_control_evidence|smart_plug:smart_evidence_not_in_title_or_categories|smart_switch:approved_identity_phrase_absent|smart_switch:conditional_without_specific_smart_control_evidence|smart_switch:required_target_context_absent|smart_switch:smart_evidence_not_in_title_or_categories,approved_identity_phrase_absent|conditional_without_specific_smart_control_evidence|multi-type conflict|required_target_context_absent|smart_evidence_not_in_title_or_categories,title|features,switch,,exclude,high,wrong_device_type,"Primary identity is a prohibited switch type, accessory, or RF-only item.",w3-v1.4.0-draft,49ed403c8879f281334db85ec11ea53f349b01c8bd8bdad04e72d4d42af10486
strong_exclusion_control,B0C1N5VW6D,smart_switch,Electronics,All Electronics,"llano HDMI 2.1 Switch, HDMI Auto Switcher 4K@120Hz 8K@60Hz with IR Remote, Switcher Selector 4 in 1 Out Supports ARC, CEC, HDCP2.3, 3D, HDR10+ VRR ALLM for PS5 and Xbox",Electronics Home Audio Home Audio Accessories Distribution Selector Switch Boxes,"categories: Electronics Home Audio Home Audio Accessories Distribution Selector Switch Boxes | features: 【HDMI 2.1 Switch 4x1】The HDMI Switcher 4 in 1 out allows four HDMI sources to one HDMI display, no need to switch devices by plugging and unplugging the HDMI cable. Seamlessly switch between games, movies, and TV shows. No complicated setup and drivers are required. 【Smart 8K HDMI Switch Box】 Video Format - The Aluminum HDMI Selector supports multiple resolution up to 8K@60Hz 4K@120Hz 2K@144Hz 1080P@240Hz 4:4:4 8bit.… | details: Batteries 1 CR2 batteries required. (included) Best Sellers Rank Audio & Video Selector Boxes 44 Brand llano Cable Type HDMI Color Grey Compatible Devices INPUT: ",smart_switch:approved_identity_phrase_absent|smart_switch:required_target_context_absent|smart_switch:smart_evidence_not_in_title_or_categories,approved_identity_phrase_absent|required_target_context_absent|smart_evidence_not_in_title_or_categories,title|categories|features,switch|switch box,,exclude,medium,non_smart,Wall-lighting identity is present without approved connected-control evidence.,w3-v1.4.0-draft,51630fff503e3ede0f08fcec9d3c3a20a0bb161204ea250fd3d538ca5f7e418c
strong_exclusion_control,B0B87CHQSW,smart_switch,Electronics,Computers,"Portable Monitor, 15.6 inch 1080P Ultra-Slim Portable Monitor for Laptop USB-C HDMI Computer Display IPS Gaming Monitor with Smart Cover, External Second Monitor for PC Mac Phone PS4 Xbox Switch",Electronics Computers & Accessories Monitors,"categories: Electronics Computers & Accessories Monitors | features: …carry it where you go. Wide Connection: Equipped with dual Type-C port, mini HDMI ,the portable monitor is easily connect with PC,Mac, Phone, Raspberry Pi, Xbox, Switch and enables compatibility with any laptop with a HDMI port. No driver needed! Plug and Play: The portable monitor provides a Full Feature Type-C port and a mini HDMI port, just one USB C cable for both its video signal and power. NOTE: Your device sho… | details: Aspect Ratio 16:9 Best Sellers Rank Computer Monitors 363 Electronics 10726 Brand FANGOR Date First Available October 7, 2021 Display Resolution Maximum 1920x1080 Item Weight 1.35 pounds Item model",smart_plug:approved_identity_phrase_absent|smart_plug:identity_not_in_title_or_categories|smart_switch:approved_identity_phrase_absent|smart_switch:required_target_context_absent|smart_switch:wrong_product:monitor,approved_identity_phrase_absent|multi-type conflict|required_target_context_absent|wrong_product,title|features,switch,,exclude,high,wrong_device_type,"Primary identity is a prohibited switch type, accessory, or RF-only item.",w3-v1.4.0-draft,56788a1e4ae0d9ab15d69eb9d696d44d545d7d26be0e4476f2c36e23a4f3a9fb
strong_exclusion_control,B09MD79XPF,smart_switch,Home_and_Kitchen,Tools & Home Improvement,"Black LED Marquee Letter Lights, Light Up Letter Alphabet Sign with Diamond Bulbs Remote Control Timer Night Light Christmas Birthday Gifts for Wall Bedroom Party Table Decor-Letter H",Home & Kitchen Home Décor Products Home Décor Accents Decorative Accessories Decorative Signs & Plaques,"categories: Home & Kitchen Home Décor Products Home Décor Accents Decorative Accessories Decorative Signs & Plaques | features: …tage and fabulous atmosphere to your life. 【Functional Remote Control】It comes with a Smart 10 Meters Range of Remote Control which with On/Off, Dimmer+/-, Timing turn off lights in 10mins / 20mins /30mins for Options. Perfect for night light, just adjust the light to make it soft for reading and sleeping. 【Wall & Table Decor】Each marquee letters sign designed with flat bottom, which can be placed on the table steadi… | details: …attery Powered Product Dimensions 1.77 x 8.27 x 8.86 inches; 13.16 Ounces Shade Material Plastic Shape Bulb Special Features Dimmable Sty",smart_bulb:approved_identity_phrase_absent|smart_bulb:identity_not_in_title_or_categories|smart_plug:approved_identity_phrase_absent|smart_plug:identity_not_in_title_or_categories|smart_switch:approved_identity_phrase_absent|smart_switch:identity_not_in_title_or_categories|smart_switch:wrong_product:night light,approved_identity_phrase_absent|identity_not_in_title_or_categories|multi-type conflict|wrong_product,features|details,dimmer|switch,,exclude,high,wrong_device_type,"Primary identity is a prohibited switch type, accessory, or RF-only item.",w3-v1.4.0-draft,59f427caab596ab9f4ce76cfcbf840efe5bcfbb945739f4854c36479a497e725
strong_exclusion_control,B00GK63ZN2,smart_switch,Electronics,Computers,Linksys Business LGS326P 24-Port Gigabit PoE+ (192W) Smart Managed Switch with 2 Gigabit and 2 SFP Ports,Electronics Computers & Accessories Networking Products Switches,"categories: Electronics Computers & Accessories Networking Products Switches | features: Integrated Power over Ethernet Plus Proven performance and reliability Easy configuration and management | details: Batteries 1 Lithium Polymer batteries required. Best Sellers Rank Computer Networking Switches 3155 Data Transfer Rate 1000 Megabytes Per Second Date First Available March 11, 2014 Interface Type PoE, SFP Is Discontinued By Manufacturer No Item Weight 5.24 pounds Item model number LGS326P-EU Manufacturer Linksys Number of Processors 1 Product Dimensions 17.3 x 7.9 x 1.7 inches RAM 128 MB Voltage 240 Volts Wireless Ty…",smart_switch:approved_identity_phrase_absent|smart_switch:required_target_context_absent|smart_switch:wrong_product:port,approved_identity_phrase_absent|required_target_context_absent|wrong_product,title,switch,smart_near_switch,exclude,high,wrong_device_type,"Primary identity is a prohibited switch type, accessory, or RF-only item.",w3-v1.4.0-draft,61dcb2afb98db0876c5164d1d4e1ca2785b6cf3530e4837fac1235ac6bad1d1a
strong_exclusion_control,B0BDRC9N8Y,smart_switch,Electronics,Computers,"[NEW] 15.6"" Portable Monitor with 2 Durable Stands, LIMINK FHD 1080P IPS Extended Dual Monitor Built-in Speakers for MacOS/Wins Laptops, Switch/Xbox/PS 5, Come with Smart Cover, Rotatable Metal Holder",Electronics Computers & Accessories Monitors,"categories: Electronics Computers & Accessories Monitors | features: …h 2 x Thunderbolt 3.0 port to quickly connect and run the devices. An extra group of HDMI+USB-A group is almost covers all types of devices- it will compatible with your laptops/PC/Phones/PS5/PS4/Xbox/Switch. Through multiple display modes (Mirror/Extended/Second/Portrait), you can work more flexible. It is truly a lightweight monitor for travelers, students, gamers, engineers, and everyone. You have the speed, you h… | details: Aspect Ratio 16:9 Best Sellers Rank Computer Monitors 5934 Electronics 309579 Brand L LIMINK Date First Available September 30, 2022 Display Resolution Maximum 1920 x 1080 Pixels Image brightness 3",smart_switch:approved_identity_phrase_absent|smart_switch:required_target_context_absent|smart_switch:wrong_product:monitor,approved_identity_phrase_absent|required_target_context_absent|wrong_product,title|features,switch,,exclude,high,wrong_device_type,"Primary identity is a prohibited switch type, accessory, or RF-only item.",w3-v1.4.0-draft,679479898f237e15576cd96d93e6e346e7c3b37fe64f31fe143d59526b1ad700
strong_exclusion_control,B08BZHCFNZ,smart_switch,Home_and_Kitchen,Amazon Home,"2Pack Command Shelf Black Acrylic Floating Wall Shelves, Small Display Shelf, Expand Wall Space, Compatible with Nintendo Switch/Smart Speaker/Action Figures with Cable Clips",Home & Kitchen Home Décor Products Home Décor Accents Floating Shelves,"categories: Home & Kitchen Home Décor Products Home Décor Accents Floating Shelves | details: Shape Rectangular Age Range (Description) Adult Assembly Required Yes Brand Jorohiker Date First Available August 19, 2020 Furniture Finish black Installation Type Wall Mount Item Weight 14.9 ounces Material Acrylic Number of Items 2 Number of Shelves 2 Product Care Instructions Wipe with Dry Cloth Product Dimensions 3.5""D x 9""W x 2.4""H Room Type Bathroom, Bedroom, Living Room Shelf Type Floating Shelf Special Featu…",smart_switch:approved_identity_phrase_absent|smart_switch:wrong_product:nintendo switch,approved_identity_phrase_absent|wrong_product,title,switch,smart_near_switch,exclude,high,wrong_device_type,"Primary identity is a prohibited switch type, accessory, or RF-only item.",w3-v1.4.0-draft,6ade16a0cba71bcee57f8d91b27e06cc84b8028b0bb27708740cd261f44e252b
strong_exclusion_control,B0BK44N2SL,smart_switch,Electronics,Home Audio & Theater,2023 Amplified HD Digital Round TV Antenna Long 350 Miles Range - Support 4K 1080p Fire tv Stick and All Older TV's - Indoor Smart Switch Amplifier Signal Booster - 18ft HDTV Cable/AC Adapter,Electronics Television & Video Accessories Antennas TV Antennas,"categories: Electronics Television & Video Accessories Antennas TV Antennas | details: Antenna Television, Radio Brand Gesobyte Date First Available December 6, 2021 Item Dimensions LxWxH 1 x 1 x 1 inches Item Weight 14 ounces Manufacturer gesobyte Maximum Range 350 Miles Product Dimensions 1 x 1 x 1 inches",smart_switch:required_target_context_absent|smart_switch:wrong_product:smart switch amplifier|smart_switch:wrong_product:tv antenna,required_target_context_absent|wrong_product,title,switch,smart_near_switch,exclude,high,wrong_device_type,"Primary identity is a prohibited switch type, accessory, or RF-only item.",w3-v1.4.0-draft,70ab2628a6521a4a9aee948cb6e07ffd9a6e6b76f77b11ebcf0f054dcbc2d24d
strong_exclusion_control,B081J1FJVK,smart_switch,Home_and_Kitchen,Amazon Home,"Digital Alarm Clock for Bedrooms, Micarsky Wooden Led Clock with 3 Alarms Setting, 3 Levels Brightness, Dual Power, Dual Time (12/24), Voice Control, Temperature and Humidity Displaying(Brown)",Home & Kitchen Home Décor Products Clocks Alarm Clocks,"categories: Home & Kitchen Home Décor Products Clocks Alarm Clocks | features: 【3 Groups Alarm Clock & Weekday Mode】3 groups of alarm could be set for daily reminders for meeting, homework, travel, cooking, wake up, etc. With this Desk Digital Alarm Clock, you can set alarm clocks for sleep, meeting, travel, homework by your own schedule. And you can choose the alarms ring or not on weekend with the weekday mode, ensure you have a lie-in on weekend and will not be disturbed by alarms. 【Easy to… | description: …ing, date or any important time Features: -Display Function: It can have a fixed display with time, humidity and temperature or it can automatically switch between time, date, humidity",smart_switch:approved_identity_phrase_absent|smart_switch:identity_not_in_title_or_categories|smart_switch:required_target_context_absent|smart_switch:wrong_product:alarm clock,approved_identity_phrase_absent|identity_not_in_title_or_categories|required_target_context_absent|wrong_product,title|description,dimmer|switch,voice control,exclude,high,wrong_device_type,"Primary identity is a prohibited switch type, accessory, or RF-only item.",w3-v1.4.0-draft,7149f95e9aea03c516e8667eb328357585d39acbee5155bda41438b0dcc57501
strong_exclusion_control,B00ZGJ92EU,smart_switch,Home_and_Kitchen,Amazon Home,"Sonic Bomb Traveler Alarm Clock (100db) with Bed Shaker & Vibrater with Adjustable Controls Alarm and Snooze Times, USB Port For Phone Charging, BONUS FREE 6 Ft Cable Included",Home & Kitchen Home Décor Products Clocks Alarm Clocks,"categories: Home & Kitchen Home Décor Products Clocks Alarm Clocks | description: …30 minutes your choice- User selectable alarm duration from 1-59 minutes- 100db alarm with adjustable tone and volume control- Dual Alarm- Five-level dimmer control- 12 or 24 hour time formats- Alarm & Bed Shaker Test Mode now test these functions at any time- Battery backup will back up the time and alarm settings up to one week- Green power technology now uses 60% less energy- 6 foot cable | details: Age Range (Description) Adult Alarm Clock Yes Are Batteries Included No Brand Sonic Bomb Date First Available June 11, 2015 Display Type Digital Frame Material Acrylonitrile Butadiene Styrene Is Discontinued By ",smart_switch:approved_identity_phrase_absent|smart_switch:identity_not_in_title_or_categories|smart_switch:required_target_context_absent|smart_switch:wrong_product:alarm clock|smart_switch:wrong_product:port,approved_identity_phrase_absent|identity_not_in_title_or_categories|required_target_context_absent|wrong_product,description,dimmer,,exclude,high,wrong_device_type,"Primary identity is a prohibited switch type, accessory, or RF-only item.",w3-v1.4.0-draft,78534d68f559df9e4a3935e3c42352a16626842c998de888ec0b70dad82dace6
strong_exclusion_control,B00XIG69FS,smart_switch,Electronics,Computers,"GearIT 5-Pack, Cat 6 Ethernet Cable Cat6 Snagless Patch 7 Feet - Snagless RJ45 Computer LAN Network Cord, Orange - Compatible with 5 Port Switch POE 5port Gigabit",Electronics Computers & Accessories Computer Accessories & Peripherals Cables & Accessories Cables & Interconnects Ethernet Cables Cat 6 Cables,"categories: Electronics Computers & Accessories Computer Accessories & Peripherals Cables & Accessories Cables & Interconnects Ethernet Cables Cat 6 Cables | features: High-precision, Cat 6, ANSI/TIA-568-C.2 compliant, ETL Verified, Ethernet LAN patch cable, pre-terminated with RJ45 connectors Premium quality, long-lasting materials, durable design, and a Lifetime Warranty for the price of a generic cable. ETL Verified to ensure maximum reliability and compatibility UTP 24AWG stranded conductors for flexibility, twisted in pairs and nested in a spline to minimize crosstalk, 50 mic… | description: future-proof your network for 10-Gigabit Ethernet with GearIT Cat 6 network patch cables. With G",smart_switch:approved_identity_phrase_absent|smart_switch:required_target_context_absent|smart_switch:smart_evidence_not_in_title_or_categories|smart_switch:wrong_product:ethernet|smart_switch:wrong_product:network|smart_switch:wrong_product:port,approved_identity_phrase_absent|required_target_context_absent|smart_evidence_not_in_title_or_categories|wrong_product,title,switch,,exclude,high,wrong_device_type,"Primary identity is a prohibited switch type, accessory, or RF-only item.",w3-v1.4.0-draft,79eba8f0804c986273d3f5709924a342fce0f11b6c009db942afde832849594a
strong_exclusion_control,B08ZSDGLJC,smart_switch,Home_and_Kitchen,Amazon Home,"Grail-Life 30x36 Inch LED Bathroom Mirror,Rectangle Dimmable Wall Mounted Mirror for Vanity Makeup,Premium Aluminum Frame,Anti-Fog,Three Color Temperature,Memory Touch Switch,IP44 Waterproof,CRI>92",Home & Kitchen Bath Bathroom Accessories Bathroom Mirrors Wall-Mounted Vanity Mirrors,"categories: Home & Kitchen Bath Bathroom Accessories Bathroom Mirrors Wall-Mounted Vanity Mirrors | features: …n. There is an explosion-proof film behind the mirror, even if it is accidentally broken, the glass will not splash and cause harm to the human body 【Smart Touch Switch】- In the case of power on,single click on the button will turn on the LED light and defogging function; click again to switch the color temperature (3000K), (4000K), (6500K), long press to adjust the brightness of the LED light (10%-100%), in addition… | details: Assembly Required No Best Sellers Rank Home & Kitchen 2265648 Wall-Mounted Vanity Mirrors 808 Brand Grail-Life Date First Available May 10, 2021 Finish Type",smart_switch:approved_identity_phrase_absent|smart_switch:smart_evidence_not_in_title_or_categories|smart_switch:wrong_product:mirror,approved_identity_phrase_absent|smart_evidence_not_in_title_or_categories|wrong_product,title|features,switch,,exclude,high,wrong_device_type,"Primary identity is a prohibited switch type, accessory, or RF-only item.",w3-v1.4.0-draft,8437633eb8c7faeaa3f701c51eb8e6835bdca348749482a3226790029e1b6a6c
strong_exclusion_control,B0C1YJM3MV,smart_switch,Electronics,Amazon Home,"G Keni Wooden Dual Alarm Clock with 10W Fast Wireless Charging Dock, Auto Time Setting, Bluetooth, FM Radio, USB Charging Port, Sleep Timer, Dimmer Snooze Clock for Bedroom, Bedside, Office Desk",Electronics Home Audio Compact Radios & Stereos Clock Radios,"categories: Electronics Home Audio Compact Radios & Stereos Clock Radios | features: [ Elegant Wooden Alarm Clock Radio with Dimmer ] - The gentle light of this digital alarm clock will make it easy to view time in the darkness, it has 4 choices (High/Middle/Low/Off) fits all of your request in one day for comfortable viewing. It also has a dual alarm setting with snooze, sleep timer, FM radio, Bluetooth speaker, AUX-IN function. [ 10W Fast Wireless Charging Station ] - This Dual alarm clock radio wi… | details: Age Range (Description) All Alarm Clock Yes Are Batteries Included No Best Sellers Rank Clock Radios 189 Clocks 3032 Electronics 86990 Brand G Keni Country of Origin China Date First",smart_switch:approved_identity_phrase_absent|smart_switch:conditional_without_specific_smart_control_evidence|smart_switch:smart_evidence_not_in_title_or_categories|smart_switch:wrong_product:alarm clock|smart_switch:wrong_product:port,approved_identity_phrase_absent|conditional_without_specific_smart_control_evidence|smart_evidence_not_in_title_or_categories|wrong_product,title|features,dimmer,,exclude,high,wrong_device_type,"Primary identity is a prohibited switch type, accessory, or RF-only item.",w3-v1.4.0-draft,85682d55936b75917a005d85c37452a02a87f57e96f5e4133ce312744b4371a7
strong_exclusion_control,B09QG2LTG7,smart_switch,Electronics,All Electronics,"USB to Ethernet Adapter, Plug & Play USB 3.0 to 1000 Gigabit RJ45 LAN Ethernet Adapter for Laptop, Aluminium Portable USB Network Adapter Compatible for Nintendo Switch MacBook PC Mac Window - QUUGE",Electronics Computers & Accessories Networking Products Network Adapters USB Network Adapters,"categories: Electronics Computers & Accessories Networking Products Network Adapters USB Network Adapters | features: …3.0 to ethernet adapter supports fast network speeds of up to 1000Mbps, adding a stable wired network connection to your MacBook MAC OS laptop, switch or Raspberry Pi, PC motherboard, up to 10 times faster than 100/10Mbps networks. Enjoy super-fast wired networks even in places without WiFi [Wide Compatibility & Plug and Paly] QUUGE USB 3.0 ethernet usb adapter is compatible with MacBook Air, MacBook Pro, Surface Boo… | details: Best Sellers Rank USB Computer Network Adapters 381 Brand QUUGE Color Grey, black Compatible Devices Laptop, Desktop, Switch, Tv box, Tablet Country",smart_plug:approved_identity_phrase_absent|smart_plug:smart_evidence_not_in_title_or_categories|smart_plug:wrong_product:plug and play|smart_switch:approved_identity_phrase_absent|smart_switch:required_target_context_absent|smart_switch:smart_evidence_not_in_title_or_categories|smart_switch:wrong_product:ethernet|smart_switch:wrong_product:network|smart_switch:wrong_product:nintendo switch,approved_identity_phrase_absent|multi-type conflict|required_target_context_absent|smart_evidence_not_in_title_or_categories|wrong_product,title|features|details,switch,wi fi|wifi,exclude,high,wrong_device_type,"Primary identity is a prohibited switch type, accessory, or RF-only item.",w3-v1.4.0-draft,8b06bfc02da8ff59bbded86aee03a1497a985eab17b0f82b9e0486f0a62b5a2c
strong_exclusion_control,B07BHDBNGW,smart_switch,Home_and_Kitchen,Amazon Home,Kidshome Mirror Alarm Clock Digital Clock Desk Clock Bedside Clock Mirror Surface with USB Charger Ports for Home Office Hotel Room Decorate (Red Dispaly),Home & Kitchen Home Décor Products Clocks Alarm Clocks,"categories: Home & Kitchen Home Décor Products Clocks Alarm Clocks | features: ⏰ BRIGHTNESS ADJUSTABLE - High sensitive light sensor, 3 levels of brightness, this digital clock can adjust the brightness automatically according to the ambient light, also can be set manually, provide a comfortable brightness for wonderful experience, also helps to protect your eyes ⏰ SNOOZE FUNCTION - With pre-settable snooze function, the dafault snooze time is 5 minutes, when the alarm beeps, press SNOOZE butt… | description: …utes more snooze time, press any other buttons except the SNOOZE button to turn off the alarm and snooze Creative 12/24 Hour Table Clock You can switch between 12/24 hour display modes",smart_switch:approved_identity_phrase_absent|smart_switch:identity_not_in_title_or_categories|smart_switch:required_target_context_absent|smart_switch:wrong_product:alarm clock|smart_switch:wrong_product:mirror,approved_identity_phrase_absent|identity_not_in_title_or_categories|required_target_context_absent|wrong_product,description,dimmer|switch,,exclude,high,wrong_device_type,"Primary identity is a prohibited switch type, accessory, or RF-only item.",w3-v1.4.0-draft,96928f40fd1fd7c2cf1a7b7d7f5bc5abbbf34cc8aa69bd22c207bf2f6d8c0b7d
strong_exclusion_control,B083SNLTB1,smart_switch,Electronics,Computers,"256GB Micro SD Card for Nintendo Switch, U3 MicroSDXC V30 Memory Card for Gopro Hero 7 Hero 8 Android Smartphone Digital Camera Tablet and DJI Drone,TF Card with Adapter",Electronics Computers & Accessories Computer Accessories & Peripherals,"categories: Electronics Computers & Accessories Computer Accessories & Peripherals | features: Designed for Gaming Device.Good value for Nintendo Switch,extended to a large memory capacity to store more games. U3 V30 High Speed: Read speed up to 100MB/s, write speed up to 50MB/s. High transfer speed will save your time of the data transferring.( Actual test speed base on USB3.0 card reader in USB3.0 Port, for devices that don't support UHS-I or USB2.0 port, the transmission speed will be different due to inter… | details: Best Sellers Rank Computer Accessories & Peripherals 98688 Brand Povee Color 256GB Compatible Devices Gaming Console Date First Available April 23, 2020 Flash Memory Type M",smart_switch:approved_identity_phrase_absent|smart_switch:required_target_context_absent|smart_switch:smart_evidence_not_in_title_or_categories|smart_switch:wrong_product:nintendo switch,approved_identity_phrase_absent|required_target_context_absent|smart_evidence_not_in_title_or_categories|wrong_product,title|features,switch,,exclude,high,wrong_device_type,"Primary identity is a prohibited switch type, accessory, or RF-only item.",w3-v1.4.0-draft,a123aac7ac93c897d471f5d443aa395fe10cba1037deeecccfdcc4c2991399bd
strong_exclusion_control,B08TQLZLTJ,smart_switch,Home_and_Kitchen,Amazon Home,"DGSCIENCY Alarm Clock Radio for Bedroom, Large LCD Digital Clock with Dual USB Charger, Brightness Dimmer, Temperature Display, Dual Alarms, Adjustable Alarm Volume, Snooze, Battery Backup",Home & Kitchen Home Décor Products Clocks Alarm Clocks,"categories: Home & Kitchen Home Décor Products Clocks Alarm Clocks | features: ⏰【 DUAL ALARM CLOCK 】This digital dual alarm clock with separate weekend/weekday/all-7-day mode satisfy the needs of everyone and every family. You may choose one of the 6 built-in tones (Beep/Piano/Buzzer/Bird/Soft Music) or radio as wake up sound, which gradually increases in volume from gentle to the level you set (options from level 3 to 16). Snooze allows extra 9 minutes of slumber. ⏰【FM RADIO & SLEEP TIMER】Thi… | description: …ency before falling asleep with sleep timer: 10-120min. 3.5mm headphone jack makes it convenient not disturbing others nearby. 3.2” LCD Display with Adjustable Dimmer The alarm clock r",smart_switch:approved_identity_phrase_absent|smart_switch:conditional_without_specific_smart_control_evidence|smart_switch:smart_evidence_not_in_title_or_categories|smart_switch:wrong_product:alarm clock,approved_identity_phrase_absent|conditional_without_specific_smart_control_evidence|smart_evidence_not_in_title_or_categories|wrong_product,title|description,dimmer,,exclude,high,wrong_device_type,"Primary identity is a prohibited switch type, accessory, or RF-only item.",w3-v1.4.0-draft,a6d11efc8ef9b8a0433774a75fba1cd0b4b81b049810943b8af0e9f557b713f5
strong_exclusion_control,B07XPVJCQY,smart_switch,Home_and_Kitchen,Home Audio & Theater,"【Upgraded】 Digital Alarm Clock, with Wooden Electronic LED Time, Large Display, 3 Alarm Settings, Wood Made Electric Clocks for Bedroom, Bedside, Office, Black",Home & Kitchen Home Décor Products Clocks Alarm Clocks,"categories: Home & Kitchen Home Décor Products Clocks Alarm Clocks | features: …justment】：The soft LED light will be displayed on a smooth wooden surface with adjustable brightness level L1 = brightest L2 = medium L3 = low brightness, day and night smart switch, 07:00-17:59 brightest, 18:00-06: 59 low brightness, adjust the brightness to meet your needs. 【Intelligent Voice】: In the sound control mode, the noise is controlled at 50-60 DB or close to the sound to wake up the smart LED wooden alarm… | description: Toota wooden alarm clock is stylish and simple enough to fit your house and furniture. It's not only an alarm clock, but a nice extra decoration for your bedside. Product Features: - ",smart_switch:approved_identity_phrase_absent|smart_switch:identity_not_in_title_or_categories|smart_switch:required_target_context_absent|smart_switch:wrong_product:alarm clock,approved_identity_phrase_absent|identity_not_in_title_or_categories|required_target_context_absent|wrong_product,features,switch,,exclude,high,wrong_device_type,"Primary identity is a prohibited switch type, accessory, or RF-only item.",w3-v1.4.0-draft,abc6a8e269a2521b0042f0c220b2768b027975cf708f59d534c025ae695081bb
strong_exclusion_control,B002HXW984,smart_switch,Electronics,Office Products,"Cisco SPA504G 4-Line IP Phone with 2-Port Switch, PoE and LCD Display, Silver, Grey (Power Supply not Included)",Electronics Computers & Accessories Networking Products Switches,"categories: Electronics Computers & Accessories Networking Products Switches | features: 2-Port Switch | description: Product Description Cisco SPA504G 4-Line IP Phone with 2-Port Switch, PoE and LCD Display, Silver, Grey From the Manufacturer The Cisco SPA 504G 4-line IP Phone provides small businesses a rich user experience with a monochrome backlit display for ease of use, aesthetics, and on-screen applications; HD voice for unsurpassed voice clarity; enhanced full duplex speaker phone for clear conversations across the desk; and… | details: Answering System Type Digital Best Sellers Rank Computer Networking Switches 1376 Brand Cisco Color Black Conference Call Capability 4-way Date First",smart_plug:approved_identity_phrase_absent|smart_plug:identity_not_in_title_or_categories|smart_switch:approved_identity_phrase_absent|smart_switch:required_target_context_absent|smart_switch:smart_evidence_not_in_title_or_categories|smart_switch:wrong_product:port|smart_switch:wrong_product:power supply,approved_identity_phrase_absent|multi-type conflict|required_target_context_absent|smart_evidence_not_in_title_or_categories|wrong_product,title|features|description,switch,wi fi|wifi,exclude,high,wrong_device_type,"Primary identity is a prohibited switch type, accessory, or RF-only item.",w3-v1.4.0-draft,ad74dd36a00a295be0e67ac1004f8da0837546ae29205883c3b9cdccce1d40f5
strong_exclusion_control,B07MHLHRRR,smart_switch,Electronics,All Electronics,"Extra Loud Alarm Clock with Bed Shaker, Vibrating Alarm Clock for Heavy Sleepers, Deaf and Hard of Hearing, Dual Alarm Clock with USB Charger, 7-Inch Display, Full Range Dimmer, Battery Backup - Blue",Electronics Home Audio Compact Radios & Stereos Clock Radios,"categories: Electronics Home Audio Compact Radios & Stereos Clock Radios | features: ⏰ LARGE DISPLAY WITH FULL RANGE DIMMER — LIELONGREN Jumbo Clock has 7 inch large display, 2-inch LED digits and full range brightness dimmer, which ensure ultra-clear, large and dimmable display. ⏰DUAL ALARM MODE — You can set this Digital Alarm Clock to wake by bed shaker only, loud buzzer only or both. Even you are a heavy sleeper, the super bed shaker and extra-loud buzzer can easily wake you up on time. ⏰DUAL SMA… | description: …d buzzer volume and vibration intensity. - Dual USB Charger, safely charge your iOS devices and Android devices. - 7-Inch Large Display with Full Range Brightness Dimmer. - Very",smart_switch:approved_identity_phrase_absent|smart_switch:conditional_without_specific_smart_control_evidence|smart_switch:smart_evidence_not_in_title_or_categories|smart_switch:wrong_product:alarm clock,approved_identity_phrase_absent|conditional_without_specific_smart_control_evidence|smart_evidence_not_in_title_or_categories|wrong_product,title|features|description,dimmer,,exclude,high,wrong_device_type,"Primary identity is a prohibited switch type, accessory, or RF-only item.",w3-v1.4.0-draft,af318665fc27f9cd716a05be297abbc400b6efa0bc4b3aa0a9e43d8233c4a223
strong_exclusion_control,B0BN133VNN,smart_switch,Home_and_Kitchen,Amazon Home,"GESIPOR 60""x36"" Bathroom LED Mirror with Wireless Speaker Wall Switch - Lighted Vanity Mirrors for Bathroom Wall Mounted Backlit, Dimmable Light 3000K/6000K Anti-Fog Makeup Smart Mirror (Horizontal)",Home & Kitchen Bath Bathroom Accessories Bathroom Mirrors Wall-Mounted Vanity Mirrors,"categories: Home & Kitchen Bath Bathroom Accessories Bathroom Mirrors Wall-Mounted Vanity Mirrors | features: … nightly routine, proper lighting is key. Press 3 Seconds to change the Color Temperature between Warm Light and Daylight and Use the Brightness Dimmer to get the best light you need. The Mirror could bring super bright lights to your bathroom. The memory button retains the last use of light, eliminating the need for redundant operations. 【Anti-Fog and No Light Leaking】 Gesipor wall mounted lighted vanity mirror has … | details: Assembly Required Yes Best Sellers Rank Home & Kitchen 185263 Wall-Mounted Vanity Mirrors 87 Brand GESIPOR Color Inlaid Country of Origin China Date First A",smart_switch:wrong_product:mirror,wrong_product,title|features,dimmer|switch|wall switch,,exclude,high,wrong_device_type,"Primary identity is a prohibited switch type, accessory, or RF-only item.",w3-v1.4.0-draft,b406c14f611d080cd07d0246c3f0893966fcc820916e19c1feda349d3366ab93
strong_exclusion_control,B09DK5YL7S,smart_switch,Home_and_Kitchen,Amazon Home,"AVAWING LED Light Mirror, 28 x 36 Inch Makeup Mirror with Lights, Dimmable Vanity Mirror, Anti-Fog Backlit Mirror Bathroom with CRI 95+ LED, Smart Touch Button, 3 Colors Lights for WallWall",Home & Kitchen Bath Bathroom Accessories Bathroom Mirrors Wall-Mounted Vanity Mirrors,"categories: Home & Kitchen Bath Bathroom Accessories Bathroom Mirrors Wall-Mounted Vanity Mirrors | features: …nd then restarted, it will return to the previous state of use. 🚿【Anti-Fog Bathroom Mirror】Backlit mirror into the anti-fog state just need to tap the switch automatically to always keep a clear reflection image.IP54 waterproof grade enables LED mirrors to be used for a long time and ensures safe lightning in a wet bathroom. 🚿【Easy Operation】Touch screen is very sensitive. Touch the dimmer button of the smart bathroo… | details: Assembly Required No Best Sellers Rank Home & Kitchen 656179 Wall-Mounted Vanity Mirrors 308 Brand AVAWING Country of Origin China Date First Available Augu",smart_switch:approved_identity_phrase_absent|smart_switch:identity_not_in_title_or_categories|smart_switch:wrong_product:mirror,approved_identity_phrase_absent|identity_not_in_title_or_categories|wrong_product,features,dimmer|switch,,exclude,high,wrong_device_type,"Primary identity is a prohibited switch type, accessory, or RF-only item.",w3-v1.4.0-draft,b86c281f3d3124edcbd9679f4849822d86dde9b5aee7eda0716c28b191d0060c
strong_exclusion_control,B09V7D5J98,smart_switch,Home_and_Kitchen,Amazon Home,"LED Light Mirrors 16""x48"" LED Mirror Full Length Dressing Mirror Large Rectangle Bedroom Bathroom Living Room Mirrors with Touch Button and Plug, Dimmable Lighting, 3 Colors Warm/Natural/White",Home & Kitchen Bath Bathroom Accessories Bathroom Mirrors Wall-Mounted Vanity Mirrors,"categories: Home & Kitchen Bath Bathroom Accessories Bathroom Mirrors Wall-Mounted Vanity Mirrors | features: Dimmable LED Mirror: This mirror light is dimmable, controlled with light switch button.Long press the light button to adjust the brightness of the mirror light Classic and Luxury Appearance: The design of black metal framed wall mirror for bathroom strengthen the glass surface making it less susceptible to breakages, enhancing fashion and luxurious fit most of the space 5MM Eco-Friendly Mirror: Copper free HQ Silver… | description: LED Light Mirrors Dressing Mirror, Bathroom Mirror, Make Smart Home Life LED LIGHT MIRRORS has been committed to helping simplify busy lifestyles by prov",smart_plug:approved_identity_phrase_absent|smart_plug:smart_evidence_not_in_title_or_categories|smart_switch:approved_identity_phrase_absent|smart_switch:identity_not_in_title_or_categories|smart_switch:wrong_product:mirror,approved_identity_phrase_absent|identity_not_in_title_or_categories|multi-type conflict|wrong_product,features|description,dimmer|light switch|switch|wall switch,smart home,exclude,high,wrong_device_type,"Primary identity is a prohibited switch type, accessory, or RF-only item.",w3-v1.4.0-draft,bb30fd3d8b09dbd44b8a5f02829babd1433b4efc98b35d66f19704cc11e0c9da
strong_exclusion_control,B076Q8J1QY,smart_switch,Electronics,,"Cat 6 Ethernet Cable 10 ft White, Pro Elechain Internet Network Cable 3m, Category 6 Gigabit RJ45 Snagless LAN Patch Cord, for Computer, Desktop, Laptop, Switch, Router, PS3, Xbox",Electronics Computers & Accessories Computer Accessories & Peripherals Cables & Accessories Cables & Interconnects Ethernet Cables Cat 6 Cables,"categories: Electronics Computers & Accessories Computer Accessories & Peripherals Cables & Accessories Cables & Interconnects Ethernet Cables Cat 6 Cables | features: …idth of up to 550 MHz and data transfer speed up to 10 Gbps. Network cables provide a safer, faster and more stable Internet environment than Wi-Fi when you are watching videos, playing games, upload/download files etc Pro Elechain Cat6 Ethernet cables are made up of 24 AWG Pure Copper, PVC jacket, and Snagless RJ45 connectors. These network patch cords comply with TIA/EIA 568-C.2, UL listed(CM grade), ETL verified, … | description: Pro Elechain Ethernet Patch Cable CAT6 : Combining high-quality performance with universal com",smart_switch:approved_identity_phrase_absent|smart_switch:required_target_context_absent|smart_switch:smart_evidence_not_in_title_or_categories|smart_switch:wrong_product:ethernet|smart_switch:wrong_product:network|smart_switch:wrong_product:router,approved_identity_phrase_absent|required_target_context_absent|smart_evidence_not_in_title_or_categories|wrong_product,title|features,switch,wi fi|wifi,exclude,high,wrong_device_type,"Primary identity is a prohibited switch type, accessory, or RF-only item.",w3-v1.4.0-draft,bd25e97176db80758a3f2f8c49b32a84b55421d802fd8aad6b585356a9118883
strong_exclusion_control,B09J4W4VSX,smart_switch,Electronics,Industrial & Scientific,"Cat 8 Ethernet Cable 100 FT, High Speed Network LAN Cable Shielded with Gold Plated RJ45 Connector, 30AWG 40Gbps 2000MHz High Speed Ethernet Cable for PS4, PS5, Ethernet Switch, Router, Modem, Black",Electronics Computers & Accessories Computer Accessories & Peripherals Cables & Accessories Cables & Interconnects Ethernet Cables Cat 7 Cables,"categories: Electronics Computers & Accessories Computer Accessories & Peripherals Cables & Accessories Cables & Interconnects Ethernet Cables Cat 7 Cables | features: [100 FT ETHERNET CABLE HIGH SPEED] CAT 8 ethernet cable 100ft provides bandwidth up to 2000MHz and data transmission speed up to 40 Gigabits. Perfect for online gaming and online high definition video streaming, server applications, cloud computing, video surveillance, PS4 internet connection [STABLE PERFORMANCE] The 100ft ethernet cord Cat 8 made of 4 shielded foiled twisted pair (U/FTP) and 100% Oxygen Free Copper… | details: Brand Trongle Cable Type Ethernet Compatible Devices TV, Scanner, Hubs, Laptop , Printer , Router , ",smart_switch:approved_identity_phrase_absent|smart_switch:required_target_context_absent|smart_switch:smart_evidence_not_in_title_or_categories|smart_switch:wrong_product:ethernet|smart_switch:wrong_product:ethernet switch|smart_switch:wrong_product:network|smart_switch:wrong_product:router,approved_identity_phrase_absent|required_target_context_absent|smart_evidence_not_in_title_or_categories|wrong_product,title,switch,,exclude,high,wrong_device_type,"Primary identity is a prohibited switch type, accessory, or RF-only item.",w3-v1.4.0-draft,bda2899d3c21f73ece251340113e335ef6e210534593fb537c04e2008fb03704
strong_exclusion_control,B094J5DSWD,smart_switch,Electronics,Computers,RheoPad: Passive Fluid Laptop Cooling Pad for Mobile Phone/Laptop/Tablet PC/Nintendo Switch/Power Bank/Adapter/Apple TV/WiFi Router/Set-up Box/Crypto Mining Machine/Camera/GoPro/AR/VR Goggle,,"features: …, LG, Google, Huawei...), LAPTOPS (Apple Macbook, Microsoft, Dell, HP, ASUS, Acer, Lenovo...), TABLET PCs (iPad, Surface Pro, Dell, HP, ASUS, Acer...), GAME CONSOLES (Nintendo Switch, PS, Xbox), and POWER BANKS/ADAPTERS/CHARGERS… Ultra-low profile, ultra-slim, portable, and lightweight with long-lasting durability. Major advantage over the USB-powered cooling fans. NO ENERGY and POWER CONSUMPTION (PURE PASSIVE). Fanl… | description: RheoPad, based on our proprietary nanorheology-enabled dual-mode passive cooling technology, is designed to work seamlessly with mobile devices such as mobile phones, laptops, tablet PCs, game consoles, power banks, etc. Under passive liquid-cooling mo",smart_switch:approved_identity_phrase_absent|smart_switch:required_target_context_absent|smart_switch:wrong_product:nintendo switch|smart_switch:wrong_product:router,approved_identity_phrase_absent|required_target_context_absent|wrong_product,title|features,switch,wi fi|wifi,exclude,high,wrong_device_type,"Primary identity is a prohibited switch type, accessory, or RF-only item.",w3-v1.4.0-draft,c1a6406545392eb3b1995f3b3ca7de3fcacea9ffaf8031bfa237278fdd003464
strong_exclusion_control,B08DXXJJQK,smart_switch,Home_and_Kitchen,Amazon Home,"Coffee Cup Warmer for Desk with Touch Screen Switch, Coffee Mug Warmer for Office Home Use, Cup Warmer Plate for Coffee, Milk, Tea, Water(wood grain)","Home & Kitchen Kitchen & Dining Coffee, Tea & Espresso Beverage Warmers","categories: Home & Kitchen Kitchen & Dining Coffee, Tea & Espresso Beverage Warmers | features: …mer is only the size of a palm, compact and portable, and can be carried anywhere 【Easy to use】: This coffee mug warmer equipped with auto shut off switch. Just plug the adapter into the outlet, then place your mug on the warmer plate and the cup warmer will work auto, take the cup away, the cup warmer will shut off auto. No need for an extra operation. 【Suitable for most cups】: The cup warmer plate is suitable for M… | description: …iption Why do you need to have a coffee mug warmer? Keep your favorite mug of coffee, tea, or cocoa hot when you want it. The convenient on/off switch with on light ",smart_plug:approved_identity_phrase_absent|smart_plug:identity_not_in_title_or_categories|smart_switch:approved_identity_phrase_absent|smart_switch:required_target_context_absent|smart_switch:smart_evidence_not_in_title_or_categories,approved_identity_phrase_absent|multi-type conflict|required_target_context_absent|smart_evidence_not_in_title_or_categories,title|features|description,switch,,exclude,high,wrong_device_type,"Primary identity is a prohibited switch type, accessory, or RF-only item.",w3-v1.4.0-draft,c48b5f3916117f4c2b619c0bfa591a1abf03a460138cbd201e1e707b21373a98
strong_exclusion_control,B07V1VP68P,smart_switch,Electronics,All Electronics,"High-End PD(100W)/QC Charger, 4-Port Power Delivery(PD)/PPS/QC3.0 Compatible with MacBook Pro, Laptop, Galaxy Note, IPad Pro, HP, Asus, MSI, LG, Gaming Laptop, Nintendo Switch,Rog",Electronics Computers & Accessories,"categories: Electronics Computers & Accessories | features: [USB-C POWER DELIVERY] : Provides charge of 100W to quickly charge of your Type-C devices, Output: PD100W, 5V/3A, 9V/3A, 12V/3A, 15V/3A, 20V/5A [USB-A QUICK CHARGE 3.0] : Provides charge of 18W to quickly charge of your Type-A devices with Quick Charge by Qualcomm (QC3.0) supported, Output: QC18W, 5V/3A, 6~9V/2A, 9~12V/1.5A [MULTI-PORT] : Provides 4-Port for your purposing with C-type 1PD-Port, A-type 1QC-Port & 5V … | description: … inch UL, FCC, CE, RoHS Certified UL, FCC, CE, RoHS Certified Laptops : - MacBook Pro Series with Type-C Port 2016/2017/2018 - New Macbook Air 2018, iPad Pro 2018 - Google Chromebook Ultra Pixel 2 - Acer",smart_switch:approved_identity_phrase_absent|smart_switch:required_target_context_absent|smart_switch:smart_evidence_not_in_title_or_categories|smart_switch:wrong_product:nintendo switch|smart_switch:wrong_product:port,approved_identity_phrase_absent|required_target_context_absent|smart_evidence_not_in_title_or_categories|wrong_product,title|description,switch,,exclude,high,wrong_device_type,"Primary identity is a prohibited switch type, accessory, or RF-only item.",w3-v1.4.0-draft,c4c3a5d351226c34bbf96e2c19dc26ff111c57a7f5e6572cfd711b7f0c983fa7
strong_exclusion_control,B0773YYZ69,smart_switch,Electronics,,Nexxt Solutions 8-Port Fast Ethernet Network Switch [Naxos800] | Smart Plug and Play Unmanaged Desktop Switch with Internet Splitter,Electronics Computers & Accessories Networking Products Switches,"categories: Electronics Computers & Accessories Networking Products Switches | features: Internet Splitter- Connect your Laptop, Gaming Console, PC, Printer, for Lag-Free and Stable signals Plug and Play, Simple setup with no software or configuration needed, Connect to your router or modem for additional wired connections Full duplex and half duplex back pressure flow control with integrated lightning protection, a sturdy metal case, and quiet fanless operation 8-Ports of Auto Sensing 10/100 mbps speed… | description: The Naxos800 is an unmanaged compact desktop switch, especially designed for SOHO, student dormitories, and small enterprise users. It has 8 UTP/STP ports with auto MDI/MDIX, ",smart_plug:wrong_product:network switch|smart_plug:wrong_product:plug and play|smart_switch:approved_identity_phrase_absent|smart_switch:required_target_context_absent|smart_switch:wrong_product:ethernet|smart_switch:wrong_product:network|smart_switch:wrong_product:network switch|smart_switch:wrong_product:port,approved_identity_phrase_absent|multi-type conflict|required_target_context_absent|wrong_product,title|description,switch,smart_near_switch,exclude,high,wrong_device_type,"Primary identity is a prohibited switch type, accessory, or RF-only item.",w3-v1.4.0-draft,c91ad5720fe0a9a30abce2c4adaed45cb927c7ff140bcf2af01f0ab837ccbac5
strong_exclusion_control,B08GP2B9W2,smart_switch,Electronics,Computers,"NexiGo 15.6 Inch Portable Monitor, Full HD 1080P 144Hz IPS Computer Display, Eye-Care Screen with HDMI Type-C Speakers for Laptop PC Mac Surface PS4 Xbox Switch, Included Black Smart Cover",Electronics Computers & Accessories Monitors,"categories: Electronics Computers & Accessories Monitors | features: …the monitor and the connected device. Enjoy smooth gaming or video streaming! 【Wide Compatibility】Compatible with?laptops, desktops, phones, PS3/4, Xbox, Switch, etc. You can easily extend or duplicate your screen by HDMI/ Type-C connection. 【Slim and Sleek】Exquisite slim and portable pad design with a thickness of 4mm and weight of 1.61lb. Aluminum alloy shell with brushed surface and smart cover add elegance to the… | details: Aspect Ratio 16:9 Best Sellers Rank Computer Monitors 9968 Electronics 547717 Brand NexiGo Date First Available August 25, 2020 Display Resolution Maximum 1920x1080 Item Weight 1.61 pounds Item mod",smart_switch:approved_identity_phrase_absent|smart_switch:required_target_context_absent|smart_switch:wrong_product:monitor,approved_identity_phrase_absent|required_target_context_absent|wrong_product,title|features,switch,smart_near_switch,exclude,high,wrong_device_type,"Primary identity is a prohibited switch type, accessory, or RF-only item.",w3-v1.4.0-draft,d1a6fa0c03075d47b117c81afc1321a6e6eb2d41b6cf42ff17585f9ccc1ee632
strong_exclusion_control,B07Y9QJ1PP,smart_switch,Home_and_Kitchen,Tools & Home Improvement,"TOORGGOO Dinosaur Night Light Color Changing Dinosaur Toys 3D Lamp with Timer & Dimmer & Remote Control & Smart Touch, Idea Gifts for Age 3 4 5 6 7 8 9+ Year Old Boy or Kids.(Triceratops)",Home & Kitchen Home Décor Products Kids' Room Décor Lamps & Lighting,"categories: Home & Kitchen Home Décor Products Kids' Room Décor Lamps & Lighting | details: …eight 8.9 ounces Lamp Type Night Light Number of Light Sources 4 Pattern Solid Product Dimensions 3.5""D x 6.2""W x 7.3""H Shade Material Plastic Switch Type Remote Wattage 2.5 watts",smart_switch:approved_identity_phrase_absent|smart_switch:conditional_without_specific_smart_control_evidence|smart_switch:wrong_product:night light,approved_identity_phrase_absent|conditional_without_specific_smart_control_evidence|wrong_product,title|details,dimmer|switch,smart_near_switch,exclude,high,wrong_device_type,"Primary identity is a prohibited switch type, accessory, or RF-only item.",w3-v1.4.0-draft,d31b225787318cd75fe3e37059961ad96aca9311a6508fd0ba4cf7ce26acb975
strong_exclusion_control,B01LSPKWUS,smart_switch,Electronics,All Electronics,"TV Antenna, ANTOP Outdoor / Indoor Digital Smartpass Amplifier HDTV Antenna 80 Miles Multi-Directional VHF/UHF High Gain Reception with Tools-Free Installation and 40ft High Performance Coaxial Cable",Electronics Television & Video Accessories Antennas TV Antennas,"categories: Electronics Television & Video Accessories Antennas TV Antennas | features: 【Before you buy】Please check out what channels are available in your area via ""ANTOP SIGNAL MAPS"" and choose the right antenna for you. ★ Free for LIFE – never pay expensive cable or satellite fees again. ★ 80 miles LONG RANGE multi-directional VHF/UHF high Gain reception, perfect for indoor/ outdoor/ attic and RV mobile. ★ Without installation fees, tools-free, multi-way installation and easy set-up, this fashionab… | description: …s VHF & UHF digital signals. - Mounting accessory options. By following the simple tips below, you can enjoy FREE TV with your ANTOP Antenna - Re-scan the channels after each ",smart_switch:approved_identity_phrase_absent|smart_switch:identity_not_in_title_or_categories|smart_switch:required_target_context_absent|smart_switch:wrong_product:tv antenna,approved_identity_phrase_absent|identity_not_in_title_or_categories|required_target_context_absent|wrong_product,description,switch,,exclude,high,wrong_device_type,"Primary identity is a prohibited switch type, accessory, or RF-only item.",w3-v1.4.0-draft,da2c59987c0600a92becd407771852750272f15fd024a22dc43b0ca949bc8d91
strong_exclusion_control,B0BJ73P195,smart_switch,Home_and_Kitchen,Amazon Home,Keonjinn 48 x 30 Smart Bathroom Mirror with Lights Motion Sensor Acrylic Frontlit & Backlit Mirror 3 Color Temperature Anti Fog Dimmable LED Large Wall Mounted Vanity Mirror(Horizontal/Vertical),Home & Kitchen Bath Bathroom Accessories Bathroom Mirrors Wall-Mounted Vanity Mirrors,"categories: Home & Kitchen Bath Bathroom Accessories Bathroom Mirrors Wall-Mounted Vanity Mirrors | features: …g people within the range and turn off 30 seconds later after leaving. Smart memory function is able to remember your personal lighting setting. Wall switch is also supported. 【3 Color Lights & Dimmable】Frontlit & backlit LED vanity mirror contains 3 color temperature (3000K/4500K/6000K) to choose and supports stepless brightness adjustment. Not recommended as the only lighting. 【Acrylic Edge Design】The design of thi… | details: Assembly Required No Best Sellers Rank Home & Kitchen 2100694 Wall-Mounted Vanity Mirrors 790 Brand Keonjinn Date First Available February 19, 2023 Finish T",smart_switch:approved_identity_phrase_absent|smart_switch:identity_not_in_title_or_categories|smart_switch:wrong_product:mirror,approved_identity_phrase_absent|identity_not_in_title_or_categories|wrong_product,features,switch|wall switch,,exclude,high,wrong_device_type,"Primary identity is a prohibited switch type, accessory, or RF-only item.",w3-v1.4.0-draft,e087bf04a1d6809109b41c38b927f4b36e39dd086aaf689ca3d9dc9cb22556b8
strong_exclusion_control,B0CBS4B27H,smart_switch,Electronics,Home Audio & Theater,"TV Antenna for Smart TV Indoor, Digital HDTV Antenna with Smart Switch Amplifier, 50 Miles Range & Support 4K 1080P for All TVs-15ft Coax HDTV Cable",Electronics Television & Video Accessories Antennas TV Antennas,"categories: Electronics Television & Video Accessories Antennas TV Antennas | features: …cture FOR FREE, such as ABC, CBS, NBC, FOX，CNN, the CW and SO MUCH MORE. 😊【Touch Amplifier Booster Enhances Signal Reception】One-touch amplifier instantly switches reception signals ranges. Red light on for short range, green light on for long range. Optimized amplifier makes our antenna pick up signals more stable and expands receiving range up to 50 MILES at most. It'll get more effective for you to adjust short ra… | details: Antenna Television Best Sellers Rank TV Antennas 247 Brand VUELVE Color Black Country of Origin China Date First Available July 4, 2023 Impedance 75 Ohm Item Dimensions LxWxH 13.",smart_switch:required_target_context_absent|smart_switch:wrong_product:smart switch amplifier|smart_switch:wrong_product:tv antenna,required_target_context_absent|wrong_product,title|features,switch,smart_near_switch,exclude,high,wrong_device_type,"Primary identity is a prohibited switch type, accessory, or RF-only item.",w3-v1.4.0-draft,e39c65967ee85247d8f055d7bee2b0e4afe6cc150781ac1e27ec923ecd67155c
strong_exclusion_control,B00IQL4SAI,smart_switch,Electronics,All Electronics,"avedio links 6 Port HDMI Switch with ARC Audio Extractor,HDMI Switch 6X1 with IR Remote Control,4k HDMI Switcher 6 in 1 Out with Optical SPDIF & 3.5mm Audio Out for PS4/ Xbox/Blu-ray DVD/Roku- with",Electronics Home Audio Home Audio Accessories Distribution Selector Switch Boxes,"categories: Electronics Home Audio Home Audio Accessories Distribution Selector Switch Boxes | features: HDMI Switch with Audio Extractor - Allows up to 6 HDMI input source devices and 1 HDMI Output, helps reduce the clutter of HDMI wires being fed into your HDTV. Support 2CH 5.1CH Mode digital audio Optical Toslink Output( like Dolby, DTS, DSD ) and 3.5 mm 2CH Mode Stereo Audio Output. Perfect for home entertainment, home theatre, headphone, soundbar, Speaker etc. HDMI ARC Audio Extractor - ARC (Audio Return Channel), … | description: …oundbar or amplifier. - HD Resolution: 4Kx2k@30Hz, 1080p/60Hz, 1080i/60Hz, 720p/60Hz, 576p/60Hz, 576i/60Hz, 480p/60Hz, 480i/60Hz HDMI input resolution. - Sma",smart_switch:approved_identity_phrase_absent|smart_switch:required_target_context_absent|smart_switch:smart_evidence_not_in_title_or_categories|smart_switch:wrong_product:hdmi switch|smart_switch:wrong_product:port,approved_identity_phrase_absent|required_target_context_absent|smart_evidence_not_in_title_or_categories|wrong_product,title|categories|features|description,switch,,exclude,high,wrong_device_type,"Primary identity is a prohibited switch type, accessory, or RF-only item.",w3-v1.4.0-draft,e5c8df69fd3213f3f507bcbb1f8f3bd3c4013387730d4ffeaff54dd5fd1f53fa
strong_exclusion_control,B09MZLJHMH,smart_switch,Electronics,Computers,"PoE Texas 8 Port PoE Switch - 802.3af/at Power Over Ethernet with 8 PoE+ Ports, 2 LAN Uplink, VLAN & Extender - 120W High Speed Unmanaged Wired Network Switch - Security Camera, Video & More",Electronics Computers & Accessories Networking Products Switches,"categories: Electronics Computers & Accessories Networking Products Switches | features: Power up to four IEEE 802.3at standard IP cameras, desktop phones, WiFi access points, or other low voltage devices over 300 feet from PoE source. Our plug and play 8 port PoE switch automatically detects devices. This device has two gigabit uplink ports and eight 10/100 Mbps ports. This 8 port power over ethernet switch can support up to eight 802.3af/at devices with 25.5 watts max power available from a single PoE+… | details: Best Sellers Rank Computer Networking Switches 535 Brand PoE Texas Compatible Devices Camera Date First Available November 30, 2020 Item Dimensions LxWxH 9 x 6.5 x 2 inches Item ",smart_plug:approved_identity_phrase_absent|smart_plug:identity_not_in_title_or_categories|smart_plug:wrong_product:camera|smart_plug:wrong_product:network switch|smart_plug:wrong_product:security camera|smart_switch:approved_identity_phrase_absent|smart_switch:required_target_context_absent|smart_switch:smart_evidence_not_in_title_or_categories|smart_switch:wrong_product:ethernet|smart_switch:wrong_product:network|smart_switch:wrong_product:network switch|smart_switch:wrong_product:poe switch|smart_switch:wrong_product:port,approved_identity_phrase_absent|multi-type conflict|required_target_context_absent|smart_evidence_not_in_title_or_categories|wrong_product,title|features|details,switch,wi fi|wifi,exclude,high,wrong_device_type,"Primary identity is a prohibited switch type, accessory, or RF-only item.",w3-v1.4.0-draft,e62fafd19c2fe2e62b5121dbaf23bdcd938fe1b0b48829083bd829d5e52afcf0
strong_exclusion_control,B0BTYC9PJN,smart_switch,Home_and_Kitchen,Amazon Home,ARUMMA 30 x 20 Inch Gold Oval LED Bathroom Mirror with Lights Gold Frame Oval Vanity Lighted Mirror for Bathroom Wall 30x20 Inch Oval Mirror 3 Color Front Lights Anti Fog Oval Light up Smart Mirror,Home & Kitchen Bath Bathroom Accessories Bathroom Mirrors Wall-Mounted Vanity Mirrors,"categories: Home & Kitchen Bath Bathroom Accessories Bathroom Mirrors Wall-Mounted Vanity Mirrors | features: …ed to follow the instruction carefully. Equipped with a plug itself. Besides, it's also hardwire available that cut off the plug and connect the wire from mirror with the wire from wall switch. We strongly recommended that do this job by a professional worker. 🤞【SAFETY PACKAGING & BEST GUARANTEE WARRANTY】Newly improved packaging protects both the mirror corners and both front and back side of the mirror much better. … | description: ARUMMA is committed to design Top quality bathroom mirror with lights which has an exceptional value to revamp your vanity space. This round vanity LED ",smart_plug:approved_identity_phrase_absent|smart_plug:identity_not_in_title_or_categories|smart_switch:approved_identity_phrase_absent|smart_switch:identity_not_in_title_or_categories|smart_switch:wrong_product:mirror,approved_identity_phrase_absent|identity_not_in_title_or_categories|multi-type conflict|wrong_product,features,switch|wall switch,,exclude,high,wrong_device_type,"Primary identity is a prohibited switch type, accessory, or RF-only item.",w3-v1.4.0-draft,e90a7c78013a00e3474ae2b6a377d52a1d46fd926c3de533bf14f31fe0facaa4
strong_exclusion_control,B08VVYGCM6,smart_switch,Electronics,Home Audio & Theater,"OREI 4K 3 Port 3x1 HDMI Switch, 2 HDMI + USB-C Input Connect Laptop, PC, Computers, Phones, Gaming, Streaming Devices on One Display TV Monitor - UltraHD HDCP 2.0",Electronics Home Audio Home Audio Accessories Distribution Selector Switch Boxes,"categories: Electronics Home Audio Home Audio Accessories Distribution Selector Switch Boxes | features: …put Display TV Monitor - Supports highest video resolution up to 4K x 2K at 60Hz, EDID bypass, Full 3D and HDCP2.2 complaint. Ideal Device for Multi Switching various inputs a Single Monitor, You can output three of devices such as Laptop, PC, Computer, Android Smart Phones, Streaming Box, PS4/PS5 gaming devices or 4K Blu Ray Players on a single 4K TV/Monitor. USB 3.1 GEN1 Type C input supports Android Phones, PC and… | details: Best Sellers Rank Audio & Video Selector Boxes 581 Brand OREI Cable Type HDMI, USB Compatible Devices Laptop, Monitor, Gaming Console, Television, DVD Player, Pe",smart_switch:approved_identity_phrase_absent|smart_switch:required_target_context_absent|smart_switch:smart_evidence_not_in_title_or_categories|smart_switch:wrong_product:hdmi switch|smart_switch:wrong_product:monitor|smart_switch:wrong_product:port,approved_identity_phrase_absent|required_target_context_absent|smart_evidence_not_in_title_or_categories|wrong_product,title|categories|features,switch,,exclude,high,wrong_device_type,"Primary identity is a prohibited switch type, accessory, or RF-only item.",w3-v1.4.0-draft,f1f3b2f841613d2f655ee3ac2cc3712c041a37e7b324997003d031ca4ecae316
strong_exclusion_control,B078JFW165,smart_switch,Electronics,Home Audio & Theater,Cingk Digital Optical Audio Splitter 1X4 SPDIF/Toslink 1 in to 4 Out Powered Amplifier with IR Remote Control Supports 5.1CH/ LPCM2.0/ DTS/Dolby-AC3,Electronics Home Audio Home Audio Accessories Distribution Selector Switch Boxes,"categories: Electronics Home Audio Home Audio Accessories Distribution Selector Switch Boxes | features: ENJOY THE CLEAN AND FRESH TASTE of your favorite drink from YOUR stainless steel tumbler. No matter where you are in the world. The modern shape of our travel mug gives it a nice feeling in your hand. With its stylish and concise insulated cup design all beverages including your coffee, tea, beer smoothie, water or any other beverage will have a smooth feeling to them. AN ELEGANT AND MODERN TUMBLER DESIGN. Due to it… | description: Tumbler color - BLACK Our Black color Tumbler Mug has a modern design with a surface that has a pleasant tactile sensation to it, making it comfortable and con",smart_switch:approved_identity_phrase_absent|smart_switch:required_target_context_absent|smart_switch:smart_evidence_not_in_title_or_categories,approved_identity_phrase_absent|required_target_context_absent|smart_evidence_not_in_title_or_categories,categories|details,switch,,exclude,high,wrong_device_type,"Primary identity is a prohibited switch type, accessory, or RF-only item.",w3-v1.4.0-draft,f37810cc5ecdfff509c93b0d2a99a620b2aa368bba7219b004bfa65666047d85
strong_exclusion_control,B07MMNX5DW,smart_switch,Electronics,Computers,HP JL076A 3810M 40G 8SR POE+ 1SLOT Switch - JL076-61001 (Renewed),Electronics Computers & Accessories Networking Products Switches,"categories: Electronics Computers & Accessories Networking Products Switches | features: Aruba 3810M 40G 8Sr PoE+ 1-slot switch Design that delivers high availability, scalability, and for maximum flexibility and price/performance Made in United States | description: Aruba 3810M 40G 8 HPE Smart Rate PoE+ 1-slot Switch (Certified Refurbished)About Refurbished Products This Product has been professionally refurbished and tested by a Certified Technician. We make every effort to clean and restore the product so you have a great experience with it. This product may have minor cosmetic issues like light scuffs or scratches and this should not hinder the performance of your device. 90 …",smart_switch:approved_identity_phrase_absent|smart_switch:required_target_context_absent|smart_switch:smart_evidence_not_in_title_or_categories,approved_identity_phrase_absent|required_target_context_absent|smart_evidence_not_in_title_or_categories,title|features|description|details,switch,,exclude,high,wrong_device_type,"Primary identity is a prohibited switch type, accessory, or RF-only item.",w3-v1.4.0-draft,f38b75a34450a5a2544965cfba0416eaa95d3fe6a49e425f24d703ea4d0767e8
