audit_id,audit_stratum,parent_asin,expected_device_type,source_domains,candidate_confidence,ambiguity_status,product_title,main_category,categories_evidence,features_evidence,description_evidence,candidate_device_terms,candidate_smart_terms,matched_fields,exclusion_reasons,audit_label,audit_device_type,audit_notes
42d2261a91607470,eligible,B09TNV7Q69,smart_plug,Electronics,high,single_device_type,"BN-LINK Smart Power Strip Compatible with Alexa Google Home, Smart Plug WiFi Outlets Surge Protector with 4 USB 3 Charging Port Multi Plug Extender,15A",All Electronics,Electronics Accessories & Supplies Power Strips & Surge Protectors Power Strips,"【Multi Plug Extender】 Our 6.56 feet heavy duty power extension cord(1875W/15A) with 3 independently controllable outlets plus 4 always-on USB ports(total 4.8A/24W) can meet all your needs. Ideal for charging cellphone, Kindle and most USB devices in the home and office. 【Voice Control】Simply voice command to control mu",,outlet|plug|power strip|smart outlet|smart plug,alexa|google home|smart|voice control|wifi,features|title,,,,
06910762b6e1db3e,eligible,B07XB5SNC1,smart_plug,Electronics,high,single_device_type,"LEOD Smart Power Strip WiFi 8-Outlet Surge Protector Power Strip with 4 Type-A & Type-C USB Charging Ports and 6-Foot Heavy Duty Extension Cord, Blue LED Light Indicator",All Electronics,,,,outlet|power strip,smart|wifi,title,,,,
fbcce451101e67d3,eligible,B07PWCPG3G,smart_plug,Home_and_Kitchen,high,single_device_type,"Bluetooth Smart Plug, Nashone Multi-Function Outlet, Thermostat, Timing, Countdown and Schedule APP Control Compatible with iOS & Android (White)",Amazon Home,,,,outlet|plug|smart plug,app control|smart,title,,,,
00cabe4921790c98,eligible,B0BJQ5VZLW,smart_plug,Electronics,high,single_device_type,"Smart Power Strip, YoLink 1/4 Mile World's Longest Range Power Strip Compatible with Alexa Google IFTTT, Surge Protector Plugs 4 USB Charging Ports + 4 AC Plugs for Multi Outlets - YoLink Hub Required",All Electronics,Electronics Accessories & Supplies Power Strips & Surge Protectors Power Strips,"World's Longest Wireless Range: Powered by LoRa technology, the long-range yet low-power system offers the industry’s longest receiving range in the market (1/4 mile). Our long-range coverage enables its use in areas challenging for most residential Wi-Fi systems, such as basements, outdoor porch/patio areas, sheds, fr",,power strip,alexa|google home|ifttt|smart|wi fi,features|title,,,,
11158cf4e4695671,eligible,B06ZXSTBHL,smart_plug,Electronics,high,single_device_type,"AMALEN ESW15 WiFi Smart Plug, Works with Google Home and Alexa, 15Amps, 1800W, ETL Listed, with Overheat Protection",All Electronics,Electronics Television & Video Accessories 3D Glasses,,,plug|smart plug,alexa|google home|smart|wifi,title,,,,
4b4c1ec5946c934a,eligible,B07L68NDHS,smart_plug,Home_and_Kitchen,high,single_device_type,NPET Smart Plug 15A Overload Protection 2 Pack (Smart Plug Basic Version),Amazon Home,"Home & Kitchen Kitchen & Dining Coffee, Tea & Espresso Kettles & Tea Machines Electric Kettles",,,plug|smart plug,smart,title,,,,
69eac9e0e8624f3e,eligible,B0BM9WGQP2,smart_plug,Electronics,high,single_device_type,"Tenda SP15 Smart WI-FI Plug Smart Power Strip, Surge Protector with 3 Individually Controlled Smart Outlets and 2 USB Ports, Surge Protection, Alexa Voice Control and Google Home, 1875W|15A|White",Computers,Electronics Accessories & Supplies Power Strips & Surge Protectors Power Strips,"Voice Control: Working with Google Assistant and Alexa, which easily controls the status, maximizes the convenience of home appliance control, and helps to enjoy the intelligent life. 3 Smart outlets: Independently control 3 smart outlets, and charge 2 devices with built in USB ports; Ideal for controlling electronics ","SP15 is a smart power strip, through the Beli APP, whether you are in the company or enjoying a tour, you can easily control the appliance status of your home, even from miles away, such as adding oxygen into the fish tank remotely, or switching on the humidifier. You can schedule your smart power strip to turn on or o",plug|power strip|socket,alexa|google home|smart|voice control|wi fi,description|features|title,,,,
2ec8f43e0b95a0aa,eligible,B06WVNKBKN,smart_plug,Electronics,high,single_device_type,Bayit Sense WiFi Socket,Camera & Photo,,,,socket,wifi,title,,,,
c913d9a0bb5dd0fc,eligible,B07GP4NK4B,smart_plug,Home_and_Kitchen,high,single_device_type,Wi-Fi Smart Plug Outlet Timer Mini Socket Compatible with Alexa Google Home Ifttt No Hub Required Control Your Devices from Anywhere 2 Pack Esicoo,Home Audio & Theater,Home & Kitchen Kitchen & Dining Dining & Entertaining Dinnerware & Serveware Dinnerware Dinnerware Sets,"✅GREAT SOUND QUALITY WITH APTX+: high-fidelity stereo sound quality with aptx codec and CSR8645 chipset. These headphones are compatible with most smartphones, iPhone and Android. ✅THE BEST BATTERY IN THE CLASS WITH UP TO 12+ HOURS PLAYTIME - New 2018 updated battery of 170mAh - provides Longest PlayTime Up to 12+ hour",,outlet|plug|smart plug|socket,alexa|google home|ifttt|smart|wi fi,title,,,,
8562544b37b601ab,eligible,B0784FHFKX,smart_plug,Electronics,high,single_device_type,"Xenon Smart Power Strip,WiFi Smart Multi Outlet Surge with 4-Outlet 4-USB with 5-Foot Cord, Work with Alexa and Google Home,Black",Tools & Home Improvement,Electronics Accessories & Supplies Power Strips & Surge Protectors Surge Protectors,"✔ 4 AC Outlets + 4 USB Charging Ports:Smart Power Strip with 4 outlets and 4 USB charging port for travel, home or office, provide a convenient power supply for notebooks and other Tabs Socket.And you can remote control your indoor lights, space heaters, fans,and other appliances at the same time.( NOTE: the 4 Outlet c",,outlet|power strip|socket,alexa|google home|smart|voice control|wifi,features|title,,,,
5aabb8073bad05ed,eligible,B07G2ZFB4S,smart_plug,Electronics,high,single_device_type,"Jinvoo WiFi Smart Plug, Smart Outlet Compatible with Alexa and Google Assistant, TUyaSmart Life 2.4GHz Only WiFi Socket, Voice&Remote Control, Schedule Timer, No Hub Required, ETL&FCC, 2-Pack",Industrial & Scientific,Electronics Accessories & Supplies Power Strips & Surge Protectors Power Strips,,,outlet|plug|smart outlet|smart plug|socket,alexa|smart|wifi,title,,,,
efccc7ea9748c202,eligible,B078HBKKKX,smart_plug,Electronics,high,single_device_type,"Mackertop WiFi Smart Power Strip, Smart WiFi Plug Outlet with 4 AC Outlets and 4 USB Charging Ports, Work with Alexa and Google Assistant, Remote Control by Smart Phone",All Electronics,Electronics Accessories & Supplies Power Strips & Surge Protectors Power Strips,"Smart Power Socket: The wifi smart power strip works with Amazon Alexa Echo enables you to control your home appliance via your IOS/Android smart phones or tablets Multi Smart Outlets: 4 outlets and 4 USB ports for home and office. Ideal for multi device, such as computer, laptop, indoor lights and other appliances at ","Features: Support WIFI network (support 2.4GHz Wi-Fi network, not support 5.0GHz). Compatible with Alexa with voice control. Support IOS and Android mobile devices( Android 4.1 and higher or IOS 8.0 and higher). Energy Saving: Save on your electric bills and extend product life. Powerful and Safe: FCC approved for safe",outlet|plug|power strip|socket,alexa|smart|voice control|wi fi|wifi,description|features|title,,,,
61e2f7413bdd27f1,eligible,B00MI2BYEY,smart_plug,Electronics,high,single_device_type,Furman Sound BlueBOLT CN-15MP 15A MiniPort Remote Duplex Smart Outlet,,Electronics Accessories & Supplies Power Strips & Surge Protectors Power Strips,"SmartSequencing allows bidirectional, safe sequenced power up/down operations via the push of a button or turn of a key. Extreme Voltage Shutdown (EVS) safeguards from catastrophic under-voltage (under 80V sustained) or over-voltage (over 145V sustained) conditions. Diagnostic lights provide valuable system information","Furman s Contractor Series MiniPorts extend the benefits of SmartSequencing to electronics outside of the equipment rack, providing tremendous flexibility to any installation scenario. Units may be daisy-chained and fully controlled via a Furman SmartSequencer, legacy Furman sequencer, third-party sequencers, via the I",outlet|smart outlet,smart,title,,,,
95fd84c12f2672de,eligible,B074Z6HGXD,smart_plug,Electronics,high,single_device_type,"VOCOlinc Smart Power Strip Multi Outlet, Surge Protector, Energy Monitoring, USB Fast Charging (QC3.0), Timers, Works with HomeKit, Alexa and Google Assistant, No Hub Required, 2.4GHz Wi-Fi, PM2",Tools & Home Improvement,Electronics Accessories & Supplies Power Strips & Surge Protectors Power Strips,"Advanced Power Protection > Dual overload protection for all outlets and USB ports respectively Control with Your Voice & App > Can be easily integrated into HomeKit, Alexa and Google Assistant, all at the same time to make your home truly Smart. To enable Remote Access, an Apple Home Hub is required for iOS devices (A",,outlet|power strip|smart outlet,alexa|homekit|smart|wi fi,features|title,,,,
355f631ef6fad231,eligible,B07QGTZQR7,smart_plug,Electronics,high,single_device_type,"Acenx Smart Power Strip with USB Works with Alexa &Google Home,2.4Ghz WiFi Surge Protector Outlet Plugs with 3 Outlets 3 USB ,Timer and Schedule,Voice Control,5ft Extension Cord,Energy Monitoring",Home Audio & Theater,,,,outlet|power strip,alexa|google home|smart|voice control|wifi,title,,,,
707350d7a4af3f12,eligible,B07G95FFN3,smart_plug,Electronics,high,single_device_type,"Kasa Smart Plug Power Strip HS300, Surge Protector with 6 Individually Controlled Smart Outlets and 3 USB Ports, Works with Alexa & Google Home, No Hub Required , White",Tools & Home Improvement,Electronics Accessories & Supplies Power Strips & Surge Protectors Power Strips,"6 smart outlets: Independently control 6 smart outlets, and charge 3 devices with built in USB ports; Ideal for controlling electronics in your home, home office, or small business Surge protection: ETL certified surge protection shields sensitive electronics and appliances from sudden power surges that can occur durin","With independent control of 6 devices and extra USB ports to charge 3 others, the kasa smart Wi-Fi power strip is ideal for your family rooms, home office or small business, power up your office remotely and even your holiday lights. Remotely control each outlet with the kasa smart app or use voice commands with Alexa,",outlet|plug|power strip|smart plug,alexa|google home|smart|voice control|wi fi,description|features|title,,,,
c56645ff4c917480,eligible,B088WBG3JT,smart_plug,Electronics,high,single_device_type,"WOLF ARMOR Smart Power Strip, Suitable for Amazon Alexa, Google Home, Schedule and Timer, Control Independently or Together, 10A, No Hub Required,FCC Listed (1 Pack)",All Electronics,Electronics Accessories & Supplies Power Strips & Surge Protectors Power Strips,,,power strip,alexa|google home|smart,title,,,,
533d41a6b5750ddf,eligible,B07RL56DPD,smart_plug,Electronics,high,single_device_type,"Smart Power Strip, POWRUI WiFi Surge Protector with 4 AC Outlets and 4 USB Ports (5V/4.8A,24W), Voice Control with Alexa & Google Home, 6ft Cord, one by one Button",All Electronics,Electronics Accessories & Supplies Power Strips & Surge Protectors Power Strips,"Multi-function smart power strip: 4 USB charging ports (total output DC 5V/4.8A 24W), 4 smart plug with built-in surge protector control by one to one button, the 4 AC outlets works with Alexa Google Assistant for Voice Control, Remote Control Your Home appliances from Anywhere, 4 USB ports are not just for decoration,",,outlet|plug|power strip|smart plug,alexa|app control|google home|smart|voice control|wifi,features|title,,,,
7403c8cf36b5c4bf,eligible,B074CJYPZV,smart_plug,Electronics,high,single_device_type,IMILLET WiFi Smart Power Strip Multi Outlets Compatible with Alexa IFTTT Google Assistant,All Electronics,Electronics Accessories & Supplies Power Strips & Surge Protectors Power Strips,,,power strip,alexa|ifttt|smart|wifi,title,,,,
8018c2991412133e,eligible,B076CVX4DZ,smart_plug,Electronics,high,single_device_type,"iHome iSP100 Wifi Outdoor Smart Plug, Water Resistant Featuring Alexa, Google Assistant and Siri Voice Control OPEN BOX",Tools & Home Improvement,Electronics Security & Surveillance Home Security Systems,"Works with Alexa for voice control (Alexa device sold separately) Broadest smart home platform support, compatible with – Amazon Alexa, Google assistant, Apple home kit, IFTTT, SmartThings, Nest, wink Broadest smart home platform support, compatible with Apple home kit, Nest, smart things, wink, Amazon Alexa and Google","The home control iSP100 outdoor smart plug is made for easy control and scheduling for outdoor lighting, decorations, small appliances and more, up to 1800W. The iSP100 rugged outdoor design works with covered GFI enabled outdoor 120V power Supply. The iSP100 works with the broadest range of leading smart plug platform",plug|smart plug,alexa|ifttt|smart|smartthings|voice control|wi fi|wifi,description|features|title,,,,
4dd9834d174328ff,eligible,B07P15SJ84,smart_plug,Electronics,high,single_device_type,"LARKKEY Smart Power Strip WiFi Power Bar with 4 USB Charging Ports and Smart AC Plugs, Compatible with Alexa,Google Home , Surge Protector 2.4GHz, FCC Listed",All Electronics,,,,power strip,alexa|google home|smart|wifi,title,,,,
2ab9a91fd800bd26,eligible,B01N0X7UIX,smart_plug,Electronics,high,single_device_type,Insignia - Wi-Fi Home / Office Smart Plug - White,Industrial & Scientific,Electronics Security & Surveillance Accessories,,"Key Specs Amperage: 15 amperes GFCI Plug: No Works With: Amazon Alexa, Google Assistant Outlet Type: Single Indoor Or Outdoor Use: Indoor On/Off Switch: Yes Power Amperage: 15 amperes Voltage: 120 volts Certifications & Listings GFCI Plug: No NEMA Configuration: Not Applicable Compatibility Works With: Amazon Alexa, Go",outlet|plug|smart plug,alexa|smart|wi fi,description|title,,,,
3216cad106559034,eligible,B09Y8V9KQ5,smart_plug,Electronics,high,single_device_type,Surge Protection Smart Power Strip 10A 4 AC outlest 2 USB Charger Port Voice Control Compatible with Alexa & Google Assistant Individual Control Timer Schedule No Hub Required…,All Electronics,,,,power strip,alexa|smart|voice control,title,,,,
7432b056573f1e1b,eligible,B08P36NQTW,smart_plug,Electronics,high,single_device_type,"Jinvoo WiFi Smart Power Strip, Surge Protector, Compatible with Alexa/Google Home, 4 AC Outlets 4 USB Port 10A, App Control Appliances, Individual Control,Timing Schedule White",All Electronics,Electronics Accessories & Supplies Power Strips & Surge Protectors Power Strips,"Voice control: Use with Google Home/Alexa, just send voice commands to Alexa or Google Assistant, you can use the smart switchboard to control household appliances. Without a hub, the smart power strip can be used with any 2.4G Wi-Fi router without the need for a separate hub or paid subscription service. Set timer: Ar",SM-SO301-U Wi-Fi ID listed by cETL: 5009829 Passed CSA standard certification. C22.2 No. 308 *Material: fireproof ABS material *Rated power: 1650W / USB total power: 12W / 5V 2.1A * 4 AC outlets and 4 USB super charging ports * 1650W output rating *Working current: 15A *All sockets provide multiple protections *Compact,plug|power strip|smart plug,alexa|app control|google home|smart|voice control|wi fi|wifi,description|features|title,,,,
c0d535d59c7015ba,eligible,B09YC9GTL9,smart_plug,Electronics,high,single_device_type,"Smart Power Strip, WiFi Smart Plug Surge Protector with 4 Individually Controlled Smart Outlets and 2 USB Ports Works with Alexa and Google Home, 5Feet Extension Cord, App/Remote/Voice Control, 16A",,Electronics Accessories & Supplies Power Strips & Surge Protectors Power Strips,⭐【4 AC outlets 2 USB ports】- Smart power strip with 4 Individually Controlled AC outlets and 2 USB ports supported for 6 appliances simultaneously(NOTE: the 4 Outlet can be controlled individual;2 USB ports are controlled as one unit). Surge protectors protect sensitive electronic equipment and electrical appliances fr,Dimensions:335 x 31 x 65 mm /pc * Weight:0.66kg/pc with package * 4 AC Outlets and 2 USB Super Charging Ports * Working current: 10A AC2200-240V 50Hz 1650W * Working current: 15A AC110-125V 60Hz 1800W * Versatile protection on all outlets * Material: anti-fire ABS Material materials * Power cord length:1.5M * Power cab,outlet|plug|power strip|smart plug,alexa|google home|smart|voice control|wi fi|wifi,description|features|title,,,,
b86176e92621f534,eligible,B0CCHTF6Y2,smart_plug,Electronics,high,single_device_type,"Smart Power Strip, UseeLink ZigBee Surge Protector,White",All Electronics,Electronics Accessories & Supplies Power Strips & Surge Protectors Power Strips,"【4 in 1 power strip】: UseeLink extension cord flat plug with 4 widely AC outlet, 3 USB and 1 USB-C port desktop charging station with 5 ft power cord ETL listed power strip deliver power for up to 8 devices.",,outlet|plug|power strip,smart|zigbee,features|title,,,,
43c7e2c7e298ca9a,eligible,B07KTYJ769,smart_plug,Electronics,high,single_device_type,"Amazon Smart Plug, for home automation, Works with Alexa - A Certified for Humans Device",Amazon Devices,,"Amazon Smart Plug works with Alexa to add voice control to any outlet. Certified for Humans - Struggle-free, tinker-free, stress-free. No patience needed—it's actually simple. Schedule lights, fans, and appliances to turn on and off automatically, or control them remotely when you’re away. Simple to set up and use—plug",,outlet|plug|smart plug,alexa|home automation|smart|voice control,features|title,,,,
5ee8bdf5306652a0,eligible,B076VRH9WP,smart_plug,Electronics,high,single_device_type,"Smart Power Strip, Wifi Surge Protector, Voice Control with Alexa & Google Home, 4 AC Outlets 4 USB Port with 6-Foot Cord, App Control Appliances, Individual Control, Timing Schedule, No Hub Required",Home Audio & Theater,Electronics Accessories & Supplies Power Strips & Surge Protectors Power Strips,"ALEXA & GOOGLE ASSISTANT COMPATIBLE-This smart power strip support voice control (Alexa device and Google Home Assistant device sold separately) 4 AC OUTLETS + 4 USB PORTS-Equipped with 4 outlets and 4 USB charging port for travel, home or office, provide a convenient power supply for home appliances such as fan, water",,outlet|power strip|smart outlet,alexa|app control|app controlled|google home|smart|voice control|wi fi|wifi,features|title,,,,
c12702f4db344526,eligible,B072J33MJH,smart_plug,Electronics,high,single_device_type,"LITEdge Smart Power Strip, Wi-Fi Accessible 3 AC Outlets 2 USB Ports, Compatible with Alexa, No Hub Needed, Control with App on Phone, Surge Protected",Tools & Home Improvement,Electronics Accessories & Supplies Power Strips & Surge Protectors Power Strips,"DISTANCE ACCESS WITH APP: With the LITEdge power strip, you can control your lights and other electronics that’s connected to it with just a simple tap on the Smart Life or LITEdge App in your smartphone even when you’re on the other side of the world 2 USB ports + 3 AC outlets: Ideal for your daily essential electroni",,outlet|power strip,alexa|smart|voice control|wi fi,features|title,,,,
328b337c4b431818,eligible,B00I1JAP7K,smart_plug,Electronics,high,single_device_type,Home8 Oplink Connected WPS1201 Wi-Fi Smart Plug (White),Camera & Photo,Electronics Security & Surveillance Surveillance Video Equipment Surveillance DVR Kits,Works with all uplink security or Home8 systems Turn on/turn off capability from your smartphone Plug and play installation - no configuration! Surge protected outlet Manual on/off button,Use this device to automate any on/off appliaces like floor lamps TV's or fans The power is in your hands Works with all Home8 systems Self-configuration and easy installation Control on/off function of electronic devices from your Smartphone Surge-protected outlet Manual on/off button,outlet|plug|smart plug,smart|wi fi,description|features|title,,,,
cd75aca0782fdde1,eligible,B0BPWCWNTN,smart_plug,Electronics,high,single_device_type,"GHome Smart Smart Power Strip, 3 USB Ports and 3 Individually Controlled Smart Outlets, WiFi Surge Protector, Smart Home Office Cruise Ship Travel Multi-Plug Extender Flat Plug, 10A, Black (WP9-BK)",All Electronics,Electronics Accessories & Supplies Power Strips & Surge Protectors Power Strips,Smart Upgrade for Christmas Lights - WiFi power strip works with Amazon Alexa and Google Assistant. Control each outlet individually by voice or remotely. You can define a name for each socket and use it separately. No Hub Required. Control from Anywhere- Download the free app that controls the Alexa power strip. You c,Specifications for the smart power strip 1) Wi-Fi Requirement: 2.4GHz 2) Working Temp: -10 ~ 40 ℃ 3) Rated Voltage: 100 - 120V 4) Rated Current: 10A Max AC 5) Frequency: 50/60Hz 6) Max power: 1200W/120V,outlet|plug|power strip|smart outlet|socket,alexa|smart|wi fi|wifi,description|features|title,,,,
af36446fcc742f2b,eligible,B083ZKWD1R,smart_plug,Electronics,high,single_device_type,"eco4life Wireless Smart Power Strip with Surge Protection, Compatible with Alexa, Google Home and Siri, no Hub Required, Controlled by eco4life app(4 Outlets, 4 USB Ports)",All Electronics,Electronics Accessories & Supplies Power Strips & Surge Protectors Power Strips,"Expand your power, This eco4life 4 outlet surge protector with 6-foot cord provides power for your home and office electronics Protection, ETL safety certified ensure the safety of your electronics with the 800 Joules protection rating and integrated circuit breaker Even you are not at home, you can control your wifi p",,outlet|power strip,alexa|google home|smart|wi fi|wifi,features|title,,,,
35f5a5a361ef70bc,eligible,B0BTHGCS1D,smart_plug,Electronics,high,single_device_type,"Smart Plug for Alexa Devices, Smart Outlet Bluetooth Mesh, Simple Set Up, Voice and Alexa App Remote Control, ETL & FCC Certified, 4 Pack",Tools & Home Improvement,Amazon Devices & Accessories Amazon Devices Smart Home Security & Lighting Smart Plugs,"Voice Control with Alexa Echo: It allows you to control our smart plug through voice commands with Alexa Echo. Note: our smart plug works with Alexa only, it compatible with Alexa devices: Echo 2nd Gen, Echo 3rd Gen, Echo 4th Gen, Echo Dot 2nd Gen, Echo Dot 3rd Gen, Echo Dot 4th Gen, Echo Dot 5th Gen, Echo Plus 1st Gen",,outlet|plug|smart outlet|smart plug,alexa|app control|bluetooth mesh|smart|voice control|wi fi|wifi,categories|features|title,,,,
168585a9419bf0da,eligible,B082XLQ5LD,smart_plug,Electronics,high,single_device_type,"XODO WP1 Smart Plug 2 Pack WiFi Smart Outlet, 10A Max Load - WiFi Smart Plugs No Hub Required, Voice Control, Schedule & Timer - Compatible with Alexa, Google Home Assistant - ETL & FCC Certified",All Electronics,Electronics Accessories & Supplies Power Strips & Surge Protectors Power Strips,"✔Control The Smart Plug - You can view in your Xodo app if the device is on or off, giving you notification that if you should ever need to turn something off if you left it on, the Smart plug allows you to do so even when you are away from home. Manage Fans, Lamps, and other small electronics conveniently from your sm",,outlet|plug|smart outlet|smart plug,alexa|google home|smart|voice control|wifi,features|title,,,,
d64f4dd735fe4234,eligible,B07H4GW37H,smart_plug,Electronics,high,single_device_type,"iHome ISP6X Wi-Fi Smart Plug, Use Your Voice To Control Connected Devices, Compatible with Alexa, Google Assistant & HomeKit Enabled Smart Speakers, 2 Pack",Tools & Home Improvement,Electronics Security & Surveillance Home Security Systems,"Works with Alexa for voice control (Alexa device sold separately) Broadest smart home platform support, compatible with – Amazon Alexa, Google assistant, Apple home kit, IFTTT, SmartThings, Nest, wink Wi-Fi enabled wall plug lets you control small appliances using 1800 watts or under, great for controlling lights, wind","Smart plug lets you control any connected device from home or remotely: turn off the heat, turn on a light-it's all at your fingertips. Home kit system from apple makes control of Compliant devices simple and standardized. Control plugs with siri individually or as a group. Works with and Nest ""home"" and ""away"" status,",outlet|plug|smart plug,alexa|homekit|ifttt|smart|smartthings|voice control|wi fi,description|features|title,,,,
fabec1fb78b97f1d,eligible,B07RQNFL7R,smart_plug,Electronics,high,single_device_type,"POWRUI AHR-081, Smart Power Strip WiFi Surge Protector, Work with Alexa, Google Home, 1 Pack, Black",All Electronics,Electronics Accessories & Supplies Power Strips & Surge Protectors Power Strips,"Multi-Function Smart Power Strip: 4 USB charging ports (total output DC 5V/4.8A 24W), 3 smart plug with built-in surge protector 540 Joules, the 3 AC outlets works with Alexa Google Assistant for Voice Control, Remote Control Your Home appliances from Anywhere, NOTE: the USB ports will be on once the outlet is plugged ",,outlet|plug|power strip|smart plug,alexa|app control|google home|smart|voice control|wifi,features|title,,,,
104904a3f12cc9bc,eligible,B08KDKN1QV,smart_plug,Electronics,high,single_device_type,"LITEdge Smart Power Strip, Distance Access, 5.6ft Cable Length, Wi-Fi Accessible 3 AC Outlets 2 USB Ports, Control with App on Phone, Surge Protected, Compatible with Alexa",All Electronics,Electronics Accessories & Supplies Power Strips & Surge Protectors Power Strips,"More Power to You: With built-in surge protection, this smart power strip is perfect for powering smartphones, tablets, crockpots, fans, and so much more Smarter Home: Compatible with Amazon Alexa, pairing this power strip is super easy, letting you enjoy voice control faster Control From Anywhere: The LITEdge smart po",,power strip,alexa|smart|voice control|wi fi,features|title,,,,
c194575fca0b7a24,eligible,B0C276VVG5,smart_plug,Electronics,high,single_device_type,"Smart Power Strip, Smart Plug Surge Protector with 4 Individually Controlled AC Outlets and 4 USB Ports, 5Feet Extension Cord, App/Remote/Voice Control, Works with Alexa and Google Home, White, 10A",All Electronics,Electronics Accessories & Supplies Power Strips & Surge Protectors Power Strips,⭐【4 AC outlets 4 USB ports】- Smart power strip with 4 Individually Controlled AC outlets and 4 USB ports supported for 8 appliances simultaneously(NOTE: the 4 Outlet can be controlled individual;4 USB ports are controlled as one unit). Surge protectors protect sensitive electronic equipment and electrical appliances fr,,outlet|plug|power strip|smart plug,alexa|google home|smart|voice control|wi fi,features|title,,,,
1913f2d4f1a93a36,eligible,B00ZUCZDPU,smart_plug,Electronics,high,single_device_type,Edimax Wi-Fi Smart Plug with Energy Management (SP-2101W),,Electronics High-Tech Stocking Stuffers,Turn electronic devices On & Off from anywhere. Ideal for lamps and space heaters Monitor and control energy usage and costs via EdiLife App works with US Plug Type Set On / Off Schedules with EdiLife App with US Plug Type Control & Switch electronic devices over Wi-Fi or mobile internet from anywhere Real time power d,,plug|smart plug,smart|wi fi,features|title,,,,
adae320b0e4e9551,eligible,B09P58VK93,smart_plug,Electronics,high,single_device_type,"Smart Plug Power Strip, WISEBOT USB Surge Protector with 3 Individually Controlled Smart Outlets and 3 USB Ports, Works with Alexa Google Home, WiFi Timer Plug Extender for Travel, UL, 2.4G WiFi Only",,Electronics Accessories & Supplies Power Strips & Surge Protectors Power Strips,"APP Remote Control for Christmas Lights: Download our free APP if you need. You can control home devices plug in the smart power strip at any time anywhere. Note: Only support 2.4GHz WiFi, NOT 5GHz. Smart extension cord length 4ft. Smart Voice Control: Remotely control your wifi power strip and use voice commands with ",,plug|power strip|smart plug,alexa|google home|smart|voice control|wifi,features|title,,,,
fc37ce5e784e180f,eligible,B076B22JVD,smart_plug,Electronics,high,single_device_type,"TP-Link Wireless Smart Plug, HS100",All Electronics,Electronics Security & Surveillance,TP-Link HS100 N150 Wireless Smart Plug 150Mbps 2.4GHz Wall Mount Retail,Smart plug - wireless - 802.11b/g/n - 2.4 Ghz,plug|smart plug,smart,description|features|title,,,,
bb7a778051f49658,eligible,B00M5FKN0U,smart_plug,Electronics,high,single_device_type,“Discontinued by Manufacturer” D-Link Wi-Fi Smart Plug In Wall (DSP-W110),Computers,Electronics Computers & Accessories Networking Products Routers,"Service for this device has ended as of 12/31/2022 All services - including, but not limited to remote viewing, management and setup will no longer function Service for this device has ended as of 12/31/2022 All services - including, but not limited to remote viewing, management and setup will no longer function Servic","Product Description The mydlink Wi-Fi Smart Plug (DSP-W110) is a compact and easy-to-use device that allows you to monitor and control your home’s electronic devices from anywhere. Use the free mydlink Home app to turn devices on or off, create on/off schedules and enable push alert notifications when a device has been",plug|smart plug,smart|wi fi,description|title,,,,
11af9fd5d1f6af63,eligible,B07CXV3JH8,smart_plug,Electronics,high,single_device_type,"LINGANZH Smart Power Strip Surge Protector WiFi Extension Socket, Compatible with Amazon Alexa and Google Home, Smartphone App Control Appliances, Individual Control, Timing Schedule, No Hub Required",All Electronics,,"【Voice Control】Voice control your home appliances with the smart power strip by simply giving voice commands to Amazon Alexa or Google Assistant. No Hub Required, first alexa power strip need to connect to the phone app and rename before you connected it to Alexa or Google Home. 【Remote Control】Once this smart power st",,outlet|power strip|socket,alexa|app control|google home|smart|tuya|voice control|wi fi|wifi,features|title,,,,
93b3dcfbafb991df,eligible,B0725Y79JP,smart_plug,Electronics,high,single_device_type,"Xenon Smart Power Strip, WiFi Surge Protector,Works with Alexa/Google Home，4AC and 4USB, Remote Control via Smart Phone, Individual Control, Timing Schedule, No Hub Required, White",Tools & Home Improvement,Electronics Accessories & Supplies Power Strips & Surge Protectors Surge Protectors,"★Voice or Remote Control★: smart power strip works with Amazon Alexa/ Google assistant; Remote control from everywhere ; Easy to install and use, Share with your family and they can also enjoy controlling home appliances. ★Independent Control★: 4 wifi smart plugs can control independently or together, and 4 USB ports a",,outlet|power strip|socket,alexa|app control|google home|smart|wi fi|wifi,features|title,,,,
0373e2a97fb149dd,eligible,B07BRMH63V,smart_plug,Electronics,high,resolved_by_explicit_exclusion,"Edimax Access Point SP-2101W V2 Smart Plug Switch Intelligent Home Energy Management Retail, Real Time Power Data and History with Daily, Weekly & Monthly Stats, Switch On & Off",Computers,Electronics Computers & Accessories Networking Products,"Real time Power data and history with daily, weekly & monthly stats. Automated power usage reports & email alerts. Quick setup using a smart phone/tablet. Automatic budget control feature. Manual or scheduled controls. Switch on & off via iPhone, iPad & Android devices. Build an intelligent, connected home with Smart p","The Edimax Smart plug switch with power meter Connects people to their homes, and the things they use every day. Designed to make homes more dynamic, functional and work better for modern Lifestyles, Smart plug products give users intelligent control over all of their home electronics. The smart plug switch with power ",plug|smart plug|socket|switch,connected home|smart,description|features|title,smart_switch:approved_identity_phrase_absent|smart_switch:required_target_context_absent|smart_switch:wrong_product:access point,,,
3010978b0f5c7b7f,eligible,B0BP127NM4,smart_plug,Electronics,high,single_device_type,Beantech Wi-Fi Smart Power Strip-Compatible with Alexa and Google Assistant,All Electronics,Electronics Accessories & Supplies Power Strips & Surge Protectors Power Strips,Smart Control: The power strip can be controlled through the app or by voice using Amazon Alexa or Google Assistant. Easily control the usb power strip smartly and remotely. Timer Function: Save time and energy by using the surge protector power strip's schedule and timer function. Automatically turn any devices connec,"Upgrade your home with the Beantech Power Strip. With 3 USB Ports, 3 outlets and a space saving design, this surge protector is perfect for any home. The smart power strip is compatible with Alexa and Google Assistant, making it easy to schedule and control the usb power strip through your voice or the app. No hub is r",outlet|plug|power strip,alexa|smart|wi fi,description|features|title,,,,
d87b28ebee5f55dd,eligible,B08QCMCTZ9,smart_plug,Electronics,high,single_device_type,"Smart Power Strip Work with Alexa, Google Home, 4.92ft Surge Protector Extension Cord, 4AC Outlets and 4 USB Charging Ports, Timer Schedule, Remote Control via Smart Phone, Smart WiFi Outlets",All Electronics,Electronics Accessories & Supplies Power Strips & Surge Protectors Power Strips,"【Remote Control】Quick set up with ""Smart Life"" App. The Smart Power Strip works with Alexa and Google Home for Voice Control after successfully connecting the power strip, then satisfy your daily need and much more convenient. 【4 AC Outlets & 4 USB Ports】Equipped with 4 smart AC outlets and 4 USB charging port for home",,power strip,alexa|google home|smart|voice control|wifi,features|title,,,,
4a62d0b99eaa5bd2,eligible,B07VV2MGMC,smart_plug,Electronics,high,single_device_type,"Smart Plug, USB Wall Charger, AHRISE WiFi Surge Protector with 4 USB Ports(4.8A/24W Total), 6-Outlet Extender(3 Smart Outlets), Compatible with Alexa Google Assistant for Voice Control",All Electronics,Electronics Accessories & Supplies Power Strips & Surge Protectors Power Strips,"Multi-Function Smart Power Strip(2.4G WIFI ONLY): 4 USB charging ports (5V/4.8A 24W), 3 smart outlets and 3 always on outlets with built-in surge protector 540 Joules, the 3 Alexa smart outlets works with Alexa Google Assistant for Voice Control, Remote Control Your Home appliances from Anywhere, NOTE: Please make sure",,outlet|plug|power strip|smart plug,alexa|app control|google home|smart|voice control|wifi,features|title,,,,
87ceab61130a0ce7,eligible,B09ZJY5T9V,smart_plug,Electronics,high,single_device_type,Diaotec Smart Plug Power Strip WiFi Surge Protector APP Control with 3 AC Outlets(1200W/10A) 3 USB Ports 5ft/1.5m Smart Extension Cord Works with Alexa & Google Home Voice Control and Timer Schedule,Tools & Home Improvement,Electronics Accessories & Supplies Power Strips & Surge Protectors Power Strips,"⚡【VO Flame-Retardant Materials】: High-quality PC-V0 environmentally-friendly fire-retardant shell, which can reach 1382℉ flame-retardant, is more durable and has a longer service life. It allows you to use it on mobile phones, fans, lights, and other USB gadgets at the same time, and can provide high-quality power prot",,plug|power strip|smart plug,alexa|app control|google home|smart|voice control|wi fi|wifi,features|title,,,,
9ef4e89ce2defb2f,eligible,B08CXMSZGT,smart_plug,Electronics,high,single_device_type,"Smart Plug, Smart Power Strip Work with Alexa Google Home, POWERIVER WiFi Surge Protector with 3 Smart Outlets and 3 Always on outlets and 4 USB Ports, 6 Feet Extension Cord, Black/Grey, ETL Listed",All Electronics,Electronics Accessories & Supplies Power Strips & Surge Protectors Power Strips,"Multi-Function Smart Power Strip(2.4G WIFI ONLY): 6 AC outlets with 3 smart outlets and 3 always on outlets, the 3 Alexa smart outlets works with Alexa or Google Assistant for Voice Control, Remote Control Your Home appliances from Anywhere, NOTE: Please make sure you have 2.4G WiFi before buying, this product does not",ABC,outlet|plug|power strip|smart plug,alexa|app control|google home|smart|voice control|wi fi|wifi,features|title,,,,
7118e9da9952cfcd,eligible,B00PJ1Y6PU,smart_plug,Electronics,high,single_device_type,Panasonic KX-HNA101W Smart Plug for Smart Home Monitoring System (White),Camera & Photo,Electronics Security & Surveillance Accessories,"Smart Plug for Panasonic Home Monitoring System Automatically turns on/off lamps, electronics, holiday decorations and more Arm and disarm smart plug via smartphone/tablet Offers added comfort when you are at work, out late or on vacation Easy DIY set-up, one-touch syncing with system","With Panasonic Smart Plugs, you can turn plugged-in devices on and off from anywhere in the house, or remotely via your smartphone or tablet. Plus, schedule automatic on/off timing for lamps, TVs, electronics, holiday decorations, and other devices to give your house a ""lived-in"" look while you're away.",plug|smart plug,smart,description|features|title,,,,
0e864fa9e60ea646,eligible,B07D5LZ1LR,smart_plug,Electronics,high,single_device_type,"eco4life WiFi Smart Power Strip with 3 Outlets and 2 USB Ports, Surge Protection, Compatible with Alex, Google Home and Siri, Voice Control, App Remote Control Each Port Separately",All Electronics,Electronics Accessories & Supplies Power Strips & Surge Protectors Power Strips,"REMOTE CONTROL - Once smart power strip connect successfully, allow you control the power on/off on your electrical appliance by the eco4life app anywhere anytime. BIG EXPANSION: 3 AC outlets and 2 USB charging ports (5V 2A each) provide power and charge to up to 5 devices from a single wall outlet. SET SCHEDULE & TIME",,outlet|plug|power strip,google home|smart|voice control|wi fi|wifi,features|title,,,,
c3cd419cd4013113,eligible,B00H3RL6JW,smart_plug,Electronics,high,single_device_type,Aeotec by Aeon Labs DSC11 Smart Power Strip Z-Wave Power Sockets,Tools & Home Improvement,Electronics Accessories & Supplies Power Strips & Surge Protectors Power Strips,Low-cost Z-Wave energy meter and on/off capability in power strip 4 switchable power outlets in 2 Groups and 2 constant-power outlets Energy readings accurate to ±1% Z-wave certification Number:zc08-14030014,The Aeon labs smart powerstrip is a high-quality Z-Wave power board which can report immediate wattage consumption or kWh energy usage over a period of time. The powerstrip can be controlled by other Z-Wave devices to turn on/off 4 power outlets in 2 separate Groups to save electricity when appropriate. Two of the boar,power strip,smart|z wave,description|features|title,,,,
34ac0bf29291ac40,eligible,B07Q3KQ67Y,smart_plug,Electronics,high,single_device_type,"LITEdge Smart Power Strip, 5.6ft Cable Length Wi-Fi Accessible 3 AC Outlets 2 USB Ports, Wireless Distance APP Control, Compatible with Alexa",,Electronics Accessories & Supplies Power Strips & Surge Protectors Power Strips,"DISTANCE ACCESS WITH APP: With the LITEdge power strip, you can control your lights and other electronics that’s connected to it with just a simple tap on the Smart Life or LITEdge App in your smartphone even when you’re on the other side of the world 2 USB ports + 3 AC outlets: Ideal for your daily essential electroni",,power strip,alexa|app control|smart|voice control|wi fi,features|title,,,,
68ecd9d5067b136c,eligible,B075L4X22X,smart_plug,Electronics,high,single_device_type,VOCOlinc HomeKit Smart Power Strip Multi Outlet Surge Protector Works with Alexa and Google Assistant No Hub Required Wi-Fi 2.4GHz PM2E,All Electronics,Electronics Accessories & Supplies Power Strips & Surge Protectors Power Strips,"Advanced Power Protection >> Dual overload protections of all outlets and USB ports respectively Voice-activated Home Control >> Control your appliances with Alexa Echo, Apple Siri & Google Home at the same time. To enable remote control, Apple TV/ iPad required as a hub for iOS devices, no hub required for Android dev",,outlet|power strip,alexa|google home|homekit|smart|wi fi,features|title,,,,
0211f0f6f002ac47,eligible,B083NFNN99,smart_plug,Electronics,high,single_device_type,VOCOlinc HomeKit Smart Power Strip Multi Outlet Surge Protector Works with Alexa and Google Assistant No Hub Required Wi-Fi 2.4GHz PM2E,Home Audio & Theater,,"Advanced Power Protection > Dual overload protection for all outlets and USB ports respectively Control with Your Voice & App > Can be easily integrated into HomeKit, Alexa and Google Assistant, all at the same time to make your home truly Smart. To enable Remote Access, an Apple Home Hub is required for iOS devices (A",,outlet|power strip,alexa|homekit|smart|wi fi,features|title,,,,
675473841de0d356,eligible,B07LB7J786,smart_plug,Electronics,high,single_device_type,"Phoncoo ""Hello Blue Genie"" Remote Voice Control Smart Plug Socket Control The Opening and Closing for TV Fan Lamp US Plug",Industrial & Scientific,Electronics Television & Video Accessories Remote Controls,,"We will test it before shipment. Reference Weight:0.082kg (0.18lb.) Features:This socket is the latest model of the market, without WiFi, without alexa, just using voice can control the opening and closing of the socket.""Hallo blue genie"" is a voice remote control signal, the induction distance in the open state can be",plug|smart plug|socket,alexa|smart|voice control|wifi,description|title,,,,
56f298d9685e4b68,eligible,B08J9YDHQT,smart_plug,Electronics,high,single_device_type,"Smart Plug, Power Strip Work with Alexa or Google Home, ANHAORUI WiFi Surge Protector with 6 Smart Outlets and 6 Always on outlets and 4 USB Ports, 6 Feet Extension Cord, Black/Grey, ETL Listed",All Electronics,Electronics Accessories & Supplies Power Strips & Surge Protectors Power Strips,"Multi-Function Smart Power Strip(2.4G WIFI ONLY): 4 USB charging ports (5V/3.4A 24W), 6 smart outlets and 6 always on outlets with built-in surge protector 1680 Joules, the 6 Alexa smart outlets works with Alexa Google Assistant for Voice Control, Remote Control Your Home appliances from Anywhere, NOTE: Please make sur",,outlet|plug|power strip|smart plug,alexa|app control|google home|smart|voice control|wi fi|wifi,features|title,,,,
5d0b904d927cb101,eligible,B00N4OBJAO,smart_plug,Electronics,high,single_device_type,Edimax Wi-Fi Smart Plug with Energy Management (SP-2101W),Computers,Electronics High-Tech Stocking Stuffers,Turn electronic devices On & Off from anywhere. Ideal for lamps and space heaters Monitor and control energy usage and costs via EdiLife App works with US Plug Type Set On / Off Schedules with EdiLife App with US Plug Type Control & Switch electronic devices over Wi-Fi or mobile internet from anywhere Real time power d,"Monitor & Manage Your Power Our Smart Plug with Power Meter is a new generation of smart plug for your home. Use your Smartphone or tablet to Turn electronic devices on or off from anywhere, and monitor the status and power usage of your appliances. Easy Setup & Smart Notifications Setup couldn't be any easier and is a",plug|smart plug,smart|wi fi,description|features|title,,,,
8d46fbe89d3f5657,eligible,B09KKX8MDY,smart_plug,Electronics,high,single_device_type,"Diaotec Smart Plug Power Strip WiFi Surge Protector Voice Control Work with Alexa & Google Assistant, 3 AC Outlets 3 USB Port APP Individual Control Timer Schedule 5ft/1.5m Extension Cord Power Strip",Tools & Home Improvement,Electronics Accessories & Supplies Power Strips & Surge Protectors Power Strips,"⚡【VO Flame-Retardant Materials】: High-quality PC-V0 environmentally-friendly fire-retardant shell, which can reach 1382℉ flame-retardant, is more durable and has a longer service life. It allows you to use it on mobile phones, fans, lights, and other USB gadgets at the same time, and can provide high-quality power prot",,plug|power strip|smart plug,alexa|google home|smart|voice control|wi fi|wifi,features|title,,,,
490015bfaceb31bd,eligible,B07C3DWK7J,smart_plug,Electronics,high,single_device_type,"Amped AWPS148W Wireless Wi-Fi Smart Power Strip, Compatible with Amazon Alexa or Google Assistant (Sold Separately), Up to 3 Devices, White",Home Audio & Theater,Electronics Accessories & Supplies Power Strips & Surge Protectors Power Strips,Works with Amazon Alexa or Google Assistant (sold separately); On/Off switch Supports WiFi 802.11 b/g/n and has three 120V grounded outlets; Output - 3 outlets max. load: 1850W 15A Features surge protection and a wireless range of 49 feet; AC input: 110V - 240V WiFi connecting LED indicator; Connect up to three devices,"Plug in up to 3 devices to create timers and schedules for total home automation with the Amped Wireless Wi-Fi Smart Power Strip. Add more smart plugs/strips and program them together to create custom ""scenes,"" and pair with Amazon Alexa or the Google Assistant to control it all with the sound of your voice. This power",plug|power strip,alexa|home automation|smart|wi fi|wifi,description|features|title,,,,
f9f805727b8e6175,eligible,B079L1RSF7,smart_plug,Electronics,high,single_device_type,"meross Outdoor Smart Plug, Outdoor Wifi Outlet with 2 Grounded Outlets, Remote Control, Timer, Waterproof, Support Amazon Alexa, Google Assistant, SmartThings and IFTTT, FCC Certified",Tools & Home Improvement,Amazon Devices & Accessories Amazon Devices Smart Home Security & Lighting Smart Plugs,"2 Individual Outlets Design: Equipped with 2 individually controlled sockets. 2 outlets WORK INDEPENDENTLY of one another. For Outdoor and Indoor: IP44 weatherproof housing. Ideal for Garden, Backyard, Kitchen, Bathroom, Porch, Balcony, Garage, Basement, Patio or Electric grill, Sprinkler, Washing machine, Christmas tr",,outlet|plug|smart plug|socket,alexa|ifttt|smart|smartthings|voice control|wifi,categories|features|title,,,,
7f09ddbb19cb0866,eligible,B07D7J7MKX,smart_plug,Electronics,high,single_device_type,TP-LINK Smart Plug,Camera & Photo,Electronics Wearable Technology Smart Clip Accessories,,"Manage plugged-in electronics, set schedules, and compatible with Amazon Alexa or the Google Assistant. Compact design fits any standard outlet and leaves second outlet free.",outlet|plug|smart plug,alexa|smart,categories|description|title,,,,
8d50bb4f55bf0c78,eligible,B07QLR7Y7D,smart_plug,Electronics,high,single_device_type,"3 Stone WiFi Smart Power Strip Extension Lead Surge Protector 5 ft with 4 Separate Controlled AC Outlets and 4 USB Port, Energy Saving Remote Control Timing Schedule, White",All Electronics,Electronics Accessories & Supplies Power Strips & Surge Protectors Power Strips,"►Work with Alexa Echo: Work with Amazon Alexa Echo to control each of the outlets individually Via voice control after connecting the Smart Life app successfully. ►4 AC Outlets + 4 USB Charging Ports: Equipped with 4 outlets and 4 USB charging port for home or office, provide a convenient power supply for notebooks and",,outlet|power strip|socket,alexa|app control|smart|voice control|wi fi|wifi,features|title,,,,
148fc40f821f267b,eligible,B07KK62GB7,smart_plug,Electronics,high,single_device_type,"Outdoor Smart Plug, Surge Protector, POWRUI Smart Power Strip with 4-Outlet Extender, Remote Control, Timer, Weatherproof for Indoor and Outdoor Use, Compatible with Alexa, Google Assistant and IFTT",All Electronics,Electronics Accessories & Supplies Power Strips & Surge Protectors Power Strips,"【4 Outlets Controlled Individually】Outdoor extension cord with 4 AC outlets design, 15A/1875W max for each, App/voice control 4 appliances seperately. 1080 Joules surge protector. 【Voice Control & Schedule and Timer】Compatible with Amazon Alexa, Amazon echo dot/tap/show and Google Assistant for voice control. You can s",,outlet|plug|power strip|smart plug|socket,alexa|smart|voice control,features|title,,,,
ee973cd2411af903,eligible,B07H5V6XMX,smart_plug,Electronics,high,single_device_type,"APC Smart Plug Wifi Power Strip with USB Ports, PH6U4X32W, 3 Smart Plugs that Work with Alexa, 6 Outlets Total, 2160 Joule Surge Protector, No Hub Required White",All Electronics,Electronics Accessories & Supplies Power Strips & Surge Protectors Power Strips,"5 wifi smart plugs: 3 surge protected smart outlets, plus 2 smart USB charger ports (2.4A shared) that can be independently controlled by Alexa or the APCHome app 3 standard surge protector outlets, and 2 standard USB charging ports (2.4A shared) 2160 Joules of surge protection (inlcudes UL certification) to guard conn","The APC Smart plug surge protector power strip is an ideal Wi-Fi plug for the smart home, allowing you to connect, control, and protect your electronics. The APC Smart surge protector has 5 control points: 3 smart plugs that out with Alexa and 2 Smart USB charger ports that also can be conveniently controlled by voice ",outlet|plug|power strip|smart plug,alexa|smart|voice control|wi fi|wifi,description|features|title,,,,
1ddf91c157735189,eligible,B076HZG5HR,smart_plug,Electronics,high,single_device_type,Monoprice Z-Wave Plus Smart Plug and Repeater with 2 USB Ports,Tools & Home Improvement,Electronics Accessories & Supplies Power Strips & Surge Protectors Power Strips,"Versatile Compatibility: This Smart Plug is compatible with SmartThings, Vera, Wink, Vivint, Homeseer, and Zipato Internet of Things (IoT) ecosystems. Remote On/Off Control: As part of your Z-Wave system, you can use the Smart Plug to turn lamps and small appliances on and off, either at scheduled times or in response ","Versatile Compatibility: This Smart Plug is compatible with SmartThings™, Vera™, Wink®, Vivint™, Homeseer™, and Zipato® Internet of Things (IoT) ecosystems. Remote On/Off Control: As part of your Z-Wave® system, you can use the Smart Plug to turn lamps and small appliances on and off, either at scheduled times or in re",outlet|plug|smart plug,smart|smartthings|z wave,description|features|title,,,,
eedd94b702cffcf5,eligible,B079LVG7BV,smart_plug,Electronics,high,single_device_type,"Fujimoto Dengyo HLT WiFi Smart Power Strip Surge Protector Compatible with Alexa Google Assistant, Smart Multi Plug Outlet with 4 Outlet and 2 USB Port",All Electronics,Electronics Accessories & Supplies Power Strips & Surge Protectors Power Strips,"【COMPATIBLE WITH ALEXA/GOOGLE ASSISTATNT】The wi-fi smart power strip can be voice controlled by Amazon Alexa and Google Assistant. 【REMOTE CONTROL】: Smart power strip outlet equipped with 4 AC outlets and 2 USB ports with 6ft extension cord, you can control 4 AC outlets together or control individually throught the mob",headphone,outlet|plug|power strip|socket,alexa|smart|voice controlled|wi fi|wifi,features|title,,,,
0c8181228af73ddf,eligible,B07MMX1CXD,smart_plug,Electronics,high,single_device_type,"Monoprice Wireless Smart Power Strip - 4 Outlet with Two 2.1A USB Ports, 125V, 1875W No Hub Required, Compatible with Alexa and Google Home - from Stitch Smart Home Collection",All Electronics,,"24/7 Remote monitoring: monitor and control your appliances and devices directly from your smartphone or tablet from anywhere in the world, At any time. Gain peace of mind by knowing whether your devices are on or off Timer controls: the scheduling feature allows you to set a timer or schedule to turn your devices on o","Powered by stitch, the wireless Smart power strip provides simple 24/7 Remote monitoring and control of your home and office appliances and electronics directly from your Android or iOS smartphone or tablet. Setup is as easy as 1-2-3. The sensor communicates with your phone through your local wireless network, so you w",outlet|plug|power strip,alexa|connected home|google home|smart|voice control,description|features|title,,,,
5425eab2420cf4eb,eligible,B0BMV8MF5H,smart_plug,Electronics,high,single_device_type,"Amazon Basics Rectangle Smart Plug Power Strip, Surge Protector with 3 Individually Controlled Outlets and 2 USB Ports, 2.4 GHz Wi-Fi, Works with Alexa, White",Tools & Home Improvement,Electronics Accessories & Supplies Power Strips & Surge Protectors Power Strips,"SMART UPGRADE: Amazon Basics Smart Power Strip works with Alexa to add voice control to your home; an easy upgrade from your traditional power strip CERTIFIED FOR HUMANS: Struggle-free, tinker-free, stress-free. Smart home made easy for non-experts CONTROL FROM ANYWHERE: Schedule lights, fans, and appliances to turn on","Product Description Amazon Basics Smart 3-Outlet Surge Protector Power Strip with 2 USB Ports, Works with Alexa From the Manufacturer Amazon Basics",outlet|plug|power strip|smart plug,alexa|smart|voice control|wi fi,description|features|title,,,,
2bd57853d0f1048b,eligible,B079L6FSHJ,smart_plug,Electronics,high,single_device_type,Smart Power Strip 2.4G WiFi Plug TONBUX Multiple Outlet Surge Protector USB Remote App Control Timing Schedule Voice Control with Alexa Google Home IFTTT,All Electronics,Electronics Accessories & Supplies Power Strips & Surge Protectors Power Strips,"[ALEXA & GOOGLE ASSISTANT COMPATIBLE] Compatible with Amazon Alexa, Google home assistant and IFTTT, control your home appliances with the smart plug by simply giving voice commands to Amazon Alexa or Google Assistant. No Hub Required, the smart power strip works with any Wi-Fi router without the need for a separate hu",,outlet|plug|power strip|smart plug,alexa|app control|google home|ifttt|smart|voice control|wi fi|wifi,features|title,,,,
64777b26e83eb768,eligible,B09PRHQN7M,smart_plug,Electronics,high,single_device_type,"GHome Smart Plug Power Strip, WiFi Surge Protector Work with Alexa Google Home, Smart Outlets with 3 USB 3 Charging Port, Multi-Plug Extender for Home Office Cruise Travel and Christmas Light, 10A",All Electronics,Electronics Accessories & Supplies Power Strips & Surge Protectors Power Strips,"Voice Control - The WiFi power strip works with Amazon Alexa and Google Assistant. For people who can't free their hands to manually turn on/off the Alexa smart plugs or have inconvenience with both hands. Only support 2.4GHz WiFi, no need for a separate hub. APP Control & Christmas Gifts- Free app controls the smart o",Specifications for the smart power strip 1) Wi-Fi Requirement: 2.4GHz 2) Working Temp: -10 ~ 40 ℃ 3) Rated Voltage: 100 - 120V 4) Rated Current: 10A Max AC 5) Frequency: 50/60Hz 6) Max power: 1200W/120V,outlet|plug|power strip|smart outlet|smart plug,alexa|app control|google home|smart|voice control|wi fi|wifi,description|features|title,,,,
e8821da6480b9c2d,eligible,B08Q33X824,smart_plug,Electronics,high,single_device_type,"Smart Outlet, POWLIGHT Wall Outlet Expander (1875W/15A) WiFi Surge Protector with 4 USB Ports (5V/4.8A 24W), 6 Outlets(3 Smart) Wall Adapter, Smart Plug That Compatible with Alexa and Google Home",All Electronics,Electronics Accessories & Supplies Power Strips & Surge Protectors Surge Protectors,"Muti-Function Outlet Wall Plug(2.4G WIFI ONLY): Equipped with 3 smart AC outlets, 3 always on outlets and 4 USB charging port(5V/4.8A 24W) for home or office, provide a convenient power supply for home appliances. This smart outlet with built-in surge protector 540 Joules. Perfect for bedroom, office, kitchen. Voice Co","Specifications: Input Voltage: 100-240VAC; 50/60HZMax.Current: 15AMax.Power Rating: 1875WUSB Port Output: DC 5V 2.4A each port, 4.8A 24W in TotalSurge Protection Rating: 540 JoulesItem Dimensions: DC 5V 2.4A each port, 4.8A 24W in Total Package list: 1 x Smart Outlet Expander with usb Port1 x Instruction manual1 x Pape",outlet|plug|smart outlet|smart plug,alexa|google home|smart|voice control|wifi,description|features|title,,,,
34ab670edcf0c083,eligible,B07JYYJYGS,smart_plug,Electronics,high,single_device_type,"WiFi Smart Power Strip Surge Protector Extension with 4 Individual Control Smart Plugs and 4 USB Ports and 5.9ft Long Extension Cord, Smart Life APP Work with Alexa & Google Assistant",Tools & Home Improvement,Electronics Accessories & Supplies Power Strips & Surge Protectors Power Strips,"🔌 VOICE CONTROL: Work with Amazon Alexa Echo and Google Home to control each of the outlets individually Via voice control after connecting the Smart Life app successfully. 🔌 REMOTE CONTROL: ""Smart Life"" app control the smart power strip with your smartphone and tablet (iOS 8.0 or above/Android 4.4 or above). You can c","Specifications: Power Rating: 1875W (125V 15A) USB Port Input: AC 100-125V Single Outlet Current: 10A (Max) USB Port Output: 5V / 4A (20W) in Total 4 USB Ports, 2.4A Maximum Per Port Power Cord Length: 5.9ft/1.8m Control approach: Wi-Fi 2.4GHz 802.11b/g/n Color: White Package includes: 1 x Smart Power Strip 1 x User Ma",outlet|power strip|smart outlet,alexa|app control|google home|smart|voice control|wi fi|wifi,description|features|title,,,,
dc2dbdbc18a14f9f,eligible,B09QLT48DJ,smart_plug,Electronics,high,single_device_type,"MoesGo Smart WiFi Power Strip, Surge Protector with 3 Individually Controlled Smart Outlet and 2 USB Type C,Remote Control Smart Life/Tuya,Work with Alexa and Google Home No Hub Required",All Electronics,Electronics Accessories & Supplies Power Strips & Surge Protectors Power Strips,"【Attention】2.4GHz WiFi/Rated Power:1250W-10A Max/includes full 2-year warranty and 60-day refund guarantee for complete satisfaction. 【New Arrival with 3 US Standard AC Outlets and 2 USB+1 Type C Charging Port】:Differs from traditional single Plug,this new one is specially designed for modern smart lifestyle where many",,outlet|plug|power strip|smart outlet|socket,alexa|google home|smart|tuya|voice control|wifi,features|title,,,,
85b99542761d99bb,eligible,B06Y22HM5S,smart_plug,Electronics,high,resolved_by_explicit_exclusion,"Geeni ENERGI Energy Tracking Wi-Fi Smart Plug - No Hub Required, Works with Amazon Alexa and Google Assistant",Tools & Home Improvement,Amazon Devices & Accessories Amazon Pro Portal,"Works with Alexa for voice control (Alexa device sold separately). Control any plug in device from anywhere and keep an eye on your device's energy usage using the Geeni app (iOS 8 or higher/Android 4.1 or higher) No hub required, Wi-Fi built-in. Compatible with all 2.4 GHz Wi-Fi networks. Not compatible with 5GHz netw",Product Description Start your humidifer before you even get home. Turn on a fan or get a vinyl playing. Just plug anything in to the Energy and turn it on and off from anywhere and track how much energy it's using. Control your appliances from the Geeni app or (optionally) by voice using Amazon Alexa or Google Assista,bulb|plug|smart plug,alexa|google home|smart|voice control|wi fi|wifi,description|features|title,smart_bulb:approved_identity_phrase_absent|smart_bulb:identity_not_in_title_or_categories,,,
d0dfb1c5c093e2b2,eligible,B08KSJ56WR,smart_plug,Electronics,high,single_device_type,Ring Outdoor Smart Plug,Amazon Devices,,"Control your existing outdoor lights or appliances from anywhere with the dual Outdoor Smart Plug. Ring Bridge, Ring Alarm Pro, Echo (4th Gen) or Echo Show 10 (3rd Gen) required to enable smart features, such as mobile notifications and customizable settings. Connect Outdoor Smart Plug to Ring Bridge to enable customiz",,plug|smart plug,alexa|smart,features|title,,,,
370d7d603ca7b2be,eligible,B08F8X62QG,smart_plug,Electronics,high,single_device_type,"Certified Refurbished Amazon Smart Plug, for home automation, Works with Alexa- A Certified for Humans Device",Amazon Devices,,"A Certified Refurbished Amazon Smart Plug is refurbished, tested, and certified to look and work like new and comes with the same limited warranty as a new device. Certified Refurbished Amazon devices may be packaged in generic Amazon-branded boxes. Amazon Smart Plug works with Alexa to add voice control to any outlet.",,outlet|plug|smart plug,alexa|home automation|smart|voice control,features|title,,,,
ff5589d9330749ef,eligible,B015PBE5YK,smart_plug,Electronics,high,resolved_by_explicit_exclusion,BAYIT HOME AUTOMATION BH1810 On/Off Switch Wi-Fi Socket (Black),Camera & Photo,Electronics Security & Surveillance Home Security Systems,Controls Appliances' On & Off Functions Using Android Or IOS Mobile Device's 3g/4g/Wi-Fi Internet Connection Intuitive & Easy To Set Up & Use Downloadable Free Bayit Switch App Allows Users To Set Schedules Users Can Cut Energy Bill By Setting Devices To Turn Off When Not In Use,"The Bayit Wi-Fi enabled socket connects your electronics to your Wi-Fi network making it possible to turn your appliances ON/OFF from anywhere in the world. Turn your A/C or heater on when your on the way home, shut off that noisy washer or dryer, turn the far away lamp off from the comfort of your own bed. Do It Yours",plug|socket|switch,home automation|wi fi,description|features|title,smart_switch:approved_identity_phrase_absent|smart_switch:required_target_context_absent,,,
09a9d813f94a5e9d,eligible,B00EOEDJ9W,smart_plug,Electronics,high,single_device_type,"Wemo Insight WiFi Enabled Smart Plug, with Energy Monitoring, Works with Alexa (Discontinued by Manufacturer - Newer Version Available)",Cell Phones & Accessories,Electronics Logitech Universal Remotes,"Works with Alexa for voice control (Alexa device sold separately). Turn appliances and electronic devices on and off from anywhere + monitor and control energy usage and costs from anywhere. How much is that power hungry space heater or air conditioner costing me? Heat up, cool down and turn on/off up from anywhere! Ea","The WeMo Insight Switch works with the free WeMo app to give you wireless control of your appliances and electronics; turn on a space heater to get the room nice and cozy before you get there, be at ease that you turned off the hair straightener or iron after the morning rush or bring on the holiday cheer and turn on t",outlet|plug|smart plug,alexa|smart|voice control|wifi,description|features|title,,,,
cdc2e3ac63195d71,eligible,B07JVGJL7P,smart_plug,Electronics,high,resolved_by_explicit_exclusion,"YAGALA Smart Power Strip, WiFi Surge Protector with Switch Control, 3 Individually Controlled Smart AC Plugs & 3 USB Fast Charging Ports, Compatible with Alexa and Google Home Voice Control",All Electronics,Electronics Accessories & Supplies Power Strips & Surge Protectors Power Strips,"Work with Amazon Alexa and Google Home, you can control your home appliances with the Z2 WiFi Smart Power Strip by giving voice commands to Amazon Alexa or Google Assistant. The Z2 smart power strip built-in Wi-Fi Capability and no hub required, via Smart Life App, and add it into your account via 2.4G WiFi network, th",,power strip|switch,alexa|google home|smart|voice control|wi fi|wifi,features|title,smart_switch:approved_identity_phrase_absent|smart_switch:required_target_context_absent|smart_switch:wrong_product:switch control,,,
638ca9fc764b9b13,eligible,B09QKMWR6K,smart_plug,Electronics,high,single_device_type,"MOES WiFi Smart Power Strip, Surge Protector with 2 USB Ports(5V 3A), 1 Type C, 3 US Standard Smart Outlet and 5ft Extension Cord, Smart Life/Tuya APP Remote Control,Work with Alexa and Google Home",All Electronics,Electronics Accessories & Supplies Power Strips & Surge Protectors Power Strips,"【Power Strip with 2 USB Port and Type-C 】 - Power strip with 2 USB Port（5V 3.0A) ,1 Type-C and 3 AC sockets(The first socket 16A, the second and third sockets 10A). It needs 2.4GHz Wi-Fi to achieve APP remote control. Compatible with 100~240V worldwide voltage, perfect for cruise office and home etc. The USB C plug is ",,outlet|plug|power strip|receptacle|smart outlet|socket,alexa|google home|smart|tuya|voice control|wi fi|wifi,features|title,,,,
c85bb7a558dff44d,eligible,B086MN9RX5,smart_plug,Electronics,high,single_device_type,Smart Power Strip USB Port WiFi Compatible with Alexa,All Electronics,Electronics Accessories & Supplies Power Strips & Surge Protectors Power Strips,"Multifunction Smart power strip with 5 individually controlled Smart outlets; 2 USB charging ports; High power rating of 100-240v and 2500W Easy setup: Download the smart Life APP (Android or iOS) and follow the supplied setup instructions. No hub required, works with any 2.4G Wi-Fi router. Complete APP control Feature",Smart power strip WiFi Compatible with Alexa expandable flexible 10ft lead 2500w,plug|power strip,alexa|app control|smart|voice control|wi fi|wifi,description|features|title,,,,
e8a2972fa46cd65b,eligible,B08RBVV857,smart_plug,Electronics,high,single_device_type,Smart Power Strip Black 1 Pack and Wall Extender White 1 Pack,All Electronics,Electronics Accessories & Supplies Power Strips & Surge Protectors Power Strips,"Voice Control - Work with Alexa, Google Home assistant, control your home appliances with the smart power strips by simply giving voice commands to Alexa or Google assistant. No hub required, the smart power strip works with any 2.4G Wi-Fi router without the need for a separate hub or paid subscription service. Remote ",,outlet|plug|power strip|smart plug,alexa|app control|google home|smart|voice control|wi fi|wifi,features|title,,,,
b86732d50b374ad1,eligible,B07519PSGJ,smart_plug,Electronics,high,single_device_type,"LITEdge Smart Power Strip, 5.6ft Cable Length Wi-Fi Accessible 3 AC Outlets 2 USB Ports, Wireless Distance APP Control, Compatible with Alexa",Tools & Home Improvement,Electronics Accessories & Supplies Power Strips & Surge Protectors Power Strips,"DISTANCE ACCESS WITH APP: With the LITEdge power strip, you can control your lights and other electronics that’s connected to it with just a simple tap on the Smart Life or LITEdge App in your smartphone even when you’re on the other side of the world 2 USB ports + 3 AC outlets: Ideal for your daily essential electroni",,power strip,alexa|app control|smart|voice control|wi fi,features|title,,,,
3fae0ef27149f0e5,eligible,B07R8DZKSV,smart_plug,Electronics,high,single_device_type,"meross Smart Power Strip USB Charger WiFi Surge Protector Power Bar, Alexa Google Home, SmartThings & IFTTT Supported, Remote Control, 4 AC Outlet and 4 USB Port",All Electronics,Electronics Accessories & Supplies Power Strips & Surge Protectors Surge Protectors,"Remote Control: This smart Wi-Fi surge protector with 4 Outlets and 4 USB Ports, ideal for home and office use. Turn each AC outlet and 4 USB ports on/off from anywhere with your Meross app. 4 USB ports only be controlled together. All data is securely transmitted and stored using Amazon AWS servers in US. Voice Contro","This smart Wi-Fi surge protector, equips with 4 AC outlets and 4 USB ports, ideal for home and office use. Each outlet and four USB ports can be controlled from anywhere with your Meres app (iOS, Android). It allows you to turn the connected devices on and off, and to set schedules or activate the auto-off timer routin",outlet|power strip,alexa|google home|ifttt|smart|smartthings|voice control|wi fi|wifi,description|features|title,,,,
ff1e119c3b9bf755,eligible,B077FX2HY3,smart_plug,Electronics,high,single_device_type,"Smart Plugs That Work with Alexa Google Home Siri, Wireless 2.4G WiFi Outlet Controlled by Smart Life Tuya Avatar Controls APP, 10A Mini Socket Enchufe Inteligente with Timer, Freecube, 1 Pack",All Electronics,Electronics Portable Audio & Video Portable Speakers & Docks Portable Bluetooth Speakers,"power strip,extension cord,outlet extender,extension cord with multiple outlets,outlet usb ports",,outlet|power strip|socket,alexa|google home|smart|tuya|wifi,features|title,,,,
66e93ad0934abc20,eligible,B091Z5R792,smart_plug,Electronics,high,single_device_type,Ring Outdoor Smart Plug with Ring Bridge (1st generation),Amazon Devices,Amazon Devices & Accessories Amazon Devices Smart Home Security & Lighting,"This bundle includes Outdoor Smart Plug + Ring Bridge (1st Gen) Control your existing outdoor lights or appliances from anywhere with the dual Outdoor Smart Plug. Connect Outdoor Smart Plug to the included Ring Bridge to enable customizable smart controls in the Ring app and sync with other select Ring Smart Lights, Ri",,plug|smart plug,alexa|smart,categories|features|title,,,,
fb60cccd79b1bd79,eligible,B083JKSSR5,smart_plug,Electronics,high,single_device_type,"Kasa Smart Plug Power Strip KP303, Surge Protector with 3 Individually Controlled Smart Outlets and 2 USB Ports, Works with Alexa & Google Home, No Hub Required , White",Tools & Home Improvement,Electronics Accessories & Supplies Power Strips & Surge Protectors Power Strips,3 smart outlets plus 2 USB ports: Support 5 appliances simultaneously with 3 independently controllable smart outlets and 2 always-on USB ports. Ideal for charging devices in the home and office. Voice control: Compatible with Alexa and Google Assistant. Free up your hands by using voice commands to control plugged in ,"With independent control of 3 devices and extra USB ports to charge 2 others, the Kasa smart Wi-Fi power strip is ideal for your family rooms, home office or small business, power up your office remotely and even your holiday lights. Remotely control each outlet with the Kasa smart app or use voice commands with Alexa,",outlet|plug|power strip|smart plug,alexa|google home|smart|voice control|wi fi|wifi,description|features|title,,,,
efc8d6b86df6eaa7,eligible,B08TR1RVQP,smart_plug,Electronics,high,single_device_type,"Smart Power Strip, WiFi Surge Protector, Voice Control Compatible with Alexa & Google Assistant, 4 AC Outlets 4 USB Port, APP Individual Control, Timer Schedule",All Electronics,Electronics Accessories & Supplies Power Strips & Surge Protectors Power Strips,【Remotely Comtrol】—— Use the fully control mode or control 4 sockets individually with your smart phone no matter where you are. The Wi-Fi Smart Power Strip Surge Protector appliances status will feedback to your phone in real time.Surge Protection Strip detects your devices to deliver the ideal charging speed up to 2.,"Save Money by Running the Devices on Your Schedule With the wifi surge protector,you can manage computers, gaming consoles, entertainment centers or any device that can be powered off when not in use for energy savings.Monitor energy usage and costs at anytime. Built-In USB Ports 4 USB charging ports are perfect for ch",outlet|plug|power strip|smart plug,alexa|smart|voice control|wi fi|wifi,description|features|title,,,,
394297a8ace5ecee,eligible,B08RML2BW4,smart_plug,Electronics,high,single_device_type,6 in 1 Smart Power Strip 1 Pack and 15A Smart Pug 4 Pack,All Electronics,Electronics Accessories & Supplies Power Strips & Surge Protectors Power Strips,"Voice Control: Wifi smart plug works with Amazon Alexa and Google Assistant. Just say the commands turn on the light, when your hands are full or entering a dark room, or tell Alexa to turn on the bread maker when you are making up. Remote Control - Free app control the smart plug by your smartphone (ios 8.0 or above/A",,plug|power strip|smart plug|socket,alexa|app control|smart|voice control|wi fi|wifi,features|title,,,,
44c2549c73534c81,eligible,B0C2VG36BT,smart_plug,Electronics,high,single_device_type,"UltraPro 7-Outlet Wi-Fi Surge Protector, Smart Power Strip, 3 Ft Cord, 3 Group Controlled Outlets, Works with Amazon Alexa & Google Home, 1440 Joules, Black, 55144",All Electronics,Electronics Accessories & Supplies Power Strips & Surge Protectors Surge Protectors,Power More – 4 always-on outlets power household appliances and electronics while 3 Wi-Fi outlets pair with the easy-to-use UltraPro app (available in the Apple App Store and Google Play). Wirelessly control 3 grounded outlets at the same time (cannot be controlled individually) for hassle-free mobile operation of ligh,"Gain wireless control of your outlets with the UltraPro™ 7-Outlet Wi-Fi Smart Surge Protector. Pair this premium Wi-Fi power strip with the UltraPro app to take full advantage of the unit’s features, including ON/OFF control of three smart outlets at the same time from the convenience of your mobile device (cannot be c",outlet|plug|power strip,alexa|google home|smart|voice control|wi fi,description|features|title,,,,
9e1110da417829ab,eligible,B08FRDF58C,smart_plug,Electronics,high,single_device_type,"Smart Plug, Surge Protector, USRISE WiFi Power Strip with 4 Smart Outlets and 3 Always on outlets and 3 USB Ports(Smart 4.8A 24W Total), 6ft Extension Cord, 1875W/15A, Black",All Electronics,Electronics Accessories & Supplies Power Strips & Surge Protectors Power Strips,"Smart Power Strip(2.4G WIFI ONLY): 4 USB charging ports (5V/3.4A 17W), 3smart outlets and 3 always on outlets with built-in surge protector 1680 Joules, the 3 Alexa smart outlets works with Alexa Google Assistant for Voice Control, Remote Control Your Home appliances from Anywhere, NOTE: Please make sure you have 2.4G ","Specifications: Input Voltage: 100-240VAC; 60HZ; Max.Current: 15A; Max.Power Rating: 1875W; USB Port Output: DC 5V, Total 3.4A; Item Dimensions: 8.1*3.8*1.2 INCH; Package list: 1 x Electric Wall Outlet with USB Charger; 1 x Instruction manual ; 1 x Paper Box; Notice: Do not exceed the total rating or it may cause damag",outlet|plug|power strip|smart plug,alexa|google home|smart|voice control|wifi,description|features|title,,,,
496ad801fc5a004a,eligible,B0BRKJM5MD,smart_plug,Electronics,high,single_device_type,"Smart Plug Power Strip, Meross WiFi Flat Outlet 15A Compatible with Apple HomeKit, Siri, Alexa, Google Assistant & SmartThings, with 4 AC Outlets & 4 USB Ports, 6 Feet Surge Protector Extender",All Electronics,Electronics Accessories & Supplies Power Strips & Surge Protectors Power Strips,"4 Outlets & 4 USB Ports: Equipped with 4 Outlets (Independently controlled, 15A Max load) and 4 USB Ports (simultaneously controlled, up to 4.0A for four USB ports). You can charge your phone, tablet, and other USB gadgets together. Voice Control: Compatible With Apple HomeKit(iOS 13 or above), Siri, Alexa, Google Assi",,outlet|plug|power strip|smart plug,alexa|homekit|smart|smartthings|voice control|wifi,features|title,,,,
45cd88efcb70d381,eligible,B00K4YEI28,smart_plug,Electronics,high,single_device_type,“Discontinued by Manufacturer” D-Link Smart Plug (DSP-W215),Computers,Electronics Computers & Accessories Networking Products Routers,"Service for this device has ended as of 12/31/2022 All services - including, but not limited to remote viewing, management and setup will no longer function Service for this device has ended as of 12/31/2022 All services - including, but not limited to remote viewing, management and setup will no longer function Servic","The mydlink Wi-Fi Smart Plug (DSP-W215) is a compact, multi-purpose and easy to use device that allows you to monitor and control your home’s electronic devices from anywhere. Use the free mydlink Home app to turn devices on or off, monitor energy use of connected devices, create on/off schedules and set up push alert ",plug|smart plug,smart|wi fi,description|title,,,,
54628cab55db1c88,eligible,B07MTKMD36,smart_bulb,Electronics,high,resolved_by_explicit_exclusion,Philips Hue White and Color Ambiance E12 Decorative Candle 6W Equivalent Dimmable LED Smart Bulb (Compatible with Amazon Alexa Apple HomeKit and Google Assistant) (Renewed),Health & Personal Care,Electronics Portable Audio & Video MP3 & MP4 Player Accessories,"VOICE CONTROL: The Philips Hue White and Color Ambiance Smart Bulb Candle works with Alexa for voice control (Philips Hue Hub required, Alexa smart device and hue hub sold separately). For the full Hue experience and to take advantage of voice activation purchase the Philips Hue Hub (Model: 458471). Search ""Philips Hue","VOICE CONTROL: The Philips Hue White and Color Ambiance Smart Bulb Candle Compatible with Alexa for voice control (Philips Hue Hub required, Alexa smart device and hue hub sold separately). For the full Hue experience and to take advantage of voice activation purchase the Philips Hue Hub (Model: 458471). Search ""Philip",bulb|dimmer|dimmer switch|smart bulb,alexa|home automation|homekit|smart|smartthings|voice control,description|features|title,smart_switch:approved_identity_phrase_absent|smart_switch:identity_not_in_title_or_categories|smart_switch:required_target_context_absent,,,
177d9d48fb2c6e69,eligible,B0B3S9W38J,smart_bulb,Home_and_Kitchen,high,single_device_type,"KAUF A15 RGBWW Smart Bulb with ESPHome, Compatible with Tasmota, Made for Home Assistant",Tools & Home Improvement,Home & Kitchen Home Décor Products,"Five independently controllable LED channels: Red, Green, Blue, Warm White, and Cold White. Runs ESPHome out of the box for 100% local control without flashing, soldering, editing YAML, or hoping tuya-convert works. Connects natively to Home Assistant without going through a cloud connection or requiring a third-party ",,bulb|smart bulb,smart|tuya,features|title,,,,
23dfca1acbc43b72,eligible,B082JPGQ2S,smart_bulb,Electronics,high,single_device_type,"Ring PAR38 Smart LED Bulb, White (Starter Kit: 2-pack)",Amazon Devices,,Replaces standard PAR38 light bulbs – screw into your desired outdoor fixture and shine 1500 lumens of light (120W equivalent brightness) where you need it most. Ring Bridge included – this Starter Kit includes a Ring Bridge so that you may enable smart features for your Ring Smart Lights. Smart features – when connect,,bulb|led bulb,alexa|smart,features|title,,,,
9ba808c06e08c453,eligible,B0B3SLPYQ7,smart_bulb,Home_and_Kitchen,high,single_device_type,"KAUF A19 RGBWW Smart Bulb with ESPHome, Compatible with Tasmota, Made for Home Assistant (4)",Tools & Home Improvement,Home & Kitchen Home Décor Products,"Five independently controllable LED channels: Red, Green, Blue, Warm White, and Cold White. Runs ESPHome out of the box for 100% local control without flashing, soldering, editing YAML, or hoping tuya-convert works. Connects natively to Home Assistant without going through a cloud connection or requiring a third-party ",,bulb|smart bulb,smart|tuya,features|title,,,,
d73563d125cd899e,eligible,B00JDT11CU,smart_bulb,Electronics,high,resolved_by_explicit_exclusion,"Sengled Pulse LED Smart Bulb with JBL Bluetooth Speaker, App Controlled Up to 8 BR30 LED Light Bulbs with Starter Kit, E26 Base, Compatible with Amazon Alexa, Candy Apple Red, 2 Pack",Home Audio & Theater,Electronics Home Audio Wireless & Streaming Audio,"STREAM EFFORTLESSLY: Bluetooth speaker connects with Amazon Echo & Echo Dot for voice control; ask Alexa to play music from Amazon Music, Spotify, Pandora, iHeartRadio, TuneIn and SiriusXM EASY SET UP: install into standard E26 light sockets or fixtures, download the iOS/Android app and set up. Suitable for 5 to 6-inch","With Pulse, you get the energy efficiency of a dimmable LED light with the rich sound of a JBL speaker that you can control using your iOS or Android device. Set-up is simple. Just screw Pulse into any standard light socket or fixture and enjoy high-quality stereo sound right out of the box. No need to worry about wire",bulb|smart bulb|socket,alexa|app controlled|smart|voice control,description|features|title,smart_plug:approved_identity_phrase_absent|smart_plug:identity_not_in_title_or_categories|smart_plug:wrong_product:starter kit,,,
5679e368cfddd9a0,eligible,B07YP9Q65C,smart_bulb,Electronics,high,single_device_type,"Ring PAR38 Smart LED Bulb, Black (Bridge required)",Amazon Devices,,"Replaces standard PAR38 light bulbs – screw into your desired outdoor fixture and shine 1500 lumens of light (120W equivalent brightness) where you need it most. Ring Bridge, Echo (4th Gen) or Echo Show 10 (3rd Gen) required to enable smart features, such as mobile notifications and customizable settings. Smart feature",,bulb|led bulb,alexa|smart,features|title,,,,
17a1111ede2ea121,eligible,B07YPD1BHD,smart_bulb,Electronics,high,single_device_type,"Ring PAR38 Smart LED Bulb, White (Bridge required)",Amazon Devices,,"Replaces standard PAR38 light bulbs – screw into your desired outdoor fixture and shine 1500 lumens of light (120W equivalent brightness) where you need it most. Ring Bridge, Echo (4th Gen) or Echo Show 10 (3rd Gen) required to enable smart features, such as mobile notifications and customizable settings. Smart feature",,bulb|led bulb,alexa|smart,features|title,,,,
947e11ef6544e177,eligible,B082JSKFGX,smart_bulb,Electronics,high,single_device_type,"Ring PAR38 Smart LED Bulb, Black (Starter Kit: 2-pack)",Amazon Devices,,Replaces standard PAR38 light bulbs – screw into your desired outdoor fixture and shine 1500 lumens of light (120W equivalent brightness) where you need it most. Ring Bridge included – this Starter Kit includes a Ring Bridge so that you may enable smart features for your Ring Smart Lights. Smart features – when connect,,bulb|led bulb,alexa|smart,features|title,,,,
b73919ef5882761d,eligible,B08K46NTDD,smart_switch,Electronics,high,single_device_type,"Legrand - Pass & Seymour Radiant WWRL10LACCV2 Enabled, Light Almond Smart Wi-Fi Switch",Tools & Home Improvement,Amazon Devices & Accessories Amazon Devices Smart Home Security & Lighting Smart Lighting Smart Light Switches,"Control lights from smart phones and tablets with Legrand's smart lights app Schedule lights on/off automatically, Group lights, and create scenes Know your home is secure, even when you’re away Just ask Alexa or the Google assistant to turn lights on Out-of-the-box connectivity with OCF certification Installs easily i","Enhance your living environment with Legrand smart devices. The radiant smart switch enables convenient control of your lights using your voice, the smart lighting app, and other connected devices in the home. Its patented tru-universal technology operates all dimmable lighting types and loads (except 0-10V) without fl",dimmer|smart switch|switch,alexa|home automation|smart|wi fi,categories|description|features|title,,,,
e9e49542ce743319,eligible,B07HHR1FZP,smart_switch,Electronics,high,single_device_type,"Smart-Wall-Switch Smart-WiFi-Switch, Meross Remote Control and Timer switches Compatible with Alexa/Google Assistant/IFTTT Fit for US/CA Wall Switches No Hub Needed(2 Packs)",Tools & Home Improvement,Electronics Accessories & Supplies Power Strips & Surge Protectors Power Strips,"【 Remote Access】Associating the Meross APP(iOS, Android) according to the instruction，you can control your smart wall switches anywhere any time 【Easy To Install:】The Smart Wi-Fi Wall Switch complies with US/CA wall switch regulations and can seamlessly replace your conventional wall switches.Neutral wire is required f",,light switch|switch|wall switch,alexa|ifttt|smart|voice control|wi fi|wifi,features|title,,,,
014a9ffb67edb1bf,eligible,B07DFNM96Z,smart_switch,Electronics,high,single_device_type,"ZLINK Z-Wave Plus Smart Light Dimmer with S2 and SmartStart, Amazon Alexa Ready - ZL-WD-100",All Electronics,,"SUPPORTS: Z-Wave S2 Security and SmartStart for an easy and secure inclusion THE LATEST: Z-Wave Plus On/Off Switch that supports all the latest Features in Z-Wave: Instant Status, Z-Wave Plus - 500 series Chip, Double Tap Triple Tap Scenes and More! CONTROL AND DIM: LEDs, CFL, and Incandescent and other loads. UL Certi","From the manufacturer: ZLINK - The same great performance and quality of other well-known brand names: GE; Leviton; Cooper; without the expensive cost of branding. ZLINK, one of the first to bring important features such as Security S2, the latest in Z-Wave network security and SmartStart, simple scan-and-go, and insta",dimmer|light switch,alexa|smart|z wave,description|features|title,,,,
fe4f8a1c5f38cf3e,strong_exclusion,B08N5821B5,excluded,Electronics,excluded,single_device_type,Lyntex Portable 2.5 inch mobile USB 3.0 External Hard Drive HDD for PC Laptop and Mac (500GB),Computers,Electronics Computers & Accessories Data Storage External Hard Drives,USB 3.0 Super speed 5Gbps transfer rate ultra slim and light weight Portable external hard drive. Runs straight from a usb 2.0 or usb 3.0 port no external power source needed Reliable portable storage solution formatted to FAT32 for use with all operating systems mac os and windows PS4 PS3 XBOX Connect it to your smart,"Backup data and transfer all of your files quickly and easily with this New Plug & Play USB External Portable 2.5 inch hard drive! from lyntex , with a slim design and a super speed USB 3.0 interface, this Hard Drive offers both style and speed with data transfer rates of up to 5Gbps, USB 3.0 (also known as SuperSpeed ",plug,smart,description|features,smart_plug:approved_identity_phrase_absent|smart_plug:identity_not_in_title_or_categories,,,
05c3d876ad53693b,strong_exclusion,B07PQJS46S,excluded,Electronics,excluded,single_device_type,"DIZA100 USB C Hub, 6 in 1 Type C to 4K HDMI Adapter with Gigabit Ethernet Port, 2 USB3.0, SD Card Reader, USB-C PD, Compatible with MacBook Pro, Microsoft Series, XPS and Other Type C Devices",Computers,Electronics Computers & Accessories Computer Accessories & Peripherals USB Hubs,"【 Upgraded Chip 6 in 1 USB C Hub 】 DIZA100 Multiport Type C USB Adapter includes 1 Gigabit Ethernet Port,4K HD video output port 1 USB Type-C Female PD charging port, 1 SD card slot, 2 USB 3.0 Type A ports in an extremely compact size and sleek design to help you connect your portable devices easily and convenient for ",,plug,smart,features,smart_plug:approved_identity_phrase_absent|smart_plug:identity_not_in_title_or_categories,,,
2afb67227a46321b,strong_exclusion,B00E80ELI0,excluded,Electronics,excluded,single_device_type,Belkin AC Dual Band Wi-Fi USB Adapter F9L1109,Computers,Electronics Computers & Accessories Networking Products Network Adapters USB Network Adapters,,"The Belkin AC Wi-Fi Dual-Band USB Adapter brings next-generation Wi-Fi to your laptop. Enjoy the speed and performance of the most powerful networking technology ever developed. Stream HD video seamlessly with no buffering. With powerful networking technology and improved coverage, the Belkin AC Wi-Fi Dual-Band USB Ada",plug,wi fi,description|title,smart_plug:approved_identity_phrase_absent|smart_plug:identity_not_in_title_or_categories|smart_plug:wrong_product:usb adapter,,,
ba526ded4db6fb90,strong_exclusion,B0BM46P6D6,excluded,Electronics,excluded,single_device_type,"QAMY Light Socket Security Camera 5GHz&2.4GHz,Light Bulb Security Camera Easy Installation,Light Bulb Camera Full Color Night,Security Camera Light Bulb Outdoor,Motion Alarm",Camera & Photo,Electronics Camera & Photo Video Surveillance Surveillance Cameras Bullet Cameras,"📷 ➤【Wireless Security Camera Outdoor Easy Installation】 Wifi panorama camera support 2.4Ghz & 5G dual-band network, Can be installed using ordinary E27 bulb base Screw in security camera for light socket support Apple & Android system, users can download the APP through and connect the Light bulb camera to the wifi, Th",,bulb|light bulb|socket,smart|wifi,features|title,smart_bulb:approved_identity_phrase_absent|smart_bulb:smart_evidence_not_in_title_or_categories|smart_bulb:wrong_product:bulb camera|smart_bulb:wrong_product:camera|smart_bulb:wrong_product:cameras|smart_bulb:wrong_product:light bulb camera|smart_bulb:wrong_product:security camera|smart_plug:approved_identity_phrase_absent|smart_plug:smart_evidence_not_in_title_or_categories|smart_plug:wrong_product:camera|smart_plug:wrong_product:cameras|smart_plug:wrong_product:security camera,,,
9336283617ef546f,strong_exclusion,B089ZY1GSH,excluded,Electronics,excluded,single_device_type,"Xiaomi Mi WiFi Repeater Professional Extender (with EU Plug, 300Mbps, 2.4 GHz) WiFi Signal Enhancement Receiver, Wireless Network Signal Improvement, Wireless Router",All Electronics,Electronics Computers & Accessories Networking Products Repeaters,,wifi amplifier,plug,wifi,description|title,smart_plug:approved_identity_phrase_absent|smart_plug:wrong_product:router|smart_plug:wrong_product:wifi repeater,,,
2834f6936287d2b4,strong_exclusion,B09MRV71S6,excluded,Electronics,excluded,single_device_type,"GVM Desk Bicolor LED Video Light,60W LED Digital Display Video Light with APP Control,Aluminum Alloy Photography Lighting Dimmable 360 Rotation for Shooting,Game Live",Camera & Photo,Electronics Camera & Photo Lighting & Studio Lighting On-Camera Video Lights,"Warranty: 2021 Upgraded Desk Bicolor LED Video Light, including a three-year full refund and lifetime warranty. Bi-color photography light is made of aluminum alloy.There is a U-shaped frame design,which can adjust as you want.Its color rendering index is ≥97..The brightness can be adjusted through the brightness adjus",,bulb|led bulb,app control|smart,features|title,smart_bulb:approved_identity_phrase_absent|smart_bulb:identity_not_in_title_or_categories|smart_bulb:wrong_product:camera,,,
30dbbb3cc577e88f,strong_exclusion,B00JLADMU0,excluded,Electronics,excluded,single_device_type,IN-Camera USB AC Power Adapter/Battery Charger + PC Data Sync Cable Cord Lead For Nikon Coolpix S3000 S3100 S3300 S3500,Camera & Photo,Electronics Power Accessories AC Adapters,"Brand New, High Quality 5V 1A USB Charger + USB 2.0 charger data/lead cable (non-OEM). 2-in-1 feature: this cable can both sync and charge your device through a USB port. USB cable data cable with Magnetic ring can effectively shield EMI/RFI interference. Come with magnetic ring and precise connectors ensure a high dat","Antoble: Antoble is a consumer technology accessories brand. Antoble chargers are manufactured with the highest quality materials and include multiple smart features safeguarding against incorrect voltage, short circuit, internal overheating. CE/FCC/RoHS certified. We are confident in the quality of the Antoble product",plug,smart,description|features,smart_plug:approved_identity_phrase_absent|smart_plug:identity_not_in_title_or_categories|smart_plug:wrong_product:camera|smart_plug:wrong_product:power adapter,,,
dcd1a9830d6163aa,strong_exclusion,B08LGQY454,excluded,Electronics,excluded,single_device_type,"2 Pack OTG Host Cables for Fire TV Stick 4K, SNES Classic Mini, Alexa Streaming TV Sticks, Android Phone, Samsung Tablet, Sega Genesis, 2 in 1 Micro USB to USB Adapter OTG Cords with Micro USB Power",Computers,Electronics Computers & Accessories Computer Accessories & Peripherals Computer Cable Adapters USB-to-USB Adapters,"Comes with 2 Pack. 2 in 1 Micro USB to USB adapter (OTG Port + Power Port) Important: It can NOT charge any smart phone or tablet! Plug & Play - No complicated set up. Compatible with the most popular streaming and media devices.Allows USB Accessories like Ethernet Adapters, Keyboards, USB flash drives or SD card reade","2 Pack OTG Host Cables for Fire TV Stick 4K, SNES Classic Mini, Alexa Streaming TV Sticks, Android Phone, Samsung Tablet, Sega Genesis, 2 in 1 Micro USB to USB Adapter OTG Cords with Micro USB Power",plug,alexa|smart,description|features|title,smart_plug:approved_identity_phrase_absent|smart_plug:identity_not_in_title_or_categories|smart_plug:wrong_product:usb adapter,,,
706d2fbe23b9979e,strong_exclusion,B07WFW85Z1,excluded,Electronics,excluded,single_device_type,"Amazon Fire HD 8 Case Tablet Slim-Fit Lightweight Smart Cover Cases with Auto Sleep/Wake for HD 8 8th Generation 2018 / 7th Generation 2017 / 6th Generation 2016, (New Gold),Not Suit for 10th 2020 Release Fire HD 8 & 8 Plus 2020",Computers,"Electronics Computers & Accessories Tablet Accessories Bags, Cases & Sleeves Cases","Automatically Wake/Sleep & Magnetic Closure. Specifically designed for Amazon Fire HD 8 tablet (8"" Display, 7th and 8th Generation Tablets, 2017 and 2018 Releases). Also Compatible with Fire HD 8 Previous 6th (2016 Release),Not Suit for 10th 2020 Release,Fire HD 8 & 8 Plus 2020 Kickstand Function: This multifunction co","Our This Slim, Form-fitting Fabric Case Perfectly Designed for Your Precious All-New Amazon Fire HD 8 Tablet, Features a Combination of Functionality and Style. Made of Rugged PC and High Quality Silicone. Provides Full Body Protection with a Comfortable and Secure Grip to Prevent Impact Accidental Drops. Features: - N",plug,smart,features|title,smart_plug:approved_identity_phrase_absent|smart_plug:identity_not_in_title_or_categories|smart_plug:wrong_product:fire hd,,,
d939a5d83766332e,strong_exclusion,B072QZQHKB,excluded,Electronics,excluded,single_device_type,Universal Smart Battery Charger - LCD Display for AA/AAA/C/D/9V Ni-MH Ni-CD Rechargeable Batteries with Claimshell Cover and Over Temperature Protection,Home Audio & Theater,,"Multi-Function: Independent charging slot. It can random charge up to 4 batteries of AA/AAA/C/D size, or 2 batteries of 9V Ni-MH/Ni-CD rechargeable batteries at the same time. One battery charged at one time is workable. LCD Display: You can observe the charging process of the batteries directly & clearly through the L",Technical Specifications Product Dimensions: 19.5 cm x 9 cm x 5 cmApplicable Batteries: Ni-MH/NI-Cd batteryBattery Sizes: AA/AAA/C/D/9VInput: 100 – 240 V AC 50/60 HzOutput: 1.2 V DC: 1000 – 1800 mA9V DC: 25 mAAA/AAA/C/D: 1000 – 1800 mA Estimated Charging Time: 9V <12 hoursAA <5 hoursAAA <5 hoursC <5 hoursD <5 hours Pac,plug|smart switch,smart,description|features|title,smart_plug:approved_identity_phrase_absent|smart_plug:identity_not_in_title_or_categories|smart_switch:approved_identity_phrase_absent|smart_switch:identity_not_in_title_or_categories|smart_switch:required_target_context_absent,,,
1bf5ddf227740e8e,strong_exclusion,B00V43Y9EU,excluded,Electronics,excluded,single_device_type,"Kasda AC1750 Dual Band Wireless Router, Long Range High Power WiFi Router with Gigabit Ethernet, Dual Core Processor for High Performance with USB2.0 / USB3.0 (KA1750 Link Genius)",All Electronics,Electronics Computers & Accessories Networking Products Routers,"High compatibility with all b/g/n/ac Wi-Fi devices, computer OS and browsers AC Dual-band WiFi speed up to 1750Mbps, with 4 x 10/100M/1000Mbps Gigabit Ethernet Ports, USB2.0&USB3.0 Host Ports Quick Setup Wizard via webpage for easy installation, no CD or driver required Separated guest WiFi network for both 2.4GHz and ","Compatibility: The router supports all b/g/n/ac Wi-Fi devices such as laptop, iphone, ipad, android phone and tablet, kindle, wifi printer, wifi camera and Wi-Fi extender…etc. Compatible with modems from all service providers in US, works with all OS like Windows 7, 8, 10 Vista, XP, Mac…etc and all browsers like IE, fi",plug,wi fi|wifi,description|features|title,smart_plug:approved_identity_phrase_absent|smart_plug:identity_not_in_title_or_categories|smart_plug:wrong_product:router,,,
27c680ef1bc1409a,strong_exclusion,B0B9SDCKRY,excluded,Electronics,excluded,single_device_type,"[Apple MFi Certified] Lightning to HDMI Adapter for iPhone to TV, Lightning to HDMI for iPhone/iPad/iPad, 2K Sync Screen Connector Directly Connect on HDTV/Monitor/Projector (6.6ft,Red)",All Electronics,Electronics Computers & Accessories Computer Accessories & Peripherals Computer Cable Adapters DVI-HDMI Adapters,"【Upgraded Lightning to HDMI】This lightning to hdmi adapter supports mirroring of what is display on your iPhone, iPad and iPod (including video,TV program, apps, website, presentations, slide shows, movies, games, pics etc) to your HDMI equipped devices (like TV, Projector or Monitor,etc) to enjoy the larger and cleare","Lightning to HDMI Adapter, Lightning Digital AV Adapter 2K iPhone to HDMI Adapter for Select iPhone iPad and iPod Models and HDTV Monitor Projector - No Need Power (Red, 6.6ft) Why Choose the hdmi iphone adapter for tv ? Apple MFi Certified With the Apple MFi Certified Intelligent Chip Inside.No Error Message Pops Up U",plug,wifi,description|features,smart_plug:approved_identity_phrase_absent|smart_plug:identity_not_in_title_or_categories,,,
d4f7ea7b3d09b3a1,strong_exclusion,B088PHZ4VR,excluded,Electronics,excluded,single_device_type,"Thopeb Webcam with Microphone - 1080P HD USB Computer Notebook Camera, Streaming Webcam for Video Calling and Recording, Web Camera Built-in Mic for Laptop Desktop.",All Electronics,Electronics Computers & Accessories Computer Accessories & Peripherals Audio & Video Accessories Webcams & VoIP Equipment Webcams,"【1080P Full HD Webcam】- Built-in Mic Notebook Camera & Light Correction.1080P web camera delivers Crisp Image and Crystal Clear Video at 30fps, 2 million high-definition image sensor,low light correction makes your video clearer and brighter than ordinary 720P webcam.Please kindly tear off the protective file before us","2020 New Version Professional Full hd 1080p webcam crystal clear at a fluid 30fps. And built-in omnidirectional microphones pick up your voice and filter out background noise, enabling you to enjoy clearer voice for hassle-free communication. Feature: - Its plug and play setup through the simple USB interface makes it ",plug,smart,description|features,smart_plug:approved_identity_phrase_absent|smart_plug:identity_not_in_title_or_categories|smart_plug:wrong_product:camera,,,
586ea3f782f2f16d,strong_exclusion,B09TXFFFPH,excluded,Electronics,excluded,single_device_type,"VENZ Security Camera, 1080P HD Indoor WiFi Camera with Motion Detection, Two-Way Audio, Cloud & SD Card Storage, Baby Monitor Compatible with Alexa & Google Home, White-H2, 4.57 x 2.48 x 2.48 inch",Industrial & Scientific,Electronics Camera & Photo Video Surveillance Surveillance Cameras Dome Cameras,🦄 AI Detection Alerts - An indoor home security camera with instant motion detection is necessary and important for our life. Set activity zone to receive notification of events that matter. Get alerts on your smartphone whenever motion is detected or customize motion detection zones so you can see what matters most. 🦄,,plug,alexa|google home|wi fi|wifi,features|title,smart_plug:approved_identity_phrase_absent|smart_plug:identity_not_in_title_or_categories|smart_plug:wrong_product:camera|smart_plug:wrong_product:cameras|smart_plug:wrong_product:security camera,,,
0ec7a682c49fdd38,strong_exclusion,B0C58FXDFJ,excluded,Home_and_Kitchen,excluded,single_device_type,"Rolanstar Computer Desk 59"" with LED Lights & Power Outlets, Home Office Desk with Monitor Shelf, Gaming Desk, Writing Desk, Study Desk for Student & Kids, Carbon Fiber Sufrface Black",Amazon Home,Home & Kitchen Furniture Home Office Furniture Home Office Desks,"Convenient Power Outlets & Safe: This computer desk is equipped with 2-Outlet & 2 USB Ports & 1 Type C Port. The charging design allows you to charge your phone, tablet, laptop and other electronic devices without having to walk around, UL certified and ETL safety certified, feel free to use them Cool & Smart LED RGB L",,outlet,app control|smart,features,smart_plug:approved_identity_phrase_absent|smart_plug:identity_not_in_title_or_categories,,,
f9f8d0c7ec35ed5f,strong_exclusion,B07J4Z32V5,excluded,Home_and_Kitchen,excluded,single_device_type,"GE 20-Count 100 LED Twinkling Ice Crystal Icicle Set, Crystal White",Amazon Home,Home & Kitchen Seasonal Décor Seasonal Lighting Indoor String Lights,"Make your home twinkle this holiday season with these Crysal White Icicles! GE 20 Count 100 LED 9.5' Long Twinkling Ice Crystal Icicle Set for Indoor / Outdoor use Energy Smart: Up to 80% Energy Savings, this Random Sparkle Effect Set continues to operate even if a bulb is burned out or loose You can Connect up to 25 S","GE 20 Count 100 LED Twinkling Ice Crystal Icicle Set. Color: Crystal White. 9.5' Length. Indoor / Outdoor.-Energy Smart Random Sparkle: Sparkle Effect Set continues to operate even if a bulb is burned out or loose-Up to 80% Energy Savings The GE 20-Count 100 LED Twinkling Ice Crystal Icicle Set, Crystal White, Energy S",bulb,smart,description|features,smart_bulb:approved_identity_phrase_absent|smart_bulb:identity_not_in_title_or_categories,,,
de180d557fee4608,strong_exclusion,B0B9ZZCGW9,excluded,Home_and_Kitchen,excluded,single_device_type,yahava Portable Air Conditioner Neck Fan 3 Cooling Plates Personal Fan Two 2 Speeds Angle Adjustable Fan with 10000mAh Power Bank,Amazon Home,"Home & Kitchen Heating, Cooling & Air Quality Household Fans Personal Fans","[No Blow Air & Semiconductor Technology]:Compared other traditional neck fan,this neck cooler adopt advanced refrigeration tech which can reach the instantly cooling on the one second.Kindly remind that it cannot blow air,do not have fan duct,the cooling effect like putting the ice cubes on your neck. [Three Cooling Pl",,plug,smart,features,smart_plug:approved_identity_phrase_absent|smart_plug:identity_not_in_title_or_categories,,,
08b02d7f32cd768f,strong_exclusion,B08LW6PYQ8,excluded,Home_and_Kitchen,excluded,single_device_type,Ner Mitzvah LED Electric Hanukkah Menorah - Color Changing LED Tree of Life Chanukah Menorah with Remote - Battery or USB Powered - Included - Silver,Amazon Home,Home & Kitchen Home Décor Products Candles & Holders Candleholders Menorahs,"LED MULTICOLORED PARTY DÉCOR: Decorative Color Changing Tree of Life Light-Up Menora for a Chanukkah and Holiday Desk Decoration and Hanukkah gift. INNOVATIVE TECHNOLOGY: Features 3D visual effect, with remote control to choose the day, change flame color - 4 flashing color options, and timer options - 1 hour, 4 hour, ","AN LED HIGH TECH HANUKKAH LIGHT UP MENORAH THAT PEOPLE OF ALL AGES WILL ENJOY Decorative Color Changing Tree of Life Light-Up Menora for a Chanukkah and Holiday Desk Decoration and Hanukkah gift. LED MULTICOLORED PARTY DECOR: Great for office desk decoration, holiday party decor, flashing with 4 Color options, this cen",plug,smart,description|features,smart_plug:approved_identity_phrase_absent|smart_plug:identity_not_in_title_or_categories,,,
d7626074764aff8a,strong_exclusion,B0BZRS59KV,excluded,Home_and_Kitchen,excluded,single_device_type,"Okaysou Humidifiers, 6L Smart Humidifier and Diffuser for Bedroom Large Room W/Remote Control, Filterless, 50 Hour Top Fill Cool Mist Humidifiers with Humidistat for Babies, Plant, Sleep Mode, Timer",Amazon Home,"Home & Kitchen Heating, Cooling & Air Quality Humidifiers","High-Capacity Comfort Humidifier - Holding up 6 liters (1.6 Gallon) of water, the cool mist humidifier for a large room, bedroom, nursery, and whole house. Lasts up 50 hours , saving you the trouble of frequent refills. This humidifier includes 2 fully rotaing mist outlet, easy to control the direction of the mist. Eas",,outlet,smart,features|title,smart_plug:approved_identity_phrase_absent|smart_plug:identity_not_in_title_or_categories|smart_plug:wrong_product:humidifier,,,
7849b9e7fa93be68,strong_exclusion,B08HS35KZ5,excluded,Home_and_Kitchen,excluded,single_device_type,"Joseph Joseph 85059 Wash & Drain Wash Basin Dishpan with Draining Plug Carry Handles 12.4-in x 12.2-in x 7.5-in, Green",Amazon Home,Home & Kitchen New Arrivals for Your Home,Wash basin comes with integrated plug and strainer. Twist the plug to strain food scraps or remove the plug to completely drain the wash basin. Sturdy handle and light weight allows it to be easily carried. Steep sides help keep water and soapsuds inside the basin. Helps you to use less water. Great for home use and ca,"Wash&Drain by Joseph Joseph Dishwashing bowl with straining plug This basic piece of kitchen equipment is given a stylish and practical update with a smart, thoughtful design. It has an integrated plug which means water can be quickly drained away, eliminating the problem of lifting and emptying a heavy bowl. The plug ",plug,smart,description|features|title,smart_plug:approved_identity_phrase_absent|smart_plug:smart_evidence_not_in_title_or_categories,,,
62eb5156ab6ef86d,strong_exclusion,B0BY2Z9K2N,excluded,Electronics,excluded,single_device_type,"Eleacc 5.2 Wireless CarPlay Adapter 2023 Newest 5G Chip Box for iPhone, Fastest Apple Car Play Dongle for All Factory Wired CarPlay Cars, Auto Connect No Delay Online Update, USB/Type C 2Cables, U2-Pr",All Electronics,Electronics Car & Vehicle Electronics Car Electronics Car Video In-Dash Navigation,"【Fastest Mini Wireless CarPlay Dongle】Upgraded with New type IC CarPlay Dongle 5.8Ghz Wi-Fi support & 5.2 Bluetooth & a 5G U2 Dual-Core running at chip, low power, and anti-interference, which uses Next generation & Signal Filter Technology to keep the connection continuously and reliably. Giving you a more stable and ",2023 Newest updated version wireless carplay adapter,plug,wi fi|wifi,features,smart_plug:approved_identity_phrase_absent|smart_plug:identity_not_in_title_or_categories|smart_plug:wrong_product:carplay,,,
a33d8f11dc11f0dd,strong_exclusion,B08TBW1N1C,excluded,Electronics,excluded,single_device_type,【Newest 2021】 WiFi Extender Signal Booster High Speed WiFi Range Extender Repeater Wireless Internet Superbooster Amplifier Covers up to 15 Devices with 2 External Antennas,Computers,Electronics Computers & Accessories Networking Products Repeaters,"★ High Speed and Wide Range--With high-performance 300 Mbps and 2.4 GHz Processor, this mini wifi booster can offer super high speed for your internet. The high-gain advanced antennas make the wifi range wider. It will extend your wireless network coverage to 2400 sq.ft for about 15 devices. There is no more wifi dead ",,plug,smart|wifi,features|title,smart_plug:approved_identity_phrase_absent|smart_plug:identity_not_in_title_or_categories|smart_plug:wrong_product:range extender,,,
320c6fe56ceb36b5,strong_exclusion,B08FGQDRT3,excluded,Electronics,excluded,single_device_type,"30W Charger Adapter for Samsung Galaxy A12 A32 A42 A52 5G,Tab A 10.1 8.0 2019/10.5 2018/8.4 2020,Tab S7 S7+ S6/Lite S5e S4,A20E A30,M31 M21 M30,Quick Charge 3.0 USB Plug Wall Charging Block +2M Cable",Industrial & Scientific,Electronics Computers & Accessories Tablet Accessories Chargers & Adapters,"✔【Best 2 in 1 Type C Charger Kit】: You will get 3 USB Port 30W(QC 3.0+2.4A) wall charger and 6Ft USB Type C Cable to charge your phones. ★★★30W QC 3.0 Wall Charger supports fast charging for wireless chargers, iPhone, iPad, Samsung galaxy S20 S10 S9 S8 Plus S7 Note 10 9 8,, LG,Motorola, MP3 players, Power Bank. ✔【Fast ","Quick Charge 3.0 USB Charger and 3 USB Ports Charger This 3-port wall charger is one of the most versatile wall chargers on the market and that’s because it basically uses 2 different charging ports. There are two USB ports with 5V/2.4A charging speed, and the other one uses Quick Charge 3.0 which delivers up to 3A cha",plug,smart,features|title,smart_plug:approved_identity_phrase_absent|smart_plug:smart_evidence_not_in_title_or_categories,,,
713751e45dc41087,strong_exclusion,B0B935VPJ9,excluded,Electronics,excluded,single_device_type,"HAWKRAY Wireless Indoor Security Camera, 3MP 2K Resolution 3X Digital Zoom，Battery Powered WiFi（2.4G only Cameras for Home Security System, Day/Night Auto Switch, Motion Detection",Camera & Photo,Electronics Security & Surveillance,"【PIR Motion Detection & AI Recognition】: The wireless battery WiFi security cameras with advanced AI technology, can distinguish humans, pets, and vehicles based on the monitoring target you set in App, and send you notifications that really matter. Upgraded PIR sensor sends you real-time alerts when motion is detected",,switch,alexa|wifi,features|title,smart_switch:approved_identity_phrase_absent|smart_switch:required_target_context_absent,,,
a61d077c160838ba,strong_exclusion,B00006HX9Q,excluded,Electronics,excluded,single_device_type,3Com 11Mbps Wireless LAN PC Card with XJACK Antenna,All Electronics,Electronics Television & Video Accessories Antennas TV Antennas,"802.1x support provides user authentication through a RADIUS server 3Com Wireless LAN Manager enables easy configuration Patented XJACK antenna with smart switch extends for excellent WLAN performance and conveniently retracts to activate power-save mode, preserve battery life, and protect the antenna Country configura",Product description 3COM 3CRWE62092B wireless 11 MBps LAN PC Card 2.4 GHZ Network adapter with jack Amazon.com,smart switch,smart,features,smart_switch:approved_identity_phrase_absent|smart_switch:identity_not_in_title_or_categories|smart_switch:required_target_context_absent,,,
b8b308d2d170b6b7,strong_exclusion,B0BTCQ5JBZ,excluded,Electronics,excluded,single_device_type,Open Ear Clip Bone Conduction Headphones Wireless Bluetooth Clip On Headset Open Ear Earbuds Head Phones Bone Conduction Earbuds Head Set Bone Conducting Headphones Induction Earphones,All Electronics,"Electronics Headphones, Earbuds & Accessories Headphones & Earbuds Earbud Headphones","《Open Ear Design Bone Conducting Technology》 Earbuds that don't go in your ear,Bone conduction bluetooth headphones deliver premium sound through the cheekbones. In contrast to over-ear headphones, wireless running headphones make you a burden-free wearing. It can avoid some dangerous situations from happening as you c","Open Ear Bone conduction Headphones Bluetooth 5.3 BORN FOR SPORTS - A more comfortable music listening experience! Features: 1.Comfortable to wear：Bone conduction earbuds use a silicone material is very comfortable to wear and weight is very light and small, Open ear earbuds are suitable for small ears or for people wi",plug,smart,features,smart_plug:approved_identity_phrase_absent|smart_plug:identity_not_in_title_or_categories,,,
29fb593164d68b56,strong_exclusion,B09J299M9G,excluded,Electronics,excluded,single_device_type,"Dionlink N300 WiFi Unlocked 4G LTE Modem Router with SIM Card Slot, 300Mbps WiFi, LTE Cat4, EC25-AF Qualcomm Chipset, 5dBi High Gain Antennas, Plug and Play, LT210J",All Electronics,Electronics Computers & Accessories Networking Products Routers,"۞ Works with Major 4G providers. Insert a SIM card from AT&T, T-Mobile to get download speeds up to 150Mbps. Simply insert a SIM card and get all your Wi-Fi devices connected to the internet, very convenient for places where cable internet is unavailable, such as your holiday cabins or remote cameras. Fully support 4G ",,plug,wi fi|wifi,features|title,smart_plug:approved_identity_phrase_absent|smart_plug:wrong_product:plug and play|smart_plug:wrong_product:router,,,
ec27590ab3b9c5c4,strong_exclusion,B07DNB1M4H,excluded,Electronics,excluded,single_device_type,DophiGo 1080P Dome 360 Wireless Baby Monitor,Camera & Photo,Electronics Camera & Photo Video Surveillance Surveillance Cameras Dome Cameras,"【1080P HD video】Be capable of delivering high-quality HD imagery in 1080P, HD IP camera allows you to record more details and cover more space without losing any details. 【Day & Night Vision】Day and night auto switch infrared LEDs, auto IR-LED for night vision, provide security even in darkness. 【Two Way Audio】Built-in","Description The P2P(Plug and Play) Megapixel Wireless IP Camera features high definition 1080p video resolution, h.264 video compression, 5x Digital Zoom built-in DVR via SD card (up to 32GB), two-way audio, wifi capability, pan/tilt, remote internet viewing, motion detection, night vision as well as network video reco",plug,wi fi|wifi,description,smart_plug:approved_identity_phrase_absent|smart_plug:identity_not_in_title_or_categories|smart_plug:wrong_product:camera|smart_plug:wrong_product:cameras,,,
cc2bbd6408d25946,strong_exclusion,B07TXGPNN2,excluded,Electronics,excluded,single_device_type,"Power Strip Surge Protector, VASTFAFA Desktop Charging Station 6 Outlets and 2 USB 4.5Ft Extension Cord Flat Plug Power Strip, Multiple Protection Wall Mount for Home/Office (Black)",All Electronics,Electronics Accessories & Supplies Power Strips & Surge Protectors Power Strips,"▶UPGRADED USB PORTS: Built-in IC, the surge protector will detect your devices intelligently to deliver the fastest possible charging speed.(5V/2.4A*2 USB) ▶BIG EXPANSION: Surge protector with long cord and 6 outlets, meet all your charging requirements for home, office, kitchen appliances like TV, speakers, DVD, compu","Power Strip Surge Protector with 4.5 Ft Extension Cord 6 AC Outlets + 2 USB 2 High Speed USB Chargers for USB Devices With built-in smart IC technology, 2 USB ports provide max up to 5V/2.4A to each USB chargers( Total 3.4A), Perfect for smart phones, bluetooth, ect. Widely Spaced AC Outlets There are 5 general wide 1.",outlet|plug|power strip,smart,description|features|title,global:accessory_primary_identity:extension cord|smart_plug:approved_identity_phrase_absent|smart_plug:conditional_without_specific_smart_control_evidence|smart_plug:smart_evidence_not_in_title_or_categories|smart_plug:wrong_product:wall mount,,,
b5367dc1e9fd1552,strong_exclusion,B00WU2TJBC,excluded,Electronics,excluded,single_device_type,"Creativecase Car Cassette Adapter for Smart Phone, Car Audio 3.5mm Stereo Plug,Aux Cassette Adapter Compatible with iPhone/Android phone/MP3/MP4/CD/MD/PC(Black)",,Electronics Portable Audio & Video MP3 & MP4 Player Accessories Cassette Player Adapters,"Amazing features:Suitable for car and recorder which can play cassette to get entertainment while driving,3.5mm plug is able to connect various devices,such as iPhone/Android phone/MP3/MP4/CD/MD/PC. Great functions:Insert the 3.5mm plug to android phone/ iPhone/iPod/ MP3/CD Player/PC after turning stereo into FM radio ",,plug,smart,features|title,smart_plug:approved_identity_phrase_absent,,,
c73d37969102f55b,strong_exclusion,B07RRJB26F,excluded,Home_and_Kitchen,excluded,single_device_type,Yoolax Motorized Hardwire Motor Roller Shades (Roman-1),Amazon Home,Home & Kitchen Home Décor Products Window Treatments Blinds & Shades,"Fabric Material: 100% Blackout Waterproof Vinyl fabric, safe and harmless. Easy to clean up, block strong sunlight into the room and protect the health and privacy. Great choice for kitchen, office, not very suitable for bedroom. This product is a decent window treatments. Smart Hardwired Motor: Work under 100V-220V, w",,plug|socket,alexa|app control|google home|smart|smartthings|tuya|voice control,features,smart_plug:approved_identity_phrase_absent|smart_plug:identity_not_in_title_or_categories,,,
7eaf47ceaf339a38,strong_exclusion,B09NNH6924,excluded,Electronics,excluded,single_device_type,"GPS Navigation for Car, Latest 2022 Map 7 inch Touch Screen Car GPS 256-8GB, Voice Turn Direction Guidance, Support Speed and Red Light Warning, Pre-Installed North America Lifetime map Free Update…",GPS & Navigation,Electronics Car & Vehicle Electronics Car Electronics Car Video In-Dash Navigation,"【Lifetime Map Updated for Free】Pre-installed with the most up-to-date 101 countries 2019 North America map, which has 2D / 3D map display. Provide with lifetime free map updates on our Aonerex website. If you need to update North America Map, please contact us to download. (Downloadable but not pre-installed maps: Euro","🚘🚘Select the Professional High-quality GPS Navigation for your love car, You just not only select the perfect product ,but also best service Leesion Team will offer the best support for you. Just Enjoy Your Driving OTHER IMPORTANT FUNCTION OF GPS NAVIGATION ❶Support Postcode, Address, Coordinates and POI Search (Please",plug,smart,description|features,smart_plug:approved_identity_phrase_absent|smart_plug:identity_not_in_title_or_categories,,,
bdf70d105759cbf3,strong_exclusion,B0033WSDYC,excluded,Electronics,excluded,single_device_type,"Sangean DDR-63 All-in-One Table Top with WiFi Internet, FM-RDS/Aux In/ CD/USB/iPod Cradle in Acoustically Designed Wooden Cabinet WITH FREE BLUETOOTH MUSIC RECEIVER Black",Home Audio & Theater,Electronics Car & Vehicle Electronics Car Electronics Car Audio Car Stereo Receivers,"All In One, Internet Radio/FM-RDS/Aux-In/CD/USB/SD/iPod Dock Table Top Radio Includes Free Bluetooth Music Receiver The Plug & Play Bluetooth Receiver allows you to stream your music to the DDR-63 10 FM Station Presets and 10 Station Presets for internet Radio WiFi Internet Radio (over 15,000 Stations available worldwi","Product Description DDR-63 Internet Radio/FM-RDS/AuxIn/CD/USB/SD/iPod Cradle All -in-One Tabletop Wooden Cabinet Musical System transforms your listening experience. Featuring more choices, crystal-clear sound, the new DDR-63 all-in-one musical system lets you enjoy your music the way it was meant to be heard. Made for",plug,wi fi|wifi,description|features|title,smart_plug:approved_identity_phrase_absent|smart_plug:identity_not_in_title_or_categories,,,
402310c9d443383d,strong_exclusion,B01N59LL8R,excluded,Electronics,excluded,single_device_type,Intel BX80677I37300 7th Gen Core Desktop Processors,Computers,Electronics Computers & Accessories Computer Components Internal Components CPU Processors,Socket LGA 1151 Supports Intel Optane Memory Technology Intel HD Graphics 630 NOTE: Kindly find the compatibility chart in the Specification Sheet under Product Information,"Are you amazed by the things you can do with your computer? . If you bought your computer more than a handful of years ago, you're missing more than you know - uncompromised gaming, while you stream, chat and share with your community - stunning visuals of 4K HDR premium content - transport into a great VR experience. ",socket,smart,description|features,smart_plug:approved_identity_phrase_absent|smart_plug:identity_not_in_title_or_categories,,,
20d913e348df814f,strong_exclusion,B0057IRWLK,excluded,Electronics,excluded,single_device_type,"BM Premium LP-E10 Battery and Charger Kit for Canon EOS Rebel T3, T5, T6, T7, Kiss X50, Kiss X70, EOS 1100D, EOS 1200D, EOS 1300D, EOS 2000D Digital Camera",All Electronics,Electronics Camera & Photo Accessories Batteries & Chargers Battery Chargers Camera,"LP-E10 Li-ion Battery for Canon EOS Rebel T3, T5, T6, T7, Kiss X50, Kiss X70, EOS 1100D, EOS 1200D, EOS 1300D, EOS 2000D Digital Camera Battery Specifications - Energy Storage Capacity: 1100mAh /Voltage: 7.4 volts/ WH: 8.1Wh - New fully decoded chip works just like the original.(gives time left and does not need a spec",,plug,smart,features,smart_plug:approved_identity_phrase_absent|smart_plug:identity_not_in_title_or_categories|smart_plug:wrong_product:camera,,,
febf89025a5a52b6,strong_exclusion,B0072O2Z0K,excluded,Electronics,excluded,single_device_type,Rapoo 5.8Ghz Mini Wireless Mouse (3300P Black),Computers,"Electronics Computers & Accessories Computer Accessories & Peripherals Keyboards, Mice & Accessories Mice","Note : In case of Wireless mouse, the USB receiver will be provided inside or along with the mouse","Reliable 5.8Ghz Wireless. The latest technology runs at 2.4x higher frequency than 2.4G, faster, more stable than 2.4G and far away from the interference of 2.4 GHz wireless, bluetooth and WIFI device Up to 6 months battery life. With Rapoo's latest energy saving technology and power switch, you can use your mouse with",plug,wifi,description,smart_plug:approved_identity_phrase_absent|smart_plug:identity_not_in_title_or_categories,,,
0b03d5856d5edaa3,strong_exclusion,B0BDYH9FDY,excluded,Home_and_Kitchen,excluded,single_device_type,Automatic Soap Dispenser Foaming Wall Mount Foam Touchless Smart Electric 3-Gear Adjustable Waterproof White,Amazon Home,Home & Kitchen Bath Bathroom Accessories Holders & Dispensers Dispensers Countertop Soap Dispensers,"THREE-STOP BUBBLE VOLUME: The soap dispenser adjustable volume control has three levels of bubble output (0.6s, 1s, 1.5s), which can meet the different dosage needs of adults and children. Adjust as you like. Upgraded infrared sensor chip, accurate identification, no fear of strong light (recommended to install on the ","Every Upgrade Is For A Better User Experience! 1. The first generation: ordinary automatic soap dispenser Disadvantages: Need to use matching hand sanitizer, can not replace other cleaning liquids, can not meet the different needs of customers. 2. Second generation: automatic soap dispenser with changeable liquid Disad",outlet,smart,features|title,smart_plug:approved_identity_phrase_absent|smart_plug:identity_not_in_title_or_categories|smart_plug:wrong_product:wall mount,,,
1c6ad3213084b18d,strong_exclusion,B0728L21GZ,excluded,Electronics,excluded,single_device_type,"Comsoon Bluetooth FM Transmitter, Bluetooth Receiver MP3 Player Wireless In-Car Stereo Radio Adapter Car Kit Hands Free Calling, Dual USB Ports Charge 5V/2.4A & 1A",Cell Phones & Accessories,Electronics Car & Vehicle Electronics Vehicle Electronics Accessories Audio & Video Accessories Bluetooth Car Kits,"PLUG and PLAY: Plug it into the cigarette lighter socket, turn your car FM radio on, find an empty frequency, and match it to this transmitter; Pair it with your phone via Bluetooth, then there you go! HANDS-FREE CALL: High-performance microphone with Noise Suppression (CVC) technology, grants crystal clear call while ",,plug|socket,smart,features,smart_plug:approved_identity_phrase_absent|smart_plug:identity_not_in_title_or_categories,,,
cf6500ecac406ae5,strong_exclusion,B0B4BH722L,excluded,Electronics,excluded,single_device_type,"4PCS Electricity Power Energy Saver, 30000W Smart Home Electricity Energy Saving Device Power Saver Voltage Stabilizer for House Office Factory(US Plug)",All Electronics,Electronics Accessories & Supplies Power Strips & Surge Protectors Power Strips,"AUTOMATIC ENERGY SAVING: Power saver automatically helps you save daily energy waste, save money, and be safe and reliable. Gr SURGE PROTECTION: Voltage regulation, balance current, surge protection, to achieve the effect of power saving, effectively prevent overheating of electrical appliances, and prolong the service",How to Use: Plug and Play Specification: Item Type: Smart Electric Box Energy Saver Material: ABS Model: SD 001 Plug Voltage: AC 90-250V Rated Frequency: 50-60Hz Effective Load: 30000W Package List: 4 x Smart Electric Box Energy Saver 4 x User Manual,outlet|plug,smart,description|features|title,smart_plug:approved_identity_phrase_absent|smart_plug:wrong_product:power saver,,,
8fcb2fd3c3d09994,strong_exclusion,B003VANRAQ,excluded,Electronics,excluded,single_device_type,Intel Core i5-760 Processor 2.8 GHz 8 MB Cache Socket LGA1156,All Electronics,Electronics Computers & Accessories Computer Components Internal Components CPU Processors,"2.80 GHz, up to 3.33 GHz Max Turbo Frequency with 8 MB Intel Smart Cache Supports up to 16 GB of dual-channel DDR3-1066/1333 Quad-core with four-way multi-task processing Requires a motherboard with a LGA1156 socket 95 watt TDP","For the first time, there is a smart family of processors that can provide extra performance when you need it, and increased energy efficiency when you don’t. Intel Core i5 760 Processor 2.80 GHz with 8 MB L3 shared cache. Features Intel Turbo Boost Technology which accelerates your performance to match your workload, ",socket,smart,description|features|title,smart_plug:approved_identity_phrase_absent|smart_plug:smart_evidence_not_in_title_or_categories,,,
26ae5bc21f0b16ff,strong_exclusion,B00121XJKE,excluded,Electronics,excluded,single_device_type,CTA Digital HDMI Smart 4 Port Mini Switch,Home Audio & Theater,Electronics Home Audio Home Audio Accessories Distribution Selector Switch Boxes,Small compact size Smooth matte finish Switches conveniently among most HDMI Sources Each port supports HDMI or DVI inputs Maintains highest HDMI digital audio and video signal,"The HDMI Smart Switch, from CTA Digital, efficiently changes signal control from multiple devices to your HDMI display source. With this compact unit you will be able to switch from watching your favorite DVD, satellite programming, HDMI device or playing your PS3 without having to unplug cables from the back of your H",plug|smart switch|switch,smart,categories|description|title,smart_plug:approved_identity_phrase_absent|smart_plug:identity_not_in_title_or_categories|smart_switch:approved_identity_phrase_absent|smart_switch:required_target_context_absent|smart_switch:wrong_product:port,,,
e7546b33ff701afe,strong_exclusion,B0BNQLJ719,excluded,Home_and_Kitchen,excluded,single_device_type,"Aocktobar Heated Blanket Electric Blanket Throw, 1-8H Auto Off & 6 Heating Levels with OverHeat Protection, Soft Cozy Flannel & Sherpa Blanket, Machine Washable, ETL&FCC Certification, 50""x60"", Grey",Amazon Home,Home & Kitchen Bedding Blankets & Throws Electric Blankets,【6 Heating Levels & 1-8 Hours Auto Shut Off】Use the controller to choose from 6 heating levels and 1-8 hours auto shut off. Equipped with a digital display that shows the temperature level and customized time of Aocktobar heated blanket. You can freely choose the temperature level and control time according to your pre,,outlet|plug,smart,features,smart_plug:approved_identity_phrase_absent|smart_plug:identity_not_in_title_or_categories,,,
b4d76207c9692cc4,strong_exclusion,B07T5QDRFN,excluded,Electronics,excluded,single_device_type,"MSI MEG X570 GODLIKE Motherboard (AMD AM4, PCIe 4.0, DDR4, SATA 6Gb/s, Triple M.2, USB 3.2, AX Wi-Fi 6, 10G Super LAN, Extended-ATX)",Computers,Electronics Computers & Accessories Computer Components Internal Components Motherboards,Supports 2nd and 3rd Gen AMD Ryzen / Ryzen with Radeon Vega Graphics Desktop Processors for AM4 socket Ultra-fast networking support with both on-board Wi-Fi 6 (802. 11ax) and bundled 10G Super LAN card Onboard triple Lightning Gen 4 M. 2 slots and bundled M. 2 XPANDER-Z Gen 4 accessory card with two additional M. 2 sl,"Flagship 14+4+1 phases IR digital VRM and brand-new infinity design, symbolizes the unlimited performance and power. Outshine the competition with Mystic Light infinity II, dynamic dashboard, triple Lightning M. 2 with shield frozr, Xtreme audio DAC and Killer Xtend with 2. 5G LAN Plus Wi-Fi 6 solution.",socket,wi fi,description|features|title,smart_plug:approved_identity_phrase_absent|smart_plug:identity_not_in_title_or_categories|smart_plug:wrong_product:atx|smart_plug:wrong_product:motherboard,,,
b2dd93786fa387ed,strong_exclusion,B07BSSWPG1,excluded,Electronics,excluded,single_device_type,"Cute Animal Rechargeable Portable Speaker with Passive Subwoofer (Groove Pal Owl) Speaker for Kids by GOgroove - Stereo Drivers, Retractable 3.5mm AUX Cable - Plug Into Tablets, Phones, & More",All Electronics,Electronics Portable Audio & Video MP3 & MP4 Player Accessories,"GOgroove Groove Pal stereo speaker works with Contixo 7” / Dragon Touch 7"" / Ematic Fun Tab 2 / Fisher-Price Fun-2-Learn Smart Tablet / iRulu BabyPad Y1 / LeapFrog LeapPad3 / Smartab STJR76PK & More! Dual stereo drivers and passive woofer provides clear room-filling audio | Built in 3.5mm retractable wrappable audio ca",,plug,smart,features|title,smart_plug:approved_identity_phrase_absent|smart_plug:smart_evidence_not_in_title_or_categories,,,
24c2d1d0784f196b,strong_exclusion,B00XWKAC26,excluded,Electronics,excluded,single_device_type,"Cable Management Sleeve, JOTO Cable Sleeve, 3.3ft 1m Neoprene Cable Management Sleeves for PC/TV/Home Theater/Speaker [1.6 inch OD], Flexible Cable Wrap Hider, Cable Organizer",All Electronics,Electronics Accessories & Supplies Cord Management Cable Sleeves,"Manages and conceals cables while providing easy access when you need to remove one using the hook & loop solution, 1.6 inch OD when wrapped Cutouts every 2"" provide multiple entry/exit points for cables. Form-fitting neoprene stretchy material allows for multiple cables and flexibility (1.6"" OD) Easy to use, just gath","·ANTOP, TV Antenna Specialist Since 1980, leading the antenna industry. Speedy Delivery & 1 Year & 30 Days Money Back. ·ANTOP OMNIDIRECTIONAL UFO TV Antenna: New Generation Digital Tech & Aesthetically Clean Design, always keep you connected so you never miss the latest local TV programming. Try ANTOP SIGNAL MAPS Tool！",smart switch,smart,description,smart_switch:approved_identity_phrase_absent|smart_switch:identity_not_in_title_or_categories|smart_switch:required_target_context_absent,,,
8032e1f167084a56,strong_exclusion,B06X99QMNJ,excluded,Electronics,excluded,single_device_type,"USB C Adapter, InnoLife High Speed USB C to USB 3.0 Adapter(Black) for 2016 New MacBook, Chromebook Pixel, Nexus 5X, Nexus 6P, Nokia N1 Tablet and More USB C Powered Equipment",Cell Phones & Accessories,Electronics Computers & Accessories Computer Accessories & Peripherals Computer Cable Adapters USB-to-USB Adapters,"Safe and Fast USB C to USB 3.0 Convert Solution: Easiest way to convert the USB C port on your device to be USB 3.0 Compatible with All Computer with USB C Port: Specially Designed for 2016 New Mac Pro as well as other computer using type C, for example: Chromebook Pixel.etc. Aluminum Slim & compact Design: Supports US","InnoLife USB C to USB 3.0 Hub provide has been designed to provide a fast and safe USB 3 to USB 3.0 Convert Solution for Computer with USB C hub. InnoLife USB C Adapter( USB C to USB 3.0) allow you to connect one USB Mouse, USB keyboard, USB Disk, or Cellphone with your computer's USB C port in a easiest way. Applied O",plug,smart,features,smart_plug:approved_identity_phrase_absent|smart_plug:identity_not_in_title_or_categories,,,
599f047f78a36177,strong_exclusion,B07MM8QTPR,excluded,Electronics,excluded,single_device_type,"Comsoon Outlet Wall Mount Holder for Dot 3rd Generation, [Exposed Speaker, No Muffled Sound] Space-Saving Accessories for Smart Home Speaker, Clever Dot Plug Without Mess Wires or Screws",All Electronics,,,,outlet|plug,smart,title,smart_plug:approved_identity_phrase_absent|smart_plug:wrong_product:outlet wall mount|smart_plug:wrong_product:wall mount|smart_plug:wrong_product:wall mount holder,,,
3cc03a652b5787ca,strong_exclusion,B08JVJMSH4,excluded,Electronics,excluded,single_device_type,aoni A20 Full HD Webcam with Auto Focus,All Electronics,Electronics Camera & Photo Video Camcorders,A20 Full HD Webcam with Auto Focus - User Manual - aoni 1 Year Limited Warranty Provide you high definition 1080p FHD videos at up to 30 frames per second Smart autofocus webcam will provide a sharp video image and smooth change whether you are close or far from this camera 16:9 ratio gives a cinematic look to your rec,"Designed with a 65 Degree field of view, the A20 Full HD Webcam with Auto Focus from aoni is well suited for those who want to hold small meetings or gatherings in Zoom, Skype, Teams, or other programs, as this field of view is suitable to frame a single participant. Compatible with Windows, Mac, Android, Linux, and Ch",plug,smart,description|features,smart_plug:approved_identity_phrase_absent|smart_plug:identity_not_in_title_or_categories|smart_plug:wrong_product:camera,,,
63ec4c9569996a6a,strong_exclusion,B08D3CQZK4,excluded,Electronics,excluded,single_device_type,"USB Webcam with Microphone & Privacy Cover Shutter Protection, Wide Angle HD 1080P Streaming External Computer Web Camera for PC Desktop & Laptop Video Conferencing Calling, w/Mic Lens Cap Blocker",Computers,Electronics Computers & Accessories Computer Accessories & Peripherals Audio & Video Accessories Webcams & VoIP Equipment Webcams,"Experience magnificent full-HD 1080P. This USB Webcam uses a powerful CMOS 1/3” image sensor to ensure the video call is stable and smooth. Wide 110° viewing angle, no optical distortion. Great for webinars, and video calling and conferencing. The Jikobip 1080p HD Webcam comes with a Privacy Cover, close it when not in","1080P Full HD Webcam The PC webcam utilizes the Enhanced CMOS image sensor to deliver a 1080P High Definition Image and video, offering a crystal clear image quality for video call, conference, online classes, gaming, etc. With the wide 110° view angle and the advanced H.264 video compression technology, this 1080P des",plug,smart,description|features,smart_plug:approved_identity_phrase_absent|smart_plug:identity_not_in_title_or_categories|smart_plug:wrong_product:camera,,,
55f74a5d0d6eed01,strong_exclusion,B0C2L5G1FK,excluded,Electronics,excluded,single_device_type,"BINIZE CarPlay AI Box Android 12 with Netflix YouTube, 8+128G, Streaming Wireless CarPlay Android Auto to Your Car, 8 Core/4G Cellular/5G WiFi/Dual BT, Android 12 Box for Cars with OEM Wired CarPlay",,Electronics Car & Vehicle Electronics Car Electronics Car Video In-Dash Navigation,"Fast Android 12 Box for Car: This CarPlay AI box is equipped with Android 12 operating system, Qualcomm 8-core processor, 8+128GB ultra large memory, with Wi-Fi 802.11 a/b/g/n/ac, 2.4G+5G, delivering a powerful performance. You can run two applications at the same time and enjoy smooth navigation, making your driving e",,plug,wi fi|wifi,features|title,smart_plug:approved_identity_phrase_absent|smart_plug:identity_not_in_title_or_categories|smart_plug:wrong_product:android auto|smart_plug:wrong_product:carplay,,,
